group,function,parameter,stat,estimate_ns,ci_lo_ns,ci_hi_ns,confidence,elements,bytes
add,"edwards107/+= montgomery affine, 8 accumulators",,slope,47047.314183537754,46799.70472843196,47293.08932928196,0.95,1024,
add,edwards107/batch montgomery affine (tree sum),,slope,37540.6620164305,37425.918255999226,37668.864109214264,0.95,1024,
add,"edwards127/+= montgomery affine, 8 accumulators",,slope,49279.79227863511,49130.136754109226,49436.75566795872,0.95,1024,
add,edwards127/batch montgomery affine (tree sum),,slope,41761.98887801093,41633.44568208994,41921.07895023064,0.95,1024,
add,gf2_109/batch affine (tree sum),,slope,21963.17656896319,21904.54077630247,22025.347419601658,0.95,1024,
add,"gf2_109/extended += affine, 8 accumulators",,slope,25286.737862568345,25233.132512535398,25343.155525910603,0.95,1024,
add,"gf2_109/normalize, batched",,slope,16776.965615388406,16728.165342728076,16828.243318389563,0.95,1024,
add,"gf2_122-gls/extended += affine, 8 accumulators",,slope,23812.4174783086,23752.545510196327,23870.83076294169,0.95,1024,
add,"gf2_122-gls/normalize, batched",,slope,16671.185633811143,16635.815937392064,16712.499311152973,0.95,1024,
add,gf2_122/batch affine (tree sum),,slope,19168.525631230747,19105.43413217959,19236.729398640495,0.95,1024,
add,"gf2_122/extended += affine, 8 accumulators",,slope,26019.35770682005,25936.743791234723,26114.394196890647,0.95,1024,
add,"gf2_122/normalize, batched",,slope,17623.564284051343,17579.1360806122,17670.50397088561,0.95,1024,
add,gf2_127/batch affine (tree sum),,slope,16545.879778976407,16492.006128744095,16604.682435230465,0.95,1024,
add,"gf2_127/extended += affine, 8 accumulators",,slope,23630.311611617253,23575.680519933103,23685.605448180853,0.95,1024,
add,"ristretto255/+=, 1 accumulator",,slope,120169.7483493424,119636.88809851663,120801.90076791111,0.95,1024,
add,"ristretto255/+=, 8 accumulators",,slope,118476.48258772146,118052.95832384039,118914.67473820665,0.95,1024,
add,"ristretto255/-=, 8 accumulators",,slope,115572.9396660263,115080.49075631004,116129.85095807028,0.95,1024,
add,secp256k1/combine_keys (jacobian += affine),,slope,166023.97221220628,165517.60544728106,166604.45783586206,0.95,1024,
add,weier107/batch affine (tree sum),,slope,36788.27887361871,36636.85199527357,36950.07410581522,0.95,1024,
add,weier127/batch affine (tree sum),,slope,40222.72257035614,40089.382685000215,40369.56633220296,0.95,1024,
add,"xor-sha256/xor 32B, 1 accumulator",,slope,261.1515536472095,260.3218069548276,262.06847094784456,0.95,1024,
add,"xor-sha256/xor 32B, 8 accumulators",,slope,456.00899691053587,442.0002504958811,469.28702165948016,0.95,1024,
agm,order,,slope,483775.4708605487,481748.47991782264,485766.47977233387,0.95,,
agm,tables,,slope,1758828.8656701788,1754289.83694141,1766130.891202546,0.95,,
agm,trace,,slope,490825.6487709965,489251.184190754,492507.70303469157,0.95,,
curvegen/certify,gf2_127 agm+sieve/index 114,1,mean,25250261.65,25115731.775,25432058.84,0.95,,
curvegen/certify,gf2_127 agm+sieve/index 14,3,mean,2628279.968421052,2617297.2421052633,2640217.4473684216,0.95,,
curvegen/certify,gf2_127 agm+sieve/index 30,0,mean,5083164.454999999,5066579.162249999,5100308.54,0.95,,
curvegen/certify,gf2_127 agm+sieve/index 54,2,mean,12446908.225,12418848.884375,12484531.317499999,0.95,,
curvegen/count,edwards127,,mean,77001444.55,76895735.1,77106900.75,0.95,,
curvegen/count,edwards61x2,,mean,64090878.0,63993066.901250005,64211561.2,0.95,,
curvegen/count,gf2_127,,mean,3532997.627586207,3512118.936206896,3564871.805517242,0.95,,
curvegen/count,twisted-goldilocks2,,mean,79119065.85,78837448.65,79469340.35,0.95,,
curvegen/count,twisted61x2,,mean,70423858.15,70247141.9825,70633108.3,0.95,,
curvegen/count,twisted64x2,,mean,84719759.1,84541646.6,84914007.47500001,0.95,,
curvegen/count,weier127,,mean,87919586.2,87684290.5425,88230270.1,0.95,,
curvegen/count,weier61x2,,mean,61589396.35,61487861.3,61742969.13125,0.95,,
curvegen/embedding,edwards107,0,slope,43124.71131636859,42350.14228228895,43459.30463082651,0.95,,
curvegen/embedding,edwards127,0,slope,43276.92001748252,43161.90374138573,43433.15472243274,0.95,,
curvegen/embedding,edwards61x2,0,slope,43368.25814911481,43023.38649580595,44007.958226922034,0.95,,
curvegen/embedding,gf2_109,0,slope,43582.41589559585,43354.76456529879,43823.02714010746,0.95,,
curvegen/embedding,gf2_122,0,slope,43168.25533841159,42886.27027206664,43609.79860704885,0.95,,
curvegen/embedding,gf2_122-gls,0,slope,43750.12455074901,43236.10918445785,44206.98793110966,0.95,,
curvegen/embedding,gf2_127,0,slope,43275.818349192574,43011.238548996465,43573.23567486362,0.95,,
curvegen/embedding,twisted-goldilocks2,0,slope,42084.26209931245,41976.99750799611,42214.9467831489,0.95,,
curvegen/embedding,twisted128,0,slope,44279.39592564299,44046.39526520707,44464.64134651202,0.95,,
curvegen/embedding,twisted61x2,0,slope,43746.67083254909,43412.05340803585,44347.74779856907,0.95,,
curvegen/embedding,twisted64x2,0,slope,43284.58029729307,43177.51857352893,43356.51043888928,0.95,,
curvegen/embedding,weier107,0,slope,43553.348415835375,43310.909611559226,43676.84599879486,0.95,,
curvegen/embedding,weier127,0,slope,44448.23536080227,43714.852358328724,45083.2934882863,0.95,,
curvegen/embedding,weier61x2,0,slope,44170.582675515194,43897.35166013761,44393.06632134396,0.95,,
curvegen/find,gf2_127 agm+sieve/index 114,1,mean,24847125.75,24727025.9675,25006054.100624997,0.95,,
curvegen/find,gf2_127 agm+sieve/index 14,3,mean,2492136.485,2486601.8899999997,2500138.8825,0.95,,
curvegen/find,gf2_127 agm+sieve/index 30,0,mean,4923717.985,4902661.262999999,4948649.521625,0.95,,
curvegen/find,gf2_127 agm+sieve/index 54,2,mean,12247838.3,12186807.1075,12323132.4384375,0.95,,
curvegen/verify_accept,edwards107,0,slope,78385.051309897,78145.05204960155,78653.23462429234,0.95,,
curvegen/verify_accept,edwards127,0,slope,78331.64096344184,78041.64550930505,78662.37555534727,0.95,,
curvegen/verify_accept,edwards61x2,0,slope,82625.9251948052,82336.15706005419,83078.85434995113,0.95,,
curvegen/verify_accept,gf2_109,0,slope,74434.87935804033,74234.02976973301,74545.06140125265,0.95,,
curvegen/verify_accept,gf2_122,0,slope,70061.2145333266,69918.53007531789,70174.74588709127,0.95,,
curvegen/verify_accept,gf2_122-gls,0,slope,78346.36203537842,78047.24948174838,78580.78896986216,0.95,,
curvegen/verify_accept,gf2_127,0,slope,69949.94596403597,69803.68837174498,70090.34535464535,0.95,,
curvegen/verify_accept,twisted-goldilocks2,0,slope,83487.73316728933,82889.05207372182,84057.55111064974,0.95,,
curvegen/verify_accept,twisted128,0,slope,87512.53826173826,87292.32886881426,87979.16856883097,0.95,,
curvegen/verify_accept,twisted61x2,0,slope,80693.84378643578,80498.89489417989,81041.4157573334,0.95,,
curvegen/verify_accept,twisted64x2,0,slope,86890.42666666667,86354.7597924773,87363.53762053107,0.95,,
curvegen/verify_accept,weier107,0,slope,82412.82270365997,82102.075930959,82808.7795645531,0.95,,
curvegen/verify_accept,weier127,0,slope,91210.86,90961.23908719346,91437.50067901234,0.95,,
curvegen/verify_accept,weier61x2,0,slope,87011.72055444555,86782.99805030006,87202.05996026976,0.95,,
curvegen/verify_full,edwards107/28 rejections,0,slope,183493.91451948052,183004.98668490784,184060.18685106383,0.95,,
curvegen/verify_full,edwards127/56 rejections,0,slope,306683.21344784246,298774.5272789145,317025.550324612,0.95,,
curvegen/verify_full,edwards61x2/118 rejections,0,slope,373651.10310098063,372353.1057056626,375507.23779098596,0.95,,
curvegen/verify_full,gf2_109/198 rejections,0,slope,258407.88033395176,258048.78929705216,258823.2907518797,0.95,,
curvegen/verify_full,gf2_122-gls/60 rejections,0,slope,147115.2659405111,146798.37926649713,147437.15076730348,0.95,,
curvegen/verify_full,gf2_122/4 rejections,0,slope,73454.91944909928,73213.69882275198,73912.30344473424,0.95,,
curvegen/verify_full,gf2_127/30 rejections,0,slope,84517.11125333996,84322.76857876705,84899.41474554154,0.95,,
curvegen/verify_full,twisted-goldilocks2/32 rejections,0,slope,221410.60103270222,221042.46078353148,221969.39704253947,0.95,,
curvegen/verify_full,twisted128/4 rejections,0,slope,98276.61527553528,97965.30770807248,98715.89506610749,0.95,,
curvegen/verify_full,twisted61x2/344 rejections,0,slope,696433.8217782218,695809.0050285404,697245.3198439241,0.95,,
curvegen/verify_full,twisted64x2/36 rejections,0,slope,176519.17226890757,175981.91589486858,177001.53230392098,0.95,,
curvegen/verify_full,weier107/519 rejections,0,slope,475129.91222111223,473993.5236553229,476384.3432914885,0.95,,
curvegen/verify_full,weier127/125 rejections,0,slope,203306.2943145743,202312.8919962699,204776.67459177156,0.95,,
curvegen/verify_full,weier61x2/123 rejections,0,slope,192652.0020171318,192257.96529695197,193140.46340879347,0.95,,
digest,edwards107/batch,,slope,983847.865405645,980637.931308317,987275.4505677366,0.95,1024,
digest,edwards127/batch,,slope,1268020.187441998,1264017.5823295629,1272307.9831405787,0.95,1024,
digest,gf2_109/batch,,slope,150357.5781418227,149798.6732631848,150989.41767832713,0.95,1024,
digest,gf2_122-gls/batch,,slope,138843.74272351115,138408.9336436883,139293.4808190904,0.95,1024,
digest,gf2_122/batch,,slope,141049.90045478055,139718.52375811557,142428.70193575366,0.95,1024,
digest,gf2_127/batch,,slope,130351.0369292153,129954.27184638771,130792.27727803486,0.95,1024,
digest,ristretto255/streaming,,mean,6326970.08875,6309162.96371875,6346133.68646875,0.95,1024,
digest,secp256k1/try-and-increment + combine_keys,,mean,6495481.65,6476745.114124999,6515828.208218751,0.95,1024,
digest,weier107/batch,,slope,959265.4071183685,955368.8694388092,963502.4012165054,0.95,1024,
digest,weier127/batch,,slope,1237673.6416403132,1234481.0147512457,1241115.4890024224,0.95,1024,
digest,xor-sha256,,slope,56411.88873931541,55556.31157248898,57224.5105158553,0.95,1024,
field,fp107 schoolbook/mul latency (dependent chain),,slope,254.96021342094915,254.43521527130443,255.56472848560543,0.95,64,
field,fp107 schoolbook/mul throughput (8 chains),,slope,163.51807888063107,163.26413802761783,163.78413222316289,0.95,64,
field,fp107/add,,slope,639.8519515722761,637.5762252845423,643.6211823514599,0.95,1024,
field,fp107/batch invert (product tree),,slope,10301.293869236737,10276.058671683535,10327.33121984159,0.95,1024,
field,fp107/invert,,slope,584692.6819890646,579859.0952964667,590095.9463323673,0.95,1024,
field,fp107/mul latency (dependent chain),,slope,254.30713669542956,253.61788948997943,255.0387953509942,0.95,64,
field,fp107/mul throughput (8 chains),,slope,168.8847801947063,167.30934285576535,170.33486515633237,0.95,64,
field,fp107/neg,,slope,606.0427973652452,604.7333343210912,607.623942058719,0.95,1024,
field,fp107/pack,,slope,841.1338760129944,836.9752083974394,845.2297593969923,0.95,1024,
field,fp107/pow_p34 (x^(2^105-1)),,slope,583314.2144790897,582377.2107058389,584305.4254181823,0.95,1024,
field,fp107/sqrt (x^(2^105)),,slope,432220.6580513275,429580.4054705417,434738.6293222067,0.95,1024,
field,fp107/sqrt_ratio,,slope,611649.1967843949,607741.133040139,615655.8710984027,0.95,1024,
field,fp107/square latency (dependent chain),,slope,230.33686333781012,229.987831982237,230.69461881368179,0.95,64,
field,fp107/square throughput (8 chains),,slope,136.54516977548403,136.30327166396384,136.83090622159912,0.95,64,
field,fp107/unpack,,slope,750.2640671069103,748.6298891843878,752.0082747787067,0.95,1024,
field,fp127/add,,slope,1026.609662677119,1016.2539931809036,1038.0320446895817,0.95,1024,
field,fp127/batch invert (product tree),,slope,10459.7611848586,10361.649465267721,10564.636059007691,0.95,1024,
field,fp127/invert,,slope,590704.9598995124,589868.261548201,591580.1656139278,0.95,1024,
field,fp127/mul latency (dependent chain),,slope,275.58328314532946,274.7856708658051,276.4660405547539,0.95,64,
field,fp127/mul throughput (8 chains),,slope,172.38848070553078,171.7224614490819,173.0572565462572,0.95,64,
field,fp127/neg,,slope,913.5210302859023,910.0653957953682,917.1121346167341,0.95,1024,
field,fp127/pack,,slope,392.46540236206755,384.8805013813004,399.1769060125327,0.95,1024,
field,fp127/pow_p34 (x^(2^125-1)),,slope,592496.6438170533,589210.1902023377,596052.059036223,0.95,1024,
field,fp127/sqrt (x^(2^125)),,slope,535918.5658770504,535187.192658351,536735.5017692319,0.95,1024,
field,fp127/sqrt_ratio,,slope,605939.9984084528,604600.9295215124,607497.5867528225,0.95,1024,
field,fp127/square latency (dependent chain),,slope,272.57659191268846,271.8419440941618,273.40101586417484,0.95,64,
field,fp127/square throughput (8 chains),,slope,147.00104561937067,146.32189633605626,147.74449310575133,0.95,64,
field,fp127/unpack,,slope,717.9715702174678,716.3235677837463,720.0607934468323,0.95,1024,
field,fp128/add,,slope,732.9433938588154,730.3106601364705,735.7109586121404,0.95,1024,
field,fp128/invert,,slope,940437.0353066352,937716.5786635891,943626.38401693,0.95,1024,
field,fp128/mul latency (dependent chain),,slope,430.5241506304455,429.71048254026255,431.3664296342167,0.95,64,
field,fp128/mul throughput (8 chains),,slope,244.7517148320845,244.17525514442613,245.38036791703544,0.95,64,
field,fp128/neg,,slope,608.437573336219,606.9821867347513,610.0293865944534,0.95,1024,
field,fp128/pack,,slope,370.8288336992903,363.6537543222183,378.9932036307859,0.95,1024,
field,fp128/sqrt,,slope,911946.6518959657,909718.9768461175,914385.3090133643,0.95,1024,
field,fp128/sqrt_ratio,,slope,959550.3798138023,957980.4572884849,961272.4880619629,0.95,1024,
field,fp128/square latency (dependent chain),,slope,418.395759780271,417.3161756803761,419.5795938917034,0.95,64,
field,fp128/square throughput (8 chains),,slope,233.02736642920615,232.40317824585372,233.70337403615505,0.95,64,
field,fp128/sub,,slope,811.7375314498673,809.8610326987475,813.8744869516527,0.95,1024,
field,fp128/unpack,,slope,719.2705276521777,717.0977190755528,721.6948344358634,0.95,1024,
field,fp61x2/add,,slope,626.0999200355265,624.5354473810879,627.798677053515,0.95,1024,
field,fp61x2/batch invert (product tree),,slope,8804.28111689864,8782.009210671347,8827.317996206717,0.95,1024,
field,fp61x2/invert,,slope,180141.81371804344,179761.6228650946,180535.1186968997,0.95,1024,
field,fp61x2/mul latency (dependent chain),,slope,343.9650826582355,343.0486442378225,344.97464314886184,0.95,64,
field,fp61x2/mul throughput (8 chains),,slope,162.67994698898733,162.46492367681196,162.8981868377705,0.95,64,
field,fp61x2/neg,,slope,416.9877968744124,414.67740198055264,419.52523478047067,0.95,1024,
field,fp61x2/pack,,slope,513.3895623339272,511.0420714560175,515.7092869824003,0.95,1024,
field,fp61x2/sqrt,,slope,305562.24462686566,304928.7408677404,306237.25024546194,0.95,1024,
field,fp61x2/sqrt_ratio,,slope,301634.03325107135,301022.6308003596,302322.49687096674,0.95,1024,
field,fp61x2/square latency (dependent chain),,slope,377.43956051448464,376.5616123864124,378.6331807779371,0.95,64,
field,fp61x2/square throughput (8 chains),,slope,152.1641190003491,151.79677695929388,152.5706358852149,0.95,64,
field,fp61x2/sub,,slope,820.3923595669488,818.038294853879,822.8117023484268,0.95,1024,
field,fp61x2/unpack,,slope,1015.9399877211326,1012.779283339484,1019.4221908328193,0.95,1024,
field,fp64x2/add,,slope,614.9207779030139,613.3386192007237,616.5634559403492,0.95,1024,
field,fp64x2/batch invert (product tree),,slope,13889.832461660346,13853.9827421503,13928.883613655871,0.95,1024,
field,fp64x2/invert,,slope,247265.8501593025,246692.58549795934,247876.39624065242,0.95,1024,
field,fp64x2/mul latency (dependent chain),,slope,319.6645481966985,319.0921676943757,320.3865704545813,0.95,64,
field,fp64x2/mul throughput (8 chains),,slope,244.75273872840614,244.34325582874212,245.20103955093467,0.95,64,
field,fp64x2/neg,,slope,414.8762518955749,412.17763262602944,417.8768381773595,0.95,1024,
field,fp64x2/pack,,slope,373.8307113198255,366.98148545699615,381.61552831907795,0.95,1024,
field,fp64x2/sqrt,,slope,441658.1039633516,440647.24287521455,442727.8186731192,0.95,1024,
field,fp64x2/sqrt_ratio,,slope,441495.8740840353,440603.34376407944,442450.27197897795,0.95,1024,
field,fp64x2/square latency (dependent chain),,slope,304.38622766065566,303.8442899677903,304.9829496005751,0.95,64,
field,fp64x2/square throughput (8 chains),,slope,236.65068593316778,236.0246845528542,237.28356060294666,0.95,64,
field,fp64x2/sub,,slope,608.7014270687409,607.1505673511598,610.3863635263218,0.95,1024,
field,fp64x2/unpack,,slope,717.7393449552444,715.8704506562567,719.6518099469163,0.95,1024,
field,gf2_109/batch invert (product tree),,slope,5488.962424281234,5472.074913359243,5506.683702583269,0.95,1024,
field,gf2_109/halftrace,,slope,44906.268817120515,44783.55502347812,45040.553097700045,0.95,1024,
field,gf2_109/halftrace (byte tables),,slope,4113.901994558656,4105.375947769904,4123.184597696062,0.95,1024,
field,gf2_109/invert,,slope,503147.7305423378,501925.850098272,504426.71558977035,0.95,1024,
field,gf2_109/mul latency (dependent chain),,slope,328.1962104512973,326.4482267035419,330.2006282278957,0.95,64,
field,gf2_109/mul throughput (8 chains),,slope,87.86261925839432,87.69969288415898,88.03151087327903,0.95,64,
field,gf2_109/normalize (to_u128),,slope,812.7829778920557,810.5283315960594,815.197022693975,0.95,1024,
field,gf2_109/sqrt,,slope,7099.837000633325,7085.254002861435,7116.144745488488,0.95,1024,
field,gf2_109/square latency (dependent chain),,slope,248.55922075940845,247.89198087860603,249.2421438887503,0.95,64,
field,gf2_109/square throughput (8 chains),,slope,51.76745564355817,51.63905726835244,51.896950534977044,0.95,64,
field,gf2_109/trace,,slope,612.5127153011776,610.6787270266173,614.5143973541178,0.95,1024,
field,gf2_122/batch invert (product tree),,slope,5353.538466165293,5336.676561499117,5370.9514674029715,0.95,1024,
field,gf2_122/invert,,slope,243835.15866765185,243226.2763718385,244448.74484005405,0.95,1024,
field,gf2_122/mul latency (dependent chain),,slope,291.7759072246711,290.8675322812887,292.76945312138065,0.95,64,
field,gf2_122/mul throughput (8 chains),,slope,88.46946069400023,88.33415393230253,88.61001331027201,0.95,64,
field,gf2_122/mul_base (by a GF(2^61) constant) latency (dependent chain),,slope,237.93098751453277,237.4360975662577,238.47837537174647,0.95,64,
field,gf2_122/mul_base (by a GF(2^61) constant) throughput (8 chains),,slope,74.82610533796316,74.6775516365548,74.98011857782835,0.95,64,
field,gf2_122/mul_u2 (by a^2 = 1 + a) latency (dependent chain),,slope,8.795084062574512,8.765019091751867,8.826334900508344,0.95,64,
field,gf2_122/mul_u2 (by a^2 = 1 + a) throughput (8 chains),,slope,13.671988511836988,13.63056449548159,13.712873530979154,0.95,64,
field,gf2_122/normalize (to_u128),,slope,1414.1041360013858,1410.0371565945336,1418.3810201149065,0.95,1024,
field,"gf2_122/qsolve (z^2 + z = c, 2 base halftraces)",,slope,3950.3979506828605,3935.907002227043,3968.028741098639,0.95,1024,
field,gf2_122/sqrt,,slope,4071.3009309038316,4063.227380281438,4080.013215909888,0.95,1024,
field,gf2_122/square latency (dependent chain),,slope,277.0308405776528,276.28184062755724,277.8757539439208,0.95,64,
field,gf2_122/square throughput (8 chains),,slope,75.19990490691197,74.8035372505326,75.67190061668573,0.95,64,
field,gf2_122/trace,,slope,407.3374674250028,406.2362812214039,408.4498820821328,0.95,1024,
field,gf2_127/batch invert (product tree),,slope,5535.475417539011,5492.823412493046,5583.909567264291,0.95,1024,
field,gf2_127/halftrace,,slope,22880.690741835377,22832.174188368776,22933.790388597547,0.95,1024,
field,gf2_127/halftrace (byte tables),,slope,5287.409673196175,5240.915219128723,5352.654977488702,0.95,1024,
field,gf2_127/halftrace (nibble tables),,slope,25319.327597458254,25247.72955200887,25399.37547495568,0.95,1024,
field,gf2_127/invert,,slope,126218.23848086302,125940.40064954679,126522.21027648836,0.95,1024,
field,gf2_127/mul latency (dependent chain),,slope,224.02189319491652,223.41017479587663,224.68573038613755,0.95,64,
field,gf2_127/mul throughput (8 chains),,slope,91.40532865551532,91.0629218232556,91.7388066244578,0.95,64,
field,gf2_127/normalize (to_u128),,slope,511.61424189133714,510.3041246646161,513.0799285433379,0.95,1024,
field,gf2_127/sqrt,,slope,1737.7859282993063,1732.0442720080955,1744.4869220908267,0.95,1024,
field,gf2_127/square latency (dependent chain),,slope,139.2853183029438,138.70420275102597,139.98407024711682,0.95,64,
field,gf2_127/square throughput (8 chains),,slope,41.767444657341564,41.63318628751074,41.89261016099889,0.95,64,
field,gf2_127/trace,,slope,510.9250128488922,509.3797423903803,512.7459158094282,0.95,1024,
field,goldilocks2/add,,slope,710.119055515566,708.3876664062327,711.9961691697055,0.95,1024,
field,goldilocks2/batch invert (product tree),,slope,9178.051085014567,9145.039455583192,9214.963255525832,0.95,1024,
field,goldilocks2/invert,,slope,311478.637447909,310693.6049226973,312320.8098525016,0.95,1024,
field,goldilocks2/mul latency (dependent chain),,slope,208.70011470751874,208.21081809231876,209.20935983706698,0.95,64,
field,goldilocks2/mul throughput (8 chains),,slope,170.6799308032747,170.12778235401768,171.2392702665217,0.95,64,
field,goldilocks2/neg,,slope,618.3934962537219,616.8371107385708,620.0824962327774,0.95,1024,
field,goldilocks2/pack,,slope,710.9826811211101,709.1417687714282,713.077821373178,0.95,1024,
field,goldilocks2/sqrt,,slope,1019632.6232510714,1017331.8937772748,1022242.0670196794,0.95,1024,
field,goldilocks2/sqrt_ratio,,slope,972896.4487867593,970942.6993569257,974972.7449990927,0.95,1024,
field,goldilocks2/square latency (dependent chain),,slope,229.76628681921463,229.08217374533132,230.4642617208496,0.95,64,
field,goldilocks2/square throughput (8 chains),,slope,165.52061975738016,164.98337512813083,166.10486144830284,0.95,64,
field,goldilocks2/sub,,slope,711.710681759943,709.395690451053,714.2611476976833,0.95,1024,
field,goldilocks2/unpack,,slope,717.832639933014,715.8074086920087,719.9789249274195,0.95,1024,
group.add,binary-lambda.109/mode=latency,,slope,28898.1936814577,28830.87767091957,28962.966127771742,0.95,1024,
group.add,binary-lambda.109/mode=throughput,,slope,19350.771370508464,19306.10810814323,19398.900325041417,0.95,1024,
group.add,binary-lambda.122-gls/mode=latency,,slope,28650.671981317533,28578.743306154887,28726.715798709367,0.95,1024,
group.add,binary-lambda.122-gls/mode=throughput,,slope,20739.18528139008,20680.77929997428,20803.634307098782,0.95,1024,
group.add,binary-lambda.122/mode=latency,,slope,28687.460768536966,28593.07533803467,28788.290765883263,0.95,1024,
group.add,binary-lambda.122/mode=throughput,,slope,20733.687141581697,20683.281700546806,20789.38097088493,0.95,1024,
group.add,binary-lambda.127/mode=latency,,slope,24994.01223478318,24924.55348705077,25062.80732365704,0.95,1024,
group.add,binary-lambda.127/mode=throughput,,slope,18057.215488480193,17998.24102175692,18126.188433080428,0.95,1024,
group.add,binary-u.109/mode=latency,,slope,16084.23710316193,16051.966815878299,16117.85202669796,0.95,1024,
group.add,binary-u.109/mode=throughput,,slope,13823.23696919692,13786.388429380324,13860.299343519899,0.95,1024,
group.add,binary-u.122-gls/mode=latency,,slope,16560.221406778797,16460.561757323507,16683.549894882737,0.95,1024,
group.add,binary-u.122-gls/mode=throughput,,slope,14061.752792570407,14037.706735879161,14089.003147820018,0.95,1024,
group.add,binary-u.122/mode=latency,,slope,17095.760103643555,17030.566135451725,17161.52580545422,0.95,1024,
group.add,binary-u.122/mode=throughput,,slope,14666.293426142438,14607.642023294567,14724.500392588096,0.95,1024,
group.add,binary-u.127/mode=latency,,slope,14922.29231534069,14882.393805044856,14960.911264230292,0.95,1024,
group.add,binary-u.127/mode=throughput,,slope,13519.406421412536,13471.530040004656,13567.261356564808,0.95,1024,
group.add,binary-w.109/mode=latency,,slope,28958.468134404793,28882.54921240753,29040.172287045974,0.95,1024,
group.add,binary-w.109/mode=throughput,,slope,19390.44811682259,19352.420177679905,19432.731913728836,0.95,1024,
group.add,binary-w.122-gls/mode=latency,,slope,28728.95712410047,28663.798307134926,28798.214633574262,0.95,1024,
group.add,binary-w.122-gls/mode=throughput,,slope,20796.563462083148,20724.01196943771,20873.368798141906,0.95,1024,
group.add,binary-w.122/mode=latency,,slope,28556.45952090011,28483.95909533708,28632.476839913994,0.95,1024,
group.add,binary-w.122/mode=throughput,,slope,20999.6337216147,20918.740554073884,21088.936794953122,0.95,1024,
group.add,binary-w.127/mode=latency,,slope,24960.90722633737,24894.647635183865,25027.108019099556,0.95,1024,
group.add,binary-w.127/mode=throughput,,slope,18117.867407230275,18072.481702399753,18166.063713355055,0.95,1024,
group.add,binary.109/mode=latency,,slope,22709.413938229645,22663.98465699394,22756.055643910087,0.95,1024,
group.add,binary.109/mode=throughput,,slope,20873.930485197772,20829.075089013422,20920.015910922608,0.95,1024,
group.add,binary.122-gls/mode=latency,,slope,21048.25862266637,20987.921380207903,21113.275775537437,0.95,1024,
group.add,binary.122-gls/mode=throughput,,slope,19777.635655090882,19704.70985997315,19858.866922615052,0.95,1024,
group.add,binary.122/mode=latency,,slope,21763.511859728478,21700.36921457828,21832.648797280952,0.95,1024,
group.add,binary.122/mode=throughput,,slope,20401.636767687127,20359.404666966082,20447.610914239238,0.95,1024,
group.add,binary.127/mode=latency,,slope,20368.450471465665,20272.485264575007,20464.49840117822,0.95,1024,
group.add,binary.127/mode=throughput,,slope,20010.98942121078,19925.95360950582,20090.43876853197,0.95,1024,
group.add,edwards.107/mode=latency,,slope,33395.866078222745,33276.85362708673,33521.85723529971,0.95,1024,
group.add,edwards.107/mode=throughput,,slope,28225.69923657291,28118.79780943479,28345.410730262865,0.95,1024,
group.add,edwards.127/mode=latency,,slope,36652.82564556989,36584.299052201066,36722.43476983635,0.95,1024,
group.add,edwards.127/mode=throughput,,slope,28152.808793176973,28074.18468487518,28235.84016111255,0.95,1024,
group.add,edwards.61x2/mode=latency,,slope,30304.00017688336,30211.128709642464,30404.161084811643,0.95,1024,
group.add,edwards.61x2/mode=throughput,,slope,26413.291944809564,26333.932077716167,26498.22913242423,0.95,1024,
group.add,twisted.128/mode=latency,,slope,37190.30089409936,37098.08607686958,37288.95028244395,0.95,1024,
group.add,twisted.128/mode=throughput,,slope,31828.38163135437,31727.203279546717,31939.53901337471,0.95,1024,
group.add,twisted.61x2/mode=latency,,slope,29085.639924895037,28974.108546565603,29202.734399272114,0.95,1024,
group.add,twisted.61x2/mode=throughput,,slope,25509.209682887922,25416.8048590361,25608.877258838318,0.95,1024,
group.add,twisted.64x2/mode=latency,,slope,38772.81937934092,38601.34235716803,38956.050567854494,0.95,1024,
group.add,twisted.64x2/mode=throughput,,slope,34057.67551545788,33955.09942195204,34165.68388424996,0.95,1024,
group.add,twisted.goldilocks2/mode=latency,,slope,30074.844684319178,30008.42874799431,30151.811646482536,0.95,1024,
group.add,twisted.goldilocks2/mode=throughput,,slope,29411.619817887848,29337.92080179286,29495.57209602359,0.95,1024,
group.add,weier-jacobian.107/mode=latency,,slope,52140.1314694376,51974.93734760162,52315.45111158582,0.95,1024,
group.add,weier-jacobian.107/mode=throughput,,slope,45205.31543184169,45083.513668708925,45342.539244240055,0.95,1024,
group.add,weier-jacobian.127/mode=latency,,slope,57985.330455314186,57756.83176799623,58236.42574264181,0.95,1024,
group.add,weier-jacobian.127/mode=throughput,,slope,49266.69649151695,49139.71809170157,49402.02773360721,0.95,1024,
group.add,weier-jacobian.61x2/mode=latency,,slope,58525.12720746877,58398.22857780351,58657.78258873922,0.95,1024,
group.add,weier-jacobian.61x2/mode=throughput,,slope,51372.51765656864,51256.660024031364,51490.11310022131,0.95,1024,
group.add,weier.107/mode=latency,,slope,55163.606640896614,54731.622309483486,55548.12716569766,0.95,1024,
group.add,weier.107/mode=throughput,,slope,49727.04115280035,49552.86093044654,49927.58668296101,0.95,1024,
group.add,weier.127/mode=latency,,slope,65387.0012306044,65218.78841577618,65569.1343769707,0.95,1024,
group.add,weier.127/mode=throughput,,slope,60107.11199610567,59953.40045160084,60267.1694240038,0.95,1024,
group.add,weier.61x2/mode=latency,,slope,58461.910451064425,58333.15773215659,58589.94537421707,0.95,1024,
group.add,weier.61x2/mode=throughput,,slope,51780.48315220925,51636.48669493612,51932.577379053844,0.95,1024,
group.decode,"binary-lambda.109/mode=batch,n=1024",,slope,27107.92956653713,27039.958088853014,27181.344742002668,0.95,1024,
group.decode,"binary-lambda.109/mode=batch,n=64",,slope,40019.64002766366,39876.90321472393,40161.56781841949,0.95,1024,
group.decode,"binary-lambda.109/mode=batch,n=8",,slope,111189.87009966669,110871.13251212743,111527.33744099355,0.95,1024,
group.decode,binary-lambda.109/mode=indep,,slope,562549.5657351854,561271.6008734846,563882.5178376135,0.95,1024,
group.decode,"binary-lambda.122-gls/mode=batch,n=1024",,slope,23147.022608044386,23094.232352581887,23199.287214926884,0.95,1024,
group.decode,"binary-lambda.122-gls/mode=batch,n=64",,slope,32842.94417414683,32741.634682647626,32938.22357956475,0.95,1024,
group.decode,"binary-lambda.122-gls/mode=batch,n=8",,slope,75513.89172306783,75365.01575202889,75669.84891066907,0.95,1024,
group.decode,binary-lambda.122-gls/mode=indep,,slope,318565.08119033545,317933.64838382124,319242.900101531,0.95,1024,
group.decode,"binary-lambda.122/mode=batch,n=1024",,slope,24644.818242691395,24573.936328070828,24716.300629874517,0.95,1024,
group.decode,"binary-lambda.122/mode=batch,n=64",,slope,33007.714654943105,32940.08088808058,33088.65620011368,0.95,1024,
group.decode,"binary-lambda.122/mode=batch,n=8",,slope,74806.7822048175,74659.9708224044,74956.38347312395,0.95,1024,
group.decode,binary-lambda.122/mode=indep,,slope,321397.4055408601,320862.52824869554,321954.7662622287,0.95,1024,
group.decode,"binary-lambda.127/mode=batch,n=1024",,slope,24616.98270920212,24546.16349419288,24689.48431452124,0.95,1024,
group.decode,"binary-lambda.127/mode=batch,n=64",,slope,30456.74314565785,30406.30020172739,30514.372798765056,0.95,1024,
group.decode,"binary-lambda.127/mode=batch,n=8",,slope,55542.829567344794,55470.93017572498,55622.51997837501,0.95,1024,
group.decode,binary-lambda.127/mode=indep,,slope,158548.6859781714,158165.28406132592,158937.1251105892,0.95,1024,
group.decode,"binary-u.109/mode=batch,n=1024",,slope,28393.07108294454,28348.273577028453,28439.563835578032,0.95,1024,
group.decode,"binary-u.109/mode=batch,n=64",,slope,41216.03092286094,41075.54484220277,41370.16514275588,0.95,1024,
group.decode,"binary-u.109/mode=batch,n=8",,slope,111312.16619115643,111061.23203891687,111569.72809788844,0.95,1024,
group.decode,binary-u.109/mode=indep,,slope,568662.2666765184,567926.8784727892,569513.2267043408,0.95,1024,
group.decode,"binary-u.122-gls/mode=batch,n=1024",,slope,25301.96410093099,25194.45124290316,25411.392810789424,0.95,1024,
group.decode,"binary-u.122-gls/mode=batch,n=64",,slope,33664.15449928575,33578.23976101166,33767.68808008003,0.95,1024,
group.decode,"binary-u.122-gls/mode=batch,n=8",,slope,75522.85069222488,75374.45650567445,75709.92322400128,0.95,1024,
group.decode,binary-u.122-gls/mode=indep,,slope,320042.925135215,318775.32600270835,321474.54872436175,0.95,1024,
group.decode,"binary-u.122/mode=batch,n=1024",,slope,26604.399012778733,26433.377871475303,26802.01858440406,0.95,1024,
group.decode,"binary-u.122/mode=batch,n=64",,slope,34455.310745351424,34388.71621621438,34536.42927825618,0.95,1024,
group.decode,"binary-u.122/mode=batch,n=8",,slope,76484.97391708632,76342.68703273033,76631.41653735118,0.95,1024,
group.decode,binary-u.122/mode=indep,,slope,324920.9509974878,323036.0510163813,326954.1428627727,0.95,1024,
group.decode,"binary-u.127/mode=batch,n=1024",,slope,28204.917402262614,28140.038269860575,28272.24588561076,0.95,1024,
group.decode,"binary-u.127/mode=batch,n=64",,slope,33593.22032825969,33470.52643411862,33722.3904736,0.95,1024,
group.decode,"binary-u.127/mode=batch,n=8",,slope,58992.403094428846,58824.556810340204,59190.309656519385,0.95,1024,
group.decode,binary-u.127/mode=indep,,slope,165439.87621693514,164686.15685251704,166208.47448889413,0.95,1024,
group.decode,"binary-w.109/mode=batch,n=1024",,slope,24962.013912959952,24913.468026633727,25009.96506512731,0.95,1024,
group.decode,"binary-w.109/mode=batch,n=64",,slope,37734.01098073986,37584.84998594061,37889.40494037934,0.95,1024,
group.decode,"binary-w.109/mode=batch,n=8",,slope,107998.70182680656,107703.86046560471,108317.01654599082,0.95,1024,
group.decode,binary-w.109/mode=indep,,slope,568085.8543313137,566755.5103415753,569503.0564248385,0.95,1024,
group.decode,"binary-w.122-gls/mode=batch,n=1024",,slope,21401.025191212673,21336.081265288805,21470.445159665524,0.95,1024,
group.decode,"binary-w.122-gls/mode=batch,n=64",,slope,29822.63916179678,29762.225914608887,29891.6784184369,0.95,1024,
group.decode,"binary-w.122-gls/mode=batch,n=8",,slope,71745.45207498575,71614.49629401487,71897.58486174609,0.95,1024,
group.decode,binary-w.122-gls/mode=indep,,slope,312667.53717969556,311667.5177174092,313671.9026664513,0.95,1024,
group.decode,"binary-w.122/mode=batch,n=1024",,slope,22111.567430240102,22007.198592147393,22227.9632951597,0.95,1024,
group.decode,"binary-w.122/mode=batch,n=64",,slope,30487.670880341764,30408.099983213582,30574.4210141283,0.95,1024,
group.decode,"binary-w.122/mode=batch,n=8",,slope,72568.85765753975,72352.18237017603,72804.67820796696,0.95,1024,
group.decode,binary-w.122/mode=indep,,slope,314086.8221915177,312989.3996705831,315318.2661442116,0.95,1024,
group.decode,"binary-w.127/mode=batch,n=1024",,slope,23106.015741783827,23044.795476556894,23172.632025034174,0.95,1024,
group.decode,"binary-w.127/mode=batch,n=64",,slope,29484.399491998367,29414.462653158276,29559.954942741442,0.95,1024,
group.decode,"binary-w.127/mode=batch,n=8",,slope,56554.11483884209,56389.949332909935,56744.75241029186,0.95,1024,
group.decode,binary-w.127/mode=indep,,slope,158446.90318140556,158012.49198539383,158930.25510300958,0.95,1024,
group.decode,"binary.109/mode=batch,n=1024",,slope,27365.056892151497,27266.350815854483,27466.627430775923,0.95,1024,
group.decode,"binary.109/mode=batch,n=64",,slope,39633.90308851781,39518.21308362505,39766.68236396532,0.95,1024,
group.decode,"binary.109/mode=batch,n=8",,slope,110808.62958967539,110600.07207517547,111039.20457730565,0.95,1024,
group.decode,binary.109/mode=indep,,slope,567683.5542795921,566167.2787919126,569195.6731509853,0.95,1024,
group.decode,"binary.122-gls/mode=batch,n=1024",,slope,23212.585227145413,23150.15471969996,23282.1462987535,0.95,1024,
group.decode,"binary.122-gls/mode=batch,n=64",,slope,31708.76348529629,31629.363172298563,31802.312788954277,0.95,1024,
group.decode,"binary.122-gls/mode=batch,n=8",,slope,73243.11565475311,73090.22619889196,73413.10981856617,0.95,1024,
group.decode,binary.122-gls/mode=indep,,slope,320066.07330574846,319390.93221158255,320785.58381896303,0.95,1024,
group.decode,"binary.122/mode=batch,n=1024",,slope,24591.480212509057,24523.252421646965,24665.617563146978,0.95,1024,
group.decode,"binary.122/mode=batch,n=64",,slope,33201.22151499926,33108.13958247769,33301.961394429294,0.95,1024,
group.decode,"binary.122/mode=batch,n=8",,slope,75314.6030857734,75124.40073387805,75518.60766607377,0.95,1024,
group.decode,binary.122/mode=indep,,slope,320124.2408282843,319609.7531542459,320653.1479554061,0.95,1024,
group.decode,"binary.127/mode=batch,n=1024",,slope,26266.654567521953,26169.075083187417,26357.71918855113,0.95,1024,
group.decode,"binary.127/mode=batch,n=64",,slope,30298.941742144365,30246.193566911366,30353.26201497428,0.95,1024,
group.decode,"binary.127/mode=batch,n=8",,slope,55491.45279066713,55372.878257301316,55641.05922261125,0.95,1024,
group.decode,binary.127/mode=indep,,slope,167615.00601004876,166851.98458847438,168367.11854776132,0.95,1024,
group.decode,"edwards.107/mode=batch,n=1024",,slope,435899.36085414514,434301.4418873672,437559.04052365385,0.95,1024,
group.decode,edwards.107/mode=indep,,slope,434393.50415348995,433000.2162541023,435871.7491342313,0.95,1024,
group.decode,"edwards.127/mode=batch,n=1024",,slope,554216.8931136397,552787.1441457707,555653.4404292215,0.95,1024,
group.decode,edwards.127/mode=indep,,slope,552691.8147982858,551680.2815144791,553787.7925185033,0.95,1024,
group.decode,"edwards.61x2/mode=batch,n=1024",,slope,451106.7810935422,449482.40112684236,452914.78049231856,0.95,1024,
group.decode,edwards.61x2/mode=indep,,slope,447922.1487828186,446444.5639958219,449525.4064262543,0.95,1024,
group.decode,"twisted.128/mode=batch,n=1024",,slope,985229.2569957145,982787.206923506,988099.7911204965,0.95,1024,
group.decode,twisted.128/mode=indep,,slope,983490.0874272203,981593.6915719396,985393.5660083208,0.95,1024,
group.decode,"twisted.61x2/mode=batch,n=1024",,slope,461110.9857179449,460045.8147266119,462199.18980387825,0.95,1024,
group.decode,"twisted.61x2/mode=batch,n=64",,slope,457638.9315580513,457081.0586263216,458173.25903553184,0.95,1024,
group.decode,"twisted.61x2/mode=batch,n=8",,slope,458664.10395251465,457755.6483479088,459714.7846886624,0.95,1024,
group.decode,twisted.61x2/mode=indep,,slope,458867.20199399046,457719.0288143481,460133.6828686729,0.95,1024,
group.decode,"twisted.64x2/mode=batch,n=1024",,slope,662545.2660721147,661056.9256561412,664175.2622643503,0.95,1024,
group.decode,twisted.64x2/mode=indep,,slope,665942.6297207035,663939.1960595399,668014.1941523326,0.95,1024,
group.decode,"twisted.goldilocks2/mode=batch,n=1024",,slope,1968914.543800798,1962224.583519098,1976264.3092304317,0.95,1024,
group.decode,twisted.goldilocks2/mode=indep,,slope,1957733.492410226,1955229.915337246,1960562.672894859,0.95,1024,
group.decode,"weier-jacobian.107/mode=batch,n=1024",,slope,430813.90246588836,429935.17151986156,431740.3367872779,0.95,1024,
group.decode,weier-jacobian.107/mode=indep,,slope,429546.75941874785,428402.8606638072,430806.9960255815,0.95,1024,
group.decode,"weier-jacobian.127/mode=batch,n=1024",,slope,554985.9800295552,553541.7377460088,556455.591281215,0.95,1024,
group.decode,weier-jacobian.127/mode=indep,,slope,555892.3860647259,554075.4447963603,557869.8163902033,0.95,1024,
group.decode,"weier-jacobian.61x2/mode=batch,n=1024",,slope,455412.7144534752,454323.9753812907,456567.6100621123,0.95,1024,
group.decode,weier-jacobian.61x2/mode=indep,,slope,450256.6909610364,449343.3006058913,451248.6334427045,0.95,1024,
group.decode,"weier.107/mode=batch,n=1024",,slope,432088.53508989705,430897.8676814847,433305.7457894848,0.95,1024,
group.decode,weier.107/mode=indep,,slope,431357.7096734151,430222.8643928171,432535.3817003342,0.95,1024,
group.decode,"weier.127/mode=batch,n=1024",,slope,552308.5184143638,550954.9983813389,553728.4892478616,0.95,1024,
group.decode,weier.127/mode=indep,,slope,554322.8321353628,553096.9384385741,555585.5283465502,0.95,1024,
group.decode,"weier.61x2/mode=batch,n=1024",,slope,458728.3415132259,457525.82336503797,459833.9076316199,0.95,1024,
group.decode,weier.61x2/mode=indep,,slope,452075.3264371213,451067.21408347896,453117.85109731887,0.95,1024,
group.encode,"binary-lambda.109/mode=batch,n=1024",,slope,14457.891931769724,14390.392004602789,14530.875735227317,0.95,1024,
group.encode,"binary-lambda.109/mode=batch,n=64",,slope,25420.33879237476,25322.417836807206,25524.117866383178,0.95,1024,
group.encode,"binary-lambda.109/mode=batch,n=8",,slope,92166.7485965313,91854.08804922705,92495.95803190216,0.95,1024,
group.encode,binary-lambda.109/mode=indep,,slope,542811.2736116447,541268.4103718087,544576.0477686789,0.95,1024,
group.encode,"binary-lambda.122-gls/mode=batch,n=1024",,slope,18320.062095302066,18272.780157137415,18365.367711945186,0.95,1024,
group.encode,"binary-lambda.122-gls/mode=batch,n=64",,slope,25117.48523307154,25013.968187627102,25217.002707457068,0.95,1024,
group.encode,"binary-lambda.122-gls/mode=batch,n=8",,slope,63555.198586522834,63462.87258529301,63651.524760462715,0.95,1024,
group.encode,binary-lambda.122-gls/mode=indep,,slope,303962.20414289937,303512.2258004807,304472.1567214609,0.95,1024,
group.encode,"binary-lambda.122/mode=batch,n=1024",,slope,17679.3308610154,17616.512216649746,17747.12495904407,0.95,1024,
group.encode,"binary-lambda.122/mode=batch,n=64",,slope,24662.477220225846,24604.385813196317,24727.497240411867,0.95,1024,
group.encode,"binary-lambda.122/mode=batch,n=8",,slope,63224.27157529186,63086.461488375644,63374.77529776134,0.95,1024,
group.encode,binary-lambda.122/mode=indep,,slope,294218.5428173489,293278.38201233564,295283.3124520772,0.95,1024,
group.encode,"binary-lambda.127/mode=batch,n=1024",,slope,17874.70427241445,17809.968406342352,17936.737003856444,0.95,1024,
group.encode,"binary-lambda.127/mode=batch,n=64",,slope,22277.522774641642,22233.628732365178,22328.04665407031,0.95,1024,
group.encode,"binary-lambda.127/mode=batch,n=8",,slope,42997.967106353724,42914.23997499444,43088.18427682182,0.95,1024,
group.encode,binary-lambda.127/mode=indep,,slope,143612.81185205514,143234.66613816045,144009.9083992911,0.95,1024,
group.encode,"binary-u.109/mode=batch,n=1024",,slope,22455.670377366096,22415.22294391693,22500.335795680916,0.95,1024,
group.encode,"binary-u.109/mode=batch,n=64",,slope,32423.288710106448,32329.865396153396,32529.834765679472,0.95,1024,
group.encode,"binary-u.109/mode=batch,n=8",,slope,99438.90225358357,99153.3615512736,99745.41049976402,0.95,1024,
group.encode,binary-u.109/mode=indep,,slope,559597.3875070193,558082.6477232935,561245.8953205651,0.95,1024,
group.encode,"binary-u.122-gls/mode=batch,n=1024",,slope,18481.73740094905,18401.453475108443,18561.534188862468,0.95,1024,
group.encode,"binary-u.122-gls/mode=batch,n=64",,slope,23046.717647544,23009.660801894188,23086.95857877351,0.95,1024,
group.encode,"binary-u.122-gls/mode=batch,n=8",,slope,62667.22455796513,62502.9002521827,62853.27579844846,0.95,1024,
group.encode,binary-u.122-gls/mode=indep,,slope,304322.1267311955,302800.97454866715,305937.5273629653,0.95,1024,
group.encode,"binary-u.122/mode=batch,n=1024",,slope,18863.7818155254,18754.13765174721,18990.805413487135,0.95,1024,
group.encode,"binary-u.122/mode=batch,n=64",,slope,23022.185859451616,22983.05497808337,23065.056881982404,0.95,1024,
group.encode,"binary-u.122/mode=batch,n=8",,slope,62782.75132111719,62654.879655414654,62927.136110950305,0.95,1024,
group.encode,binary-u.122/mode=indep,,slope,312073.12279296585,310991.6525235308,313161.3740725228,0.95,1024,
group.encode,"binary-u.127/mode=batch,n=1024",,slope,12869.18938589611,12848.218787512333,12891.497824011103,0.95,1024,
group.encode,"binary-u.127/mode=batch,n=64",,slope,16646.41459282794,16588.746164474647,16718.976817580307,0.95,1024,
group.encode,"binary-u.127/mode=batch,n=8",,slope,39115.46165918314,39009.283000209405,39237.486219367995,0.95,1024,
group.encode,binary-u.127/mode=indep,,slope,140187.61267437565,139837.8841417525,140555.95288873496,0.95,1024,
group.encode,"binary-w.109/mode=batch,n=1024",,slope,22165.27159364892,22116.245395840266,22221.195019431612,0.95,1024,
group.encode,"binary-w.109/mode=batch,n=64",,slope,33257.97265972914,33148.14426234945,33365.67189638134,0.95,1024,
group.encode,"binary-w.109/mode=batch,n=8",,slope,98290.97492940338,98016.15997573681,98586.77959226261,0.95,1024,
group.encode,binary-w.109/mode=indep,,slope,552652.3111334417,551629.2517202902,553685.0226713683,0.95,1024,
group.encode,"binary-w.122-gls/mode=batch,n=1024",,slope,20878.356673412087,20791.23923745045,20962.752546492153,0.95,1024,
group.encode,"binary-w.122-gls/mode=batch,n=64",,slope,27883.919438861798,27804.792473645928,27961.562610892306,0.95,1024,
group.encode,"binary-w.122-gls/mode=batch,n=8",,slope,66421.14165509088,66268.1523976348,66582.0375793204,0.95,1024,
group.encode,binary-w.122-gls/mode=indep,,slope,303812.2898027191,302994.9438289631,304630.50891574775,0.95,1024,
group.encode,"binary-w.122/mode=batch,n=1024",,slope,21736.42402270824,21519.67509643877,21945.65566977594,0.95,1024,
group.encode,"binary-w.122/mode=batch,n=64",,slope,27603.136470630525,27480.147154360267,27738.312402924297,0.95,1024,
group.encode,"binary-w.122/mode=batch,n=8",,slope,65872.46796106103,65677.31527580015,66084.57055551487,0.95,1024,
group.encode,binary-w.122/mode=indep,,slope,308945.35872617114,307198.96098873694,310574.8928757033,0.95,1024,
group.encode,"binary-w.127/mode=batch,n=1024",,slope,17426.981105771927,17371.610675943662,17485.306226222427,0.95,1024,
group.encode,"binary-w.127/mode=batch,n=64",,slope,22329.76139546492,22260.214397355434,22399.93551931026,0.95,1024,
group.encode,"binary-w.127/mode=batch,n=8",,slope,43059.884713684056,42948.74733214362,43176.09116412886,0.95,1024,
group.encode,binary-w.127/mode=indep,,slope,142378.81265595643,141916.71235830046,142866.93593366756,0.95,1024,
group.encode,"binary.109/mode=batch,n=1024",,slope,18616.937360447486,18545.586255099213,18697.3665862872,0.95,1024,
group.encode,"binary.109/mode=batch,n=64",,slope,29308.532306348283,29256.961987708408,29361.106969968605,0.95,1024,
group.encode,"binary.109/mode=batch,n=8",,slope,96632.64730362588,95902.01447123129,97678.22051028594,0.95,1024,
group.encode,binary.109/mode=indep,,slope,551313.7292847643,549898.3091579162,552758.5079182244,0.95,1024,
group.encode,"binary.122-gls/mode=batch,n=1024",,slope,21589.56527566644,21519.880011042733,21665.732389602545,0.95,1024,
group.encode,"binary.122-gls/mode=batch,n=64",,slope,28572.986718740103,28510.2958621846,28644.695264662827,0.95,1024,
group.encode,"binary.122-gls/mode=batch,n=8",,slope,67214.90284498301,67042.89537027216,67406.30653120628,0.95,1024,
group.encode,binary.122-gls/mode=indep,,slope,300325.16433057486,299591.7843460009,301057.31544813555,0.95,1024,
group.encode,"binary.122/mode=batch,n=1024",,slope,22597.231543654365,22532.17626529056,22659.773650853527,0.95,1024,
group.encode,"binary.122/mode=batch,n=64",,slope,29571.698631146697,29480.237378551323,29667.77222050309,0.95,1024,
group.encode,"binary.122/mode=batch,n=8",,slope,68186.43587015418,67981.21519022097,68396.55380549653,0.95,1024,
group.encode,binary.122/mode=indep,,slope,301399.6430929511,300855.80099834746,301961.00477420207,0.95,1024,
group.encode,"binary.127/mode=batch,n=1024",,slope,23275.640303948305,23022.24735593464,23518.936985351247,0.95,1024,
group.encode,"binary.127/mode=batch,n=64",,slope,26170.571159419163,26105.451130683276,26246.710871685493,0.95,1024,
group.encode,"binary.127/mode=batch,n=8",,slope,47119.781340257694,47021.79057951032,47226.81398945957,0.95,1024,
group.encode,binary.127/mode=indep,,slope,154394.1840414617,152872.98514434634,155997.49882101003,0.95,1024,
group.encode,"edwards.107/mode=batch,n=1024",,slope,35992.68266999514,35792.91654938551,36205.99180360155,0.95,1024,
group.encode,edwards.107/mode=indep,,slope,614190.809575883,612870.3765073109,615530.4426118267,0.95,1024,
group.encode,"edwards.127/mode=batch,n=1024",,slope,32641.318859932213,32562.417817351106,32723.18212670834,0.95,1024,
group.encode,edwards.127/mode=indep,,slope,624213.9651440816,622634.543069272,625892.78719962,0.95,1024,
group.encode,"edwards.61x2/mode=batch,n=1024",,slope,35849.458298359685,35738.785609201106,35967.31042890817,0.95,1024,
group.encode,edwards.61x2/mode=indep,,slope,207695.81482192996,207249.63135384154,208164.8372754072,0.95,1024,
group.encode,"twisted.128/mode=batch,n=1024",,slope,23248.882941841563,23200.625835733554,23301.262283411674,0.95,1024,
group.encode,twisted.128/mode=indep,,slope,966105.1344332792,964113.5503127899,968205.437439749,0.95,1024,
group.encode,"twisted.61x2/mode=batch,n=1024",,slope,15293.30590580987,15252.135022785233,15338.371453346283,0.95,1024,
group.encode,"twisted.61x2/mode=batch,n=64",,slope,21620.95924107401,21585.35018737223,21657.87089926228,0.95,1024,
group.encode,"twisted.61x2/mode=batch,n=8",,slope,50514.07834180582,50455.132501129825,50576.52603262735,0.95,1024,
group.encode,twisted.61x2/mode=indep,,slope,193688.9037820797,193103.20460317683,194329.59652638587,0.95,1024,
group.encode,"twisted.64x2/mode=batch,n=1024",,slope,23153.043221172516,23051.840412823756,23278.56849422376,0.95,1024,
group.encode,twisted.64x2/mode=indep,,slope,272994.60303236294,272043.02556540805,273980.55890538817,0.95,1024,
group.encode,"twisted.goldilocks2/mode=batch,n=1024",,slope,23497.52797378523,23419.27914314068,23583.643723450423,0.95,1024,
group.encode,twisted.goldilocks2/mode=indep,,slope,323534.1421944732,323075.78321172926,324021.7068492875,0.95,1024,
group.encode,"weier-jacobian.107/mode=batch,n=1024",,slope,26140.455685563844,26052.56809391821,26232.461618887675,0.95,1024,
group.encode,weier-jacobian.107/mode=indep,,slope,593683.7145840107,592122.3924612945,595383.8978877101,0.95,1024,
group.encode,"weier-jacobian.127/mode=batch,n=1024",,slope,24165.202436213043,24093.24153193623,24241.921775892923,0.95,1024,
group.encode,weier-jacobian.127/mode=indep,,slope,619748.083831831,616522.7201857051,623987.8985658378,0.95,1024,
group.encode,"weier-jacobian.61x2/mode=batch,n=1024",,slope,25367.126934904685,25285.837971702935,25461.569925980017,0.95,1024,
group.encode,weier-jacobian.61x2/mode=indep,,slope,203139.24029377862,202683.11256808226,203607.0719934159,0.95,1024,
group.encode,"weier.107/mode=batch,n=1024",,slope,19867.901530495456,19768.184679821625,19977.45069746281,0.95,1024,
group.encode,weier.107/mode=indep,,slope,595587.9333855475,592944.6635179446,598509.7968161942,0.95,1024,
group.encode,"weier.127/mode=batch,n=1024",,slope,17146.34536882628,17085.610478003866,17211.21503754431,0.95,1024,
group.encode,weier.127/mode=indep,,slope,606765.1700132998,605471.2553588275,608092.9161113079,0.95,1024,
group.encode,"weier.61x2/mode=batch,n=1024",,slope,15662.986268887616,15606.064324443005,15714.760246616492,0.95,1024,
group.encode,weier.61x2/mode=indep,,slope,194930.7151470371,194169.92665779754,195655.72928787686,0.95,1024,
group.equals,binary-lambda.109/mode=match,,slope,4051.293790176215,4037.703134582578,4066.9698321323112,0.95,1024,
group.equals,binary-lambda.109/mode=mismatch,,slope,4037.1419972043695,4025.654428534081,4049.9088655930836,0.95,1024,
group.equals,binary-lambda.122-gls/mode=match,,slope,4301.299079656366,4292.919136614791,4310.471692565449,0.95,1024,
group.equals,binary-lambda.122-gls/mode=mismatch,,slope,4475.270853001459,4456.473475602632,4492.915335623565,0.95,1024,
group.equals,binary-lambda.122/mode=match,,slope,4312.84084174226,4297.608883128649,4328.871049131502,0.95,1024,
group.equals,binary-lambda.122/mode=mismatch,,slope,4329.902976388756,4319.6992416389085,4340.291000743078,0.95,1024,
group.equals,binary-lambda.127/mode=match,,slope,4043.811115853939,4038.231200022224,4050.196207006702,0.95,1024,
group.equals,binary-lambda.127/mode=mismatch,,slope,4149.715474280151,4137.89238862204,4161.740352937738,0.95,1024,
group.equals,binary-u.109/mode=match,,slope,5983.555454695982,5965.35864377333,6002.616056064981,0.95,1024,
group.equals,binary-u.109/mode=mismatch,,slope,5956.893699947526,5944.601383589119,5969.948342703267,0.95,1024,
group.equals,binary-u.122-gls/mode=match,,slope,5730.961085700667,5718.921681561005,5743.898021703185,0.95,1024,
group.equals,binary-u.122-gls/mode=mismatch,,slope,5771.193914517153,5752.780970816008,5789.57394605854,0.95,1024,
group.equals,binary-u.122/mode=match,,slope,5726.783984313538,5717.5582760592215,5736.586414240249,0.95,1024,
group.equals,binary-u.122/mode=mismatch,,slope,6112.515352801779,6057.394658217386,6169.92177001884,0.95,1024,
group.equals,binary-u.127/mode=match,,slope,6459.790081180826,6442.418245123458,6477.926614272895,0.95,1024,
group.equals,binary-u.127/mode=mismatch,,slope,6590.932200673974,6564.549331392962,6616.786367390907,0.95,1024,
group.equals,binary-w.109/mode=match,,slope,4263.100159813688,4250.739499857898,4275.657253695327,0.95,1024,
group.equals,binary-w.109/mode=mismatch,,slope,4229.00401359539,4218.114600776406,4240.577859260469,0.95,1024,
group.equals,binary-w.122-gls/mode=match,,slope,4332.817560586535,4317.143473101349,4354.376888928621,0.95,1024,
group.equals,binary-w.122-gls/mode=mismatch,,slope,4361.419596286416,4344.989304421024,4379.162449320109,0.95,1024,
group.equals,binary-w.122/mode=match,,slope,4331.604966137362,4319.433574587111,4345.631856343739,0.95,1024,
group.equals,binary-w.122/mode=mismatch,,slope,4518.297627412511,4484.5820008729215,4554.017579026507,0.95,1024,
group.equals,binary-w.127/mode=match,,slope,4133.562111262992,4126.8451821854005,4140.80287613613,0.95,1024,
group.equals,binary-w.127/mode=mismatch,,slope,4150.984334695881,4141.070555906967,4161.102824686912,0.95,1024,
group.equals,binary.109/mode=match,,slope,4147.863930966079,4137.043297457573,4158.906540427398,0.95,1024,
group.equals,binary.109/mode=mismatch,,slope,4168.893480185963,4157.947756554128,4180.111756466702,0.95,1024,
group.equals,binary.122-gls/mode=match,,slope,4154.748410164524,4146.443418925878,4163.741582935688,0.95,1024,
group.equals,binary.122-gls/mode=mismatch,,slope,4178.042494107746,4161.613238167834,4195.778407441197,0.95,1024,
group.equals,binary.122/mode=match,,slope,4165.316274314248,4151.1979040014185,4179.962151677043,0.95,1024,
group.equals,binary.122/mode=mismatch,,slope,4148.462238953746,4137.496689726887,4159.870271727124,0.95,1024,
group.equals,binary.127/mode=match,,slope,4068.5993817734457,4059.485048061173,4080.208100730248,0.95,1024,
group.equals,binary.127/mode=mismatch,,slope,4356.690518003606,4309.298001854113,4406.649945780812,0.95,1024,
group.equals,edwards.107/mode=mismatch,,slope,5048.673087925203,5025.264430801732,5073.557267184018,0.95,1024,
group.equals,edwards.127/mode=mismatch,,slope,3236.542133652465,3227.115633266851,3246.2365414716774,0.95,1024,
group.equals,edwards.61x2/mode=mismatch,,slope,3042.3511713244543,3030.1773101520657,3054.3281356802236,0.95,1024,
group.equals,twisted.128/mode=mismatch,,slope,9675.821291791546,9651.232743938832,9701.006787023904,0.95,1024,
group.equals,twisted.61x2/mode=match,,slope,8758.50383870123,8744.485040833093,8774.891281987499,0.95,1024,
group.equals,twisted.61x2/mode=mismatch,,slope,9067.31346890362,9000.101853828366,9128.1267996234,0.95,1024,
group.equals,twisted.64x2/mode=mismatch,,slope,7869.137077596348,7838.6630747823465,7899.465208117846,0.95,1024,
group.equals,twisted.goldilocks2/mode=mismatch,,slope,9647.358375203192,9586.934089361748,9724.16809719225,0.95,1024,
group.equals,weier-jacobian.107/mode=mismatch,,slope,9453.447979595763,9422.993481974854,9486.50464977212,0.95,1024,
group.equals,weier-jacobian.127/mode=mismatch,,slope,6759.327526863561,6742.105944755179,6776.751463218765,0.95,1024,
group.equals,weier-jacobian.61x2/mode=mismatch,,slope,8169.1016672763435,8120.555152427923,8223.319944325538,0.95,1024,
group.equals,weier.107/mode=mismatch,,slope,5952.958787162298,5934.586604256001,5972.513818985495,0.95,1024,
group.equals,weier.127/mode=mismatch,,slope,3610.8321879731775,3599.8903299535214,3622.509644912339,0.95,1024,
group.equals,weier.61x2/mode=mismatch,,slope,3407.751766605688,3396.0005039596745,3421.53050920544,0.95,1024,
group.is_identity,binary-lambda.109,,slope,817.8201596567683,816.2317221730399,819.4534537610135,0.95,1024,
group.is_identity,binary-lambda.122,,slope,829.9490212891619,827.3979058298406,832.7781644451487,0.95,1024,
group.is_identity,binary-lambda.122-gls,,slope,822.6516306052758,820.9264957175448,824.522812929703,0.95,1024,
group.is_identity,binary-lambda.127,,slope,843.2912954685696,841.264822697955,845.2230346315754,0.95,1024,
group.is_identity,binary-u.109,,slope,818.4273509830891,815.9628759124246,821.1801920222009,0.95,1024,
group.is_identity,binary-u.122,,slope,865.6668165476362,859.0472824554041,872.26536041187,0.95,1024,
group.is_identity,binary-u.122-gls,,slope,822.3630731766679,820.8172200951102,824.0672443084195,0.95,1024,
group.is_identity,binary-u.127,,slope,852.2475268358742,849.5849860164296,855.0576603635336,0.95,1024,
group.is_identity,binary-w.109,,slope,819.8530499104185,818.5070445651409,821.2775773892429,0.95,1024,
group.is_identity,binary-w.122,,slope,859.8728864504551,853.3037264447917,866.5546733210417,0.95,1024,
group.is_identity,binary-w.122-gls,,slope,829.231270596585,826.6456261405712,832.0525669332557,0.95,1024,
group.is_identity,binary-w.127,,slope,836.0914573766935,834.5234445884772,837.8455813151229,0.95,1024,
group.is_identity,binary.109,,slope,964.651438150017,962.0085863574194,967.4867377180176,0.95,1024,
group.is_identity,binary.122,,slope,895.485167995488,891.5080237052479,899.3482127516105,0.95,1024,
group.is_identity,binary.122-gls,,slope,895.2840371242206,890.5686845683418,900.2481099785426,0.95,1024,
group.is_identity,binary.127,,slope,1042.4790676433772,1038.729584069569,1046.0815691141963,0.95,1024,
group.is_identity,edwards.107,,slope,1210.7328978109283,1207.2088518154762,1214.7866217943106,0.95,1024,
group.is_identity,edwards.127,,slope,1334.1313843549738,1329.9457038213393,1338.3333783678845,0.95,1024,
group.is_identity,edwards.61x2,,slope,553.6257043621921,538.6612393281596,567.915725690067,0.95,1024,
group.is_identity,twisted.128,,slope,514.5180774054226,512.950949008083,516.1008209866922,0.95,1024,
group.is_identity,twisted.61x2,,slope,508.659812424549,507.2615775543656,510.2066093276408,0.95,1024,
group.is_identity,twisted.64x2,,slope,514.7852921085712,512.1893527953785,517.6191077553285,0.95,1024,
group.is_identity,twisted.goldilocks2,,slope,609.7716282374873,608.5820854116552,611.1775521227346,0.95,1024,
group.is_identity,weier-jacobian.107,,slope,922.3669377425305,919.1482919981798,925.8171525195035,0.95,1024,
group.is_identity,weier-jacobian.127,,slope,414.6921499322869,413.29009651722515,416.227298249629,0.95,1024,
group.is_identity,weier-jacobian.61x2,,slope,411.8201720400713,410.76514466539226,412.9097202749855,0.95,1024,
group.is_identity,weier.107,,slope,927.0299845668347,922.2645487551013,933.1108212871247,0.95,1024,
group.is_identity,weier.127,,slope,413.8837909483121,412.81508670836826,414.98220344941683,0.95,1024,
group.is_identity,weier.61x2,,slope,416.13170042259253,413.9564177468505,418.3592280213317,0.95,1024,
group.neg,binary-lambda.109,,slope,572.7720018394904,569.9788272366039,575.4362931162732,0.95,1024,
group.neg,binary-lambda.122,,slope,577.588236881849,575.2889644374781,579.7595325676814,0.95,1024,
group.neg,binary-lambda.122-gls,,slope,585.2203733551679,581.6085369930564,589.4725209460728,0.95,1024,
group.neg,binary-lambda.127,,slope,575.180934538363,572.3077759369214,578.0241772821526,0.95,1024,
group.neg,binary-u.109,,slope,576.8738424086803,574.0816699909492,579.4995471498003,0.95,1024,
group.neg,binary-u.122,,slope,590.3305777273929,587.2486123043141,593.6097550899652,0.95,1024,
group.neg,binary-u.122-gls,,slope,576.3683529350446,574.3355811307625,578.1614703514259,0.95,1024,
group.neg,binary-u.127,,slope,575.1951677240702,572.2595371244466,577.7887085964402,0.95,1024,
group.neg,binary-w.109,,slope,578.8238879216385,576.640600431295,580.8704079665723,0.95,1024,
group.neg,binary-w.122,,slope,593.09735084607,587.9411348810904,598.2514304570445,0.95,1024,
group.neg,binary-w.122-gls,,slope,574.1637889585271,570.6222365948748,577.5998227358124,0.95,1024,
group.neg,binary-w.127,,slope,575.5696873863325,573.4442619558373,577.4440147334143,0.95,1024,
group.neg,binary.109,,slope,1198.4528087267893,1193.6329709886343,1203.6921213884648,0.95,1024,
group.neg,binary.122,,slope,1208.3806150776272,1201.5868252212058,1215.1562233399002,0.95,1024,
group.neg,binary.122-gls,,slope,1195.836594610124,1191.0543373572084,1201.071835530757,0.95,1024,
group.neg,binary.127,,slope,1230.2821894104497,1222.2873998162204,1237.9092915952672,0.95,1024,
group.neg,edwards.107,,slope,1430.801169050807,1423.7649509782354,1438.0515677690762,0.95,1024,
group.neg,edwards.127,,slope,2026.2741820416777,2022.0221032493941,2030.8932503346878,0.95,1024,
group.neg,edwards.61x2,,slope,794.2726765121303,789.6378844545944,799.1782783953466,0.95,1024,
group.neg,twisted.128,,slope,1174.6434657572186,1171.9663443519435,1177.4851851952187,0.95,1024,
group.neg,twisted.61x2,,slope,751.9538992945642,726.2927842685974,774.4244669048841,0.95,1024,
group.neg,twisted.64x2,,slope,750.9196994596404,724.5558735076655,774.1441585151674,0.95,1024,
group.neg,twisted.goldilocks2,,slope,1348.1570120139659,1345.0585041604968,1351.7102235824602,0.95,1024,
group.neg,weier-jacobian.107,,slope,843.9681309280029,840.9383908801201,847.3376808478062,0.95,1024,
group.neg,weier-jacobian.127,,slope,1125.143178424641,1121.7451476096744,1128.6763310945676,0.95,1024,
group.neg,weier-jacobian.61x2,,slope,580.7861153132088,579.2440141034035,582.3293971565162,0.95,1024,
group.neg,weier.107,,slope,839.3987611502118,836.7266753002406,842.2539249296312,0.95,1024,
group.neg,weier.127,,slope,1123.944716456111,1121.057301839038,1126.9659040577367,0.95,1024,
group.neg,weier.61x2,,slope,584.5503533710348,582.8237922769232,586.290929657231,0.95,1024,
group.prepare,"binary-lambda.109/mode=batch,n=1024",,slope,8324.839765247314,8299.392398541002,8352.93910575025,0.95,1024,
group.prepare,"binary-lambda.109/mode=batch,n=64",,slope,19206.856009156534,19134.24602019194,19282.744529815012,0.95,1024,
group.prepare,"binary-lambda.109/mode=batch,n=8",,slope,84655.61254174671,84349.97453733237,84979.49445077206,0.95,1024,
group.prepare,binary-lambda.109/mode=indep,,slope,514959.47788384807,513858.8435994534,516158.82632301253,0.95,1024,
group.prepare,"binary-lambda.122-gls/mode=batch,n=1024",,slope,8300.361300970395,8270.102550515956,8334.912764217346,0.95,1024,
group.prepare,"binary-lambda.122-gls/mode=batch,n=64",,slope,15498.20452117175,15439.264116643832,15555.474919203016,0.95,1024,
group.prepare,"binary-lambda.122-gls/mode=batch,n=8",,slope,54690.66277958825,54533.58220509726,54843.171540985946,0.95,1024,
group.prepare,binary-lambda.122-gls/mode=indep,,slope,254786.05995123394,254007.15666746887,255632.93329524988,0.95,1024,
group.prepare,"binary-lambda.122/mode=batch,n=1024",,slope,8372.511599594174,8356.676464409084,8388.334261279462,0.95,1024,
group.prepare,"binary-lambda.122/mode=batch,n=64",,slope,15562.01932549505,15503.257909310147,15624.159441073318,0.95,1024,
group.prepare,"binary-lambda.122/mode=batch,n=8",,slope,54860.752151453955,54450.21512420048,55291.16001383812,0.95,1024,
group.prepare,binary-lambda.122/mode=indep,,slope,256649.0249741392,256152.66032582737,257155.33472057432,0.95,1024,
group.prepare,"binary-lambda.127/mode=batch,n=1024",,slope,8376.620152122323,8358.99731154356,8395.073254169805,0.95,1024,
group.prepare,"binary-lambda.127/mode=batch,n=64",,slope,12985.720593291739,12962.733530884783,13009.528740396076,0.95,1024,
group.prepare,"binary-lambda.127/mode=batch,n=8",,slope,33553.45974523423,33495.379209902516,33616.2926981656,0.95,1024,
group.prepare,binary-lambda.127/mode=indep,,slope,131626.29383183093,131129.93701270327,132156.29162527094,0.95,1024,
group.prepare,"binary-u.109/mode=batch,n=1024",,slope,475.3797806058929,474.6432861962339,476.1718551552391,0.95,1024,
group.prepare,"binary-u.109/mode=batch,n=64",,slope,812.2061772049154,809.4045074880954,815.2603996489978,0.95,1024,
group.prepare,"binary-u.109/mode=batch,n=8",,slope,1108.3712613692358,1104.7100260446905,1112.4644523335623,0.95,1024,
group.prepare,binary-u.109/mode=indep,,slope,492.2511602786401,465.24735058838775,517.693346807092,0.95,1024,
group.prepare,"binary-u.122-gls/mode=batch,n=1024",,slope,692.5407754172608,691.256120796784,693.9464952446955,0.95,1024,
group.prepare,"binary-u.122-gls/mode=batch,n=64",,slope,846.4009605821658,844.185869466883,848.5743679334719,0.95,1024,
group.prepare,"binary-u.122-gls/mode=batch,n=8",,slope,1096.334567529945,1094.114382877389,1098.5841803819421,0.95,1024,
group.prepare,binary-u.122-gls/mode=indep,,slope,445.7810575712226,429.4626455520316,465.156597763615,0.95,1024,
group.prepare,"binary-u.122/mode=batch,n=1024",,slope,504.0821456338791,500.0124376760007,508.325389127669,0.95,1024,
group.prepare,"binary-u.122/mode=batch,n=64",,slope,836.3476753772321,834.8432167640531,838.0656985972361,0.95,1024,
group.prepare,"binary-u.122/mode=batch,n=8",,slope,1107.673552402709,1105.122518286557,1110.291625668136,0.95,1024,
group.prepare,binary-u.122/mode=indep,,slope,506.93053717025333,478.0395326500176,534.5162015702269,0.95,1024,
group.prepare,"binary-u.127/mode=batch,n=1024",,slope,483.21444592633884,481.3520986827627,485.10209078463504,0.95,1024,
group.prepare,"binary-u.127/mode=batch,n=64",,slope,826.8808836186251,825.138375305064,828.7724439716926,0.95,1024,
group.prepare,"binary-u.127/mode=batch,n=8",,slope,1105.6846955152312,1102.818253648177,1108.7582234193198,0.95,1024,
group.prepare,binary-u.127/mode=indep,,slope,495.32789235206735,468.30606319078106,520.8731622679477,0.95,1024,
group.prepare,"binary-w.109/mode=batch,n=1024",,slope,477.8349754591664,475.67091847344267,480.540390247907,0.95,1024,
group.prepare,"binary-w.109/mode=batch,n=64",,slope,836.3294670138656,833.9998558479751,838.7869152984629,0.95,1024,
group.prepare,"binary-w.109/mode=batch,n=8",,slope,1108.623853895312,1104.6784878036985,1112.944311958959,0.95,1024,
group.prepare,binary-w.109/mode=indep,,slope,447.94648252434405,431.34392428687033,467.46792850303547,0.95,1024,
group.prepare,"binary-w.122-gls/mode=batch,n=1024",,slope,698.8884922520425,696.9244707604936,700.976507384486,0.95,1024,
group.prepare,"binary-w.122-gls/mode=batch,n=64",,slope,846.2578699101833,842.8367378478085,850.2351983751652,0.95,1024,
group.prepare,"binary-w.122-gls/mode=batch,n=8",,slope,1104.1866690113789,1101.6373195039541,1106.9097322411476,0.95,1024,
group.prepare,binary-w.122-gls/mode=indep,,slope,439.980834183184,425.93325618232666,456.658763997927,0.95,1024,
group.prepare,"binary-w.122/mode=batch,n=1024",,slope,477.19124867415286,476.0256659468648,478.39913104206454,0.95,1024,
group.prepare,"binary-w.122/mode=batch,n=64",,slope,770.8712522580316,768.0826275990545,773.7618430103439,0.95,1024,
group.prepare,"binary-w.122/mode=batch,n=8",,slope,1111.7070798540265,1109.1092078995148,1114.4733327957683,0.95,1024,
group.prepare,binary-w.122/mode=indep,,slope,448.7756539003776,431.81221636576925,468.6810908624834,0.95,1024,
group.prepare,"binary-w.127/mode=batch,n=1024",,slope,478.2051426081955,476.9584433386258,479.52012589515226,0.95,1024,
group.prepare,"binary-w.127/mode=batch,n=64",,slope,813.3345900452291,812.06874958499,814.6728923733202,0.95,1024,
group.prepare,"binary-w.127/mode=batch,n=8",,slope,1129.1295601506604,1120.9370257712494,1138.380906135056,0.95,1024,
group.prepare,binary-w.127/mode=indep,,slope,465.02218822083216,447.36726052152017,485.7446944482713,0.95,1024,
group.prepare,"binary.109/mode=batch,n=1024",,slope,4356.015118052261,4341.916286940958,4371.440740546305,0.95,1024,
group.prepare,"binary.109/mode=batch,n=64",,slope,4762.205510304369,4751.831305098207,4773.865102574527,0.95,1024,
group.prepare,"binary.109/mode=batch,n=8",,slope,4994.785544435641,4981.939644924339,5008.382154640783,0.95,1024,
group.prepare,binary.109/mode=indep,,slope,4335.640094304403,4325.48702405709,4346.51955189943,0.95,1024,
group.prepare,"binary.122-gls/mode=batch,n=1024",,slope,4373.786296428183,4359.995237940839,4389.50518235688,0.95,1024,
group.prepare,"binary.122-gls/mode=batch,n=64",,slope,4647.032423630002,4639.38131103612,4655.596708663671,0.95,1024,
group.prepare,"binary.122-gls/mode=batch,n=8",,slope,4942.430362683406,4934.307230651741,4952.299225763425,0.95,1024,
group.prepare,binary.122-gls/mode=indep,,slope,4322.611170673571,4298.653429274771,4351.52099773594,0.95,1024,
group.prepare,"binary.122/mode=batch,n=1024",,slope,5134.883311750932,5124.847299455675,5145.820155217602,0.95,1024,
group.prepare,"binary.122/mode=batch,n=64",,slope,5568.807638573181,5550.002772727958,5589.720780184374,0.95,1024,
group.prepare,"binary.122/mode=batch,n=8",,slope,5751.051099126747,5735.574099463078,5767.002263284277,0.95,1024,
group.prepare,binary.122/mode=indep,,slope,5023.145587882071,5013.413606950681,5033.528988730888,0.95,1024,
group.prepare,"binary.127/mode=batch,n=1024",,slope,6513.767916382635,6458.150947392419,6572.704807823754,0.95,1024,
group.prepare,"binary.127/mode=batch,n=64",,slope,6710.01151029979,6673.303116181485,6748.259587087683,0.95,1024,
group.prepare,"binary.127/mode=batch,n=8",,slope,6884.072243088457,6846.041323249819,6922.196048680408,0.95,1024,
group.prepare,binary.127/mode=indep,,slope,6535.230426691923,6485.874763712511,6578.5753627548875,0.95,1024,
group.prepare,"edwards.107/mode=batch,n=1024",,slope,38856.9957962283,38710.10042065119,39020.015700415286,0.95,1024,
group.prepare,edwards.107/mode=indep,,slope,647477.4559686715,645609.1555894386,649477.4080418063,0.95,1024,
group.prepare,"edwards.127/mode=batch,n=1024",,slope,40901.27670707847,40822.799065684085,40979.32767466321,0.95,1024,
group.prepare,edwards.127/mode=indep,,slope,679208.3043460913,678210.3749468204,680192.8973942995,0.95,1024,
group.prepare,"edwards.61x2/mode=batch,n=1024",,slope,35761.968826869896,35630.2936603301,35901.82568344927,0.95,1024,
group.prepare,edwards.61x2/mode=indep,,slope,241344.7699606916,240718.89499625037,241978.50305031872,0.95,1024,
group.prepare,"twisted.128/mode=batch,n=1024",,slope,12973.790631617532,12938.266270512084,13012.086978483032,0.95,1024,
group.prepare,twisted.128/mode=indep,,slope,12778.807934736069,12738.6445594005,12823.222285945021,0.95,1024,
group.prepare,"twisted.61x2/mode=batch,n=1024",,slope,8117.02089288705,8080.8928388212635,8155.128071874955,0.95,1024,
group.prepare,"twisted.61x2/mode=batch,n=64",,slope,8591.91649316252,8550.780319911095,8636.153707489499,0.95,1024,
group.prepare,"twisted.61x2/mode=batch,n=8",,slope,8797.180935318198,8760.600814189498,8837.479797135431,0.95,1024,
group.prepare,twisted.61x2/mode=indep,,slope,8259.38192432688,8210.381726179798,8308.136252061677,0.95,1024,
group.prepare,"twisted.64x2/mode=batch,n=1024",,slope,9002.601610704354,8971.178332153995,9034.81609342512,0.95,1024,
group.prepare,twisted.64x2/mode=indep,,slope,8961.023312002575,8917.816440048378,9005.446118269689,0.95,1024,
group.prepare,"twisted.goldilocks2/mode=batch,n=1024",,slope,9767.644581557559,9719.342050515439,9818.674211168784,0.95,1024,
group.prepare,twisted.goldilocks2/mode=indep,,slope,9679.239498897365,9638.162334688759,9723.456685637278,0.95,1024,
group.prepare,"weier-jacobian.107/mode=batch,n=1024",,slope,640.1393648224778,638.2880790999045,642.2083385261961,0.95,1024,
group.prepare,weier-jacobian.107/mode=indep,,slope,825.2421520022397,822.3438869430893,828.0511117198112,0.95,1024,
group.prepare,"weier-jacobian.127/mode=batch,n=1024",,slope,1010.6847301011829,1008.3635010510114,1013.1026907121651,0.95,1024,
group.prepare,weier-jacobian.127/mode=indep,,slope,828.6899804948188,825.1995395608506,832.0279558687574,0.95,1024,
group.prepare,"weier-jacobian.61x2/mode=batch,n=1024",,slope,534.4047552059944,532.9782643505795,535.8805581999494,0.95,1024,
group.prepare,weier-jacobian.61x2/mode=indep,,slope,449.28977235537104,432.6271909992313,468.6049498765098,0.95,1024,
group.prepare,"weier.107/mode=batch,n=1024",,slope,640.9564628255035,638.4325529599387,643.8432073229719,0.95,1024,
group.prepare,weier.107/mode=indep,,slope,837.5187130777481,832.7451875067085,842.3219998938424,0.95,1024,
group.prepare,"weier.127/mode=batch,n=1024",,slope,1021.041839883973,1018.0264357042633,1024.0119060173838,0.95,1024,
group.prepare,weier.127/mode=indep,,slope,831.3050275053785,827.8616024245357,834.8335799603828,0.95,1024,
group.prepare,"weier.61x2/mode=batch,n=1024",,slope,536.1374508812912,534.5495508766326,537.8017192663494,0.95,1024,
group.prepare,weier.61x2/mode=indep,,slope,451.83872903380046,435.3531332618794,471.3059528365125,0.95,1024,
group.sub,binary-lambda.109/mode=throughput,,slope,19556.404104463123,19502.85953365122,19612.3586703355,0.95,1024,
group.sub,binary-lambda.122-gls/mode=throughput,,slope,20930.514841325552,20891.64243492387,20970.834121813667,0.95,1024,
group.sub,binary-lambda.122/mode=throughput,,slope,21016.36655552682,20936.290452442685,21108.99496442684,0.95,1024,
group.sub,binary-lambda.127/mode=throughput,,slope,18047.716309416017,18018.99876061956,18081.143504160962,0.95,1024,
group.sub,binary-u.109/mode=throughput,,slope,13948.564411769536,13902.79356955802,13996.937234378256,0.95,1024,
group.sub,binary-u.122-gls/mode=throughput,,slope,14313.50363799109,14279.633084221847,14353.308838947873,0.95,1024,
group.sub,binary-u.122/mode=throughput,,slope,14247.841449133399,14229.160890650783,14268.430931161689,0.95,1024,
group.sub,binary-u.127/mode=throughput,,slope,13407.701551008671,13377.169007361774,13441.92066222699,0.95,1024,
group.sub,binary-w.109/mode=throughput,,slope,19633.34513947444,19577.038208230428,19689.90776888546,0.95,1024,
group.sub,binary-w.122-gls/mode=throughput,,slope,20979.356333924436,20944.17982089071,21016.75676203553,0.95,1024,
group.sub,binary-w.122/mode=throughput,,slope,21000.826598751293,20946.87143595797,21058.117959377763,0.95,1024,
group.sub,binary-w.127/mode=throughput,,slope,18096.97782489891,18072.874161676267,18123.942113023888,0.95,1024,
group.sub,binary.109/mode=throughput,,slope,21153.60222082656,21094.527202455385,21218.76828426243,0.95,1024,
group.sub,binary.122-gls/mode=throughput,,slope,19985.665842116152,19948.98360094049,20026.333464861375,0.95,1024,
group.sub,binary.122/mode=throughput,,slope,20599.336956246,20544.498785245767,20654.82818920162,0.95,1024,
group.sub,binary.127/mode=throughput,,slope,19069.217078608453,19027.95874326694,19114.63541980722,0.95,1024,
group.sub,twisted.61x2/mode=throughput,,slope,25804.565320692804,25757.90282139362,25853.54919437567,0.95,1024,
h2c,"binary-lambda.109/mode=batch,n=1024",,slope,127365.82963203783,126993.63725506078,127751.39433496266,0.95,1024,
h2c,"binary-lambda.109/mode=batch,n=64",,slope,199431.49045544554,198838.8135816835,200048.25749045346,0.95,1024,
h2c,"binary-lambda.109/mode=batch,n=8",,slope,441704.27088320773,440539.90546452877,443009.55694853305,0.95,1024,
h2c,binary-lambda.109/mode=indep,,slope,1188313.376734151,1185743.4221039433,1190992.3029854828,0.95,1024,
h2c,"binary-lambda.122-gls/mode=batch,n=1024",,slope,118355.51069668161,117973.77830943334,118756.62696682896,0.95,1024,
h2c,"binary-lambda.122-gls/mode=batch,n=64",,slope,164782.33369883258,164409.86362953624,165193.51473560088,0.95,1024,
h2c,"binary-lambda.122-gls/mode=batch,n=8",,slope,313563.3521619625,313062.04157644487,314121.3805845014,0.95,1024,
h2c,binary-lambda.122-gls/mode=indep,,slope,708571.9048529629,704854.0786046608,713026.2420473691,0.95,1024,
h2c,"binary-lambda.122/mode=batch,n=1024",,slope,118203.248921728,117889.52503775757,118499.98544876753,0.95,1024,
h2c,"binary-lambda.122/mode=batch,n=64",,slope,160032.07056133758,159632.30176064966,160457.500551696,0.95,1024,
h2c,"binary-lambda.122/mode=batch,n=8",,slope,301500.4882724989,300869.28052066505,302181.1310547148,0.95,1024,
h2c,binary-lambda.122/mode=indep,,slope,694856.8626437121,693504.2110507147,696276.5709606189,0.95,1024,
h2c,"binary-lambda.127/mode=batch,n=1024",,slope,116859.40306027618,116271.72094301193,117438.31622757716,0.95,1024,
h2c,"binary-lambda.127/mode=batch,n=64",,slope,140227.92217821782,139954.13486517224,140533.98129103554,0.95,1024,
h2c,"binary-lambda.127/mode=batch,n=8",,slope,208777.0652194473,208333.45513257658,209297.76374014016,0.95,1024,
h2c,binary-lambda.127/mode=indep,,slope,403858.0046037141,401682.4539325064,405932.37973478,0.95,1024,
h2c,"binary-u.109/mode=batch,n=1024",,slope,127905.42795478055,127611.28471594644,128199.95305203207,0.95,1024,
h2c,"binary-u.109/mode=batch,n=64",,slope,193807.1216289838,193242.80041054936,194423.02493424134,0.95,1024,
h2c,"binary-u.109/mode=batch,n=8",,slope,427417.37239446334,426352.97493062366,428558.1003642894,0.95,1024,
h2c,binary-u.109/mode=indep,,slope,1181696.7841791045,1179295.0694924332,1184079.2854096354,0.95,1024,
h2c,"binary-u.122-gls/mode=batch,n=1024",,slope,123717.4341894488,123354.25134163155,124137.063399105,0.95,1024,
h2c,"binary-u.122-gls/mode=batch,n=64",,slope,169149.61480271906,168764.19913332176,169540.3854867712,0.95,1024,
h2c,"binary-u.122-gls/mode=batch,n=8",,slope,305232.6114216049,304784.15240234806,305691.5522839903,0.95,1024,
h2c,binary-u.122-gls/mode=indep,,slope,693991.1398670017,692255.8841598547,695849.5120271838,0.95,1024,
h2c,"binary-u.122/mode=batch,n=1024",,slope,129600.25941850155,128180.81476680186,131095.50143887565,0.95,1024,
h2c,"binary-u.122/mode=batch,n=64",,slope,168127.81796857298,167559.29899859603,168719.68159252813,0.95,1024,
h2c,"binary-u.122/mode=batch,n=8",,slope,308413.2589574405,307888.54833350104,308972.7687297623,0.95,1024,
h2c,binary-u.122/mode=indep,,slope,690360.7993305748,688426.4522238948,692317.025709292,0.95,1024,
h2c,"binary-u.127/mode=batch,n=1024",,slope,127666.1964101522,127320.48485899091,128013.34371878364,0.95,1024,
h2c,"binary-u.127/mode=batch,n=64",,slope,156170.50258945723,155689.05522525555,156677.10864509668,0.95,1024,
h2c,"binary-u.127/mode=batch,n=8",,slope,230871.61604315057,230024.2311027034,231793.02025388254,0.95,1024,
h2c,binary-u.127/mode=indep,,slope,411073.1319629575,410024.93860727496,412330.7405399807,0.95,1024,
h2c,"binary-w.109/mode=batch,n=1024",,slope,122826.22130633959,122026.1623427394,123798.19047552305,0.95,1024,
h2c,"binary-w.109/mode=batch,n=64",,slope,187016.4833707699,186399.37837176656,187662.150518848,0.95,1024,
h2c,"binary-w.109/mode=batch,n=8",,slope,423253.8594611103,422080.8289452971,424520.80380209384,0.95,1024,
h2c,binary-w.109/mode=indep,,slope,1163576.9244007685,1161038.861565109,1166299.7895377784,0.95,1024,
h2c,"binary-w.122-gls/mode=batch,n=1024",,slope,118362.64813851535,118063.85798205234,118668.66158343523,0.95,1024,
h2c,"binary-w.122-gls/mode=batch,n=64",,slope,164394.68803408698,163956.09415429682,164819.24150097268,0.95,1024,
h2c,"binary-w.122-gls/mode=batch,n=8",,slope,310740.1779082311,309922.05340205855,311520.7174798892,0.95,1024,
h2c,binary-w.122-gls/mode=indep,,slope,674500.0098064134,673441.1466609185,675602.3760646618,0.95,1024,
h2c,"binary-w.122/mode=batch,n=1024",,slope,118988.26806725448,118572.91175148013,119440.03083922261,0.95,1024,
h2c,"binary-w.122/mode=batch,n=64",,slope,159791.13103126516,159515.53924592683,160090.8192832894,0.95,1024,
h2c,"binary-w.122/mode=batch,n=8",,slope,301278.63562952564,300700.93727735075,301898.3624668848,0.95,1024,
h2c,binary-w.122/mode=indep,,slope,670163.7739057189,668623.4703994249,671772.4601994157,0.95,1024,
h2c,"binary-w.127/mode=batch,n=1024",,slope,122028.9770766629,121547.31523405782,122513.00137537057,0.95,1024,
h2c,"binary-w.127/mode=batch,n=64",,slope,148573.28912537737,148264.7275922751,148905.3573683342,0.95,1024,
h2c,"binary-w.127/mode=batch,n=8",,slope,223751.91869543373,223300.8040256732,224264.88363164032,0.95,1024,
h2c,binary-w.127/mode=indep,,slope,401361.4902526969,400381.9290320361,402363.70305727917,0.95,1024,
h2c,"binary.109/mode=batch,n=1024",,slope,128928.9284021723,128329.91189614707,129543.41820535045,0.95,1024,
h2c,"binary.109/mode=batch,n=64",,slope,199220.61088340476,198671.89184337007,199790.06177505347,0.95,1024,
h2c,"binary.109/mode=batch,n=8",,slope,441564.41089798533,440427.7559337559,442798.05085561884,0.95,1024,
h2c,binary.109/mode=indep,,slope,1191481.5008748337,1189003.3197816473,1194108.0463104956,0.95,1024,
h2c,"binary.122-gls/mode=batch,n=1024",,slope,119048.5995964074,118553.4776322268,119623.83492469243,0.95,1024,
h2c,"binary.122-gls/mode=batch,n=64",,slope,164967.9720865967,164574.18700739183,165416.97277202236,0.95,1024,
h2c,"binary.122-gls/mode=batch,n=8",,slope,315695.2641532437,315161.0467078852,316272.52292291826,0.95,1024,
h2c,binary.122-gls/mode=indep,,slope,713653.1978424708,709670.5961044609,718395.5928351304,0.95,1024,
h2c,"binary.122/mode=batch,n=1024",,slope,116684.34375876393,116369.81798374992,117008.89419351223,0.95,1024,
h2c,"binary.122/mode=batch,n=64",,slope,158958.44727648885,158489.3097209532,159436.62141177445,0.95,1024,
h2c,"binary.122/mode=batch,n=8",,slope,300079.7754765775,299348.43715019425,300868.99740858516,0.95,1024,
h2c,binary.122/mode=indep,,slope,686272.6143017586,685414.9540275265,687169.1328217477,0.95,1024,
h2c,"binary.127/mode=batch,n=1024",,slope,115408.88335714169,115028.71856172498,115782.736854708,0.95,1024,
h2c,"binary.127/mode=batch,n=64",,slope,140154.56362346682,139732.26754107213,140658.20543333964,0.95,1024,
h2c,"binary.127/mode=batch,n=8",,slope,204605.09735008128,204212.00568515193,205043.16411702614,0.95,1024,
h2c,binary.127/mode=indep,,slope,375071.9094084035,373826.28064514865,376390.4257703745,0.95,1024,
h2c,"edwards.107/mode=batch,n=1024",,slope,938229.3931446726,935929.9141984654,940689.9946099751,0.95,1024,
h2c,edwards.107/mode=indep,,slope,941061.7679976355,937806.3214279636,944456.3866978363,0.95,1024,
h2c,"edwards.127/mode=batch,n=1024",,slope,1266814.3055829762,1264362.3635159067,1269113.2298574774,0.95,1024,
h2c,edwards.127/mode=indep,,slope,1252973.092472292,1251194.5334013626,1254774.1480978183,0.95,1024,
h2c,"edwards.61x2/mode=batch,n=1024",,slope,722868.6937372544,720434.9842927743,725452.44744106,0.95,1024,
h2c,edwards.61x2/mode=indep,,slope,723489.3933545146,721839.7761504699,725274.7909402873,0.95,1024,
h2c,"twisted.128/mode=batch,n=1024",,mean,2006845.642400001,2002165.192680001,2011633.7943900004,0.95,1024,
h2c,twisted.128/mode=indep,,mean,2014383.545199999,2008877.1248699992,2020309.2723899996,0.95,1024,
h2c,"twisted.61x2/mode=batch,n=1024",,slope,727729.3386227279,725435.2928300984,730163.7535195764,0.95,1024,
h2c,"twisted.61x2/mode=batch,n=64",,slope,719594.8220082754,718647.1379526878,720549.4301226587,0.95,1024,
h2c,"twisted.61x2/mode=batch,n=8",,slope,719637.0072883109,718098.7874413802,721409.4535686905,0.95,1024,
h2c,twisted.61x2/mode=indep,,slope,723140.6569513817,721138.5124292378,725363.9826676991,0.95,1024,
h2c,"twisted.64x2/mode=batch,n=1024",,slope,1027777.191488104,1024611.4551080507,1031020.8274969732,0.95,1024,
h2c,twisted.64x2/mode=indep,,slope,1026351.5137165657,1023178.7365116588,1029743.3539903449,0.95,1024,
h2c,"twisted.goldilocks2/mode=batch,n=1024",,mean,2290623.7613636367,2284842.222113637,2296961.1965795453,0.95,1024,
h2c,twisted.goldilocks2/mode=indep,,mean,2267917.7582608694,2263465.532065217,2272613.1116630426,0.95,1024,
h2c,"weier-jacobian.107/mode=batch,n=1024",,slope,914384.5110551204,912254.2551440874,916653.1261334289,0.95,1024,
h2c,weier-jacobian.107/mode=indep,,slope,907185.6738259199,905308.6086651308,909165.0074882905,0.95,1024,
h2c,"weier-jacobian.127/mode=batch,n=1024",,slope,1185331.2011083197,1182970.5934274518,1187840.873594691,0.95,1024,
h2c,weier-jacobian.127/mode=indep,,slope,1182403.9966632186,1179630.7452822023,1185358.8773139426,0.95,1024,
h2c,"weier-jacobian.61x2/mode=batch,n=1024",,slope,714862.7477996157,713208.5349369481,716684.6319248169,0.95,1024,
h2c,weier-jacobian.61x2/mode=indep,,slope,718653.6292537313,716962.8691705661,720461.1626015833,0.95,1024,
h2c,"weier.107/mode=batch,n=1024",,slope,922734.5692138318,920395.8244580165,925200.1217095357,0.95,1024,
h2c,weier.107/mode=indep,,slope,913796.9260322151,910948.6201043893,916879.4345148607,0.95,1024,
h2c,"weier.127/mode=batch,n=1024",,slope,1193627.295374612,1191179.3788501627,1196134.1832358458,0.95,1024,
h2c,weier.127/mode=indep,,slope,1188439.7489640904,1185298.7025814757,1191720.9217159892,0.95,1024,
h2c,"weier.61x2/mode=batch,n=1024",,slope,714552.0925314024,712628.0906845856,716503.2668780669,0.95,1024,
h2c,weier.61x2/mode=indep,,slope,712348.4785931727,710729.816349056,714065.3204814702,0.95,1024,
h2c.id,"binary-lambda.109/proj=fp127,h2c=pornin-addend,mode=batch,n=1024",,slope,60517.329055363836,60307.922443566786,60761.162348798636,0.95,1024,
h2c.id,"binary-lambda.109/proj=fp127,h2c=ti,mode=batch,n=1024",,slope,76679.21981562105,76458.63361406997,76913.39824205189,0.95,1024,
h2c.id,"binary-lambda.109/proj=fp127,h2c=ti-addend,mode=batch,n=1024",,slope,68144.37732545195,67922.25041809905,68389.65137467357,0.95,1024,
h2c.id,"binary-lambda.109/proj=fp130,h2c=pornin-addend,mode=batch,n=1024",,slope,66520.00723097385,66296.60081447095,66784.41329122175,0.95,1024,
h2c.id,"binary-lambda.109/proj=fp130,h2c=ti,mode=batch,n=1024",,slope,104895.65833426925,104485.77861002447,105340.77887837615,0.95,1024,
h2c.id,"binary-lambda.109/proj=fp130,h2c=ti-addend,mode=batch,n=1024",,slope,96028.22415949058,95661.6775588377,96436.95240162937,0.95,1024,
h2c.id,"binary-lambda.109/proj=gf2_127,h2c=pornin-addend,mode=batch,n=1024",,slope,57015.57695072492,56869.999457539285,57171.38600444742,0.95,1024,
h2c.id,"binary-lambda.109/proj=gf2_127,h2c=ti,mode=batch,n=1024",,slope,74212.67835525343,73991.2493574129,74458.94817343244,0.95,1024,
h2c.id,"binary-lambda.109/proj=gf2_127,h2c=ti-addend,mode=batch,n=1024",,slope,65802.20485536427,65620.56430502643,65992.88218247409,0.95,1024,
h2c.id,"binary-lambda.109/proj=none,h2c=pornin-addend,mode=batch,n=1024",,slope,107964.59893157972,107667.21738527896,108281.03567721012,0.95,1024,
h2c.id,"binary-lambda.109/proj=none,h2c=ti,mode=batch,n=1024",,slope,135417.9144783508,134935.23222049742,135921.4366735427,0.95,1024,
h2c.id,"binary-lambda.109/proj=none,h2c=ti-addend,mode=batch,n=1024",,slope,127139.22120104921,126648.38687089528,127653.43526428015,0.95,1024,
h2c.id,"binary-lambda.122-gls/proj=fp127,h2c=pornin-addend,mode=batch,n=1024",,slope,49950.03772188562,49812.57983063234,50116.298967821065,0.95,1024,
h2c.id,"binary-lambda.122-gls/proj=fp127,h2c=ti,mode=batch,n=1024",,slope,71206.46779961578,71119.491325287,71301.57185765321,0.95,1024,
h2c.id,"binary-lambda.122-gls/proj=fp127,h2c=ti-addend,mode=batch,n=1024",,slope,61975.750236995715,61863.39833247514,62101.64741196391,0.95,1024,
h2c.id,"binary-lambda.122-gls/proj=fp130,h2c=pornin-addend,mode=batch,n=1024",,slope,56685.33030918017,56570.099312837956,56813.492261440355,0.95,1024,
h2c.id,"binary-lambda.122-gls/proj=fp130,h2c=ti,mode=batch,n=1024",,slope,99603.52959361608,99402.34219261628,99817.44959991722,0.95,1024,
h2c.id,"binary-lambda.122-gls/proj=fp130,h2c=ti-addend,mode=batch,n=1024",,slope,90853.29835780594,90609.8071407044,91126.26925785824,0.95,1024,
h2c.id,"binary-lambda.122-gls/proj=gf2_127,h2c=pornin-addend,mode=batch,n=1024",,slope,47222.12586487646,47142.89181993816,47311.44687731723,0.95,1024,
h2c.id,"binary-lambda.122-gls/proj=gf2_127,h2c=ti,mode=batch,n=1024",,slope,66174.63493581596,66091.01657069576,66270.71436401572,0.95,1024,
h2c.id,"binary-lambda.122-gls/proj=gf2_127,h2c=ti-addend,mode=batch,n=1024",,slope,56819.27396220219,56735.754167019506,56915.330245906174,0.95,1024,
h2c.id,"binary-lambda.122-gls/proj=none,h2c=pornin-addend,mode=batch,n=1024",,slope,97493.75698402677,97307.41796020196,97699.31539000124,0.95,1024,
h2c.id,"binary-lambda.122-gls/proj=none,h2c=ti,mode=batch,n=1024",,slope,126531.67977870548,126304.68697656541,126756.26761380775,0.95,1024,
h2c.id,"binary-lambda.122-gls/proj=none,h2c=ti-addend,mode=batch,n=1024",,slope,116769.28600101802,116399.00042852349,117206.19737989517,0.95,1024,
h2c.id,"binary-lambda.122/proj=fp127,h2c=pornin-addend,mode=batch,n=1024",,slope,50984.88785192848,50821.05178978864,51162.83095446765,0.95,1024,
h2c.id,"binary-lambda.122/proj=fp127,h2c=ti,mode=batch,n=1024",,slope,73862.24413857164,73625.42207397254,74127.50427309303,0.95,1024,
h2c.id,"binary-lambda.122/proj=fp127,h2c=ti-addend,mode=batch,n=1024",,slope,64545.6253108837,64322.57648823206,64811.92444650621,0.95,1024,
h2c.id,"binary-lambda.122/proj=fp130,h2c=pornin-addend,mode=batch,n=1024",,slope,57105.384030671725,56963.15409285485,57262.87225404814,0.95,1024,
h2c.id,"binary-lambda.122/proj=fp130,h2c=ti,mode=batch,n=1024",,slope,99832.80054411113,99522.86453248937,100147.82020835463,0.95,1024,
h2c.id,"binary-lambda.122/proj=fp130,h2c=ti-addend,mode=batch,n=1024",,slope,90107.12166530086,89839.90833234903,90395.65424091103,0.95,1024,
h2c.id,"binary-lambda.122/proj=gf2_127,h2c=pornin-addend,mode=batch,n=1024",,slope,47463.36730534034,47290.750750032814,47646.9378904039,0.95,1024,
h2c.id,"binary-lambda.122/proj=gf2_127,h2c=ti,mode=batch,n=1024",,slope,66072.44199516033,65830.05941622729,66331.04931067952,0.95,1024,
h2c.id,"binary-lambda.122/proj=gf2_127,h2c=ti-addend,mode=batch,n=1024",,slope,56457.98503423476,56283.39403825851,56645.84854783087,0.95,1024,
h2c.id,"binary-lambda.122/proj=none,h2c=pornin-addend,mode=batch,n=1024",,slope,98099.41874479089,97846.30049310249,98365.14449484849,0.95,1024,
h2c.id,"binary-lambda.122/proj=none,h2c=ti,mode=batch,n=1024",,slope,129211.05962132408,128808.43437467696,129651.40791668386,0.95,1024,
h2c.id,"binary-lambda.122/proj=none,h2c=ti-addend,mode=batch,n=1024",,slope,120502.06928689884,120069.16185349024,120965.89757729156,0.95,1024,
h2c.id,"binary-lambda.127/proj=fp127,h2c=pornin-addend,mode=batch,n=1024",,slope,47762.98599140085,47701.96326577717,47832.02555747369,0.95,1024,
h2c.id,"binary-lambda.127/proj=fp127,h2c=ti,mode=batch,n=1024",,slope,68832.69014551007,68554.55807057633,69278.25109067892,0.95,1024,
h2c.id,"binary-lambda.127/proj=fp127,h2c=ti-addend,mode=batch,n=1024",,slope,60388.915621832595,60269.90531078671,60517.985703558974,0.95,1024,
h2c.id,"binary-lambda.127/proj=fp130,h2c=pornin-addend,mode=batch,n=1024",,slope,54738.80483320759,54579.72277518151,54926.168583389706,0.95,1024,
h2c.id,"binary-lambda.127/proj=fp130,h2c=ti,mode=batch,n=1024",,slope,99225.82844553112,98987.03809080459,99481.21457694196,0.95,1024,
h2c.id,"binary-lambda.127/proj=fp130,h2c=ti-addend,mode=batch,n=1024",,slope,90382.97212730229,90221.17923843028,90554.63553384502,0.95,1024,
h2c.id,"binary-lambda.127/proj=gf2_127,h2c=pornin-addend,mode=batch,n=1024",,slope,44909.88808308865,44845.712574828955,44976.209455895885,0.95,1024,
h2c.id,"binary-lambda.127/proj=gf2_127,h2c=ti,mode=batch,n=1024",,slope,64684.365194140686,64551.6993664026,64847.18001644706,0.95,1024,
h2c.id,"binary-lambda.127/proj=gf2_127,h2c=ti-addend,mode=batch,n=1024",,slope,56490.49162849121,56338.89132476929,56660.39579378996,0.95,1024,
h2c.id,"binary-lambda.127/proj=none,h2c=pornin-addend,mode=batch,n=1024",,slope,95278.01188441232,95058.89638733014,95516.32197399762,0.95,1024,
h2c.id,"binary-lambda.127/proj=none,h2c=ti,mode=batch,n=1024",,slope,122400.1724946226,122141.6298941392,122676.82910434574,0.95,1024,
h2c.id,"binary-lambda.127/proj=none,h2c=ti-addend,mode=batch,n=1024",,slope,114171.80013037125,113922.86756422442,114432.20257626851,0.95,1024,
h2c.id,"binary-u.109/proj=fp127,h2c=pornin-addend,mode=batch,n=1024",,slope,65738.10829485001,65502.59226215439,65987.78185063695,0.95,1024,
h2c.id,"binary-u.109/proj=fp127,h2c=ti,mode=batch,n=1024",,slope,73653.22313643944,73424.89819697343,73902.24379389161,0.95,1024,
h2c.id,"binary-u.109/proj=fp130,h2c=pornin-addend,mode=batch,n=1024",,slope,71440.79900610104,71235.43409928192,71660.00518897889,0.95,1024,
h2c.id,"binary-u.109/proj=fp130,h2c=ti,mode=batch,n=1024",,slope,101302.56913787498,101084.53048525509,101541.08711760139,0.95,1024,
h2c.id,"binary-u.109/proj=gf2_127,h2c=pornin-addend,mode=batch,n=1024",,slope,62012.99490911778,61792.68163491242,62270.56559825139,0.95,1024,
h2c.id,"binary-u.109/proj=gf2_127,h2c=ti,mode=batch,n=1024",,slope,71918.6008066457,71717.25549205707,72134.06222067618,0.95,1024,
h2c.id,"binary-u.109/proj=none,h2c=pornin-addend,mode=batch,n=1024",,slope,113049.79877148909,112630.71068551404,113490.16758509575,0.95,1024,
h2c.id,"binary-u.109/proj=none,h2c=ti,mode=batch,n=1024",,slope,132995.0077811438,132647.22608822654,133365.093418646,0.95,1024,
h2c.id,"binary-u.122-gls/proj=fp127,h2c=pornin-addend,mode=batch,n=1024",,slope,54867.4588420586,54680.15950125546,55084.62464769919,0.95,1024,
h2c.id,"binary-u.122-gls/proj=fp127,h2c=ti,mode=batch,n=1024",,slope,67163.5065707108,67015.31113459432,67327.64869013698,0.95,1024,
h2c.id,"binary-u.122-gls/proj=fp130,h2c=pornin-addend,mode=batch,n=1024",,slope,60579.289441146044,60437.10618250195,60739.99631721663,0.95,1024,
h2c.id,"binary-u.122-gls/proj=fp130,h2c=ti,mode=batch,n=1024",,slope,96586.63478968793,96350.91655032261,96832.8017305951,0.95,1024,
h2c.id,"binary-u.122-gls/proj=gf2_127,h2c=pornin-addend,mode=batch,n=1024",,slope,51275.24726540565,51180.58666514912,51377.808918957446,0.95,1024,
h2c.id,"binary-u.122-gls/proj=gf2_127,h2c=ti,mode=batch,n=1024",,slope,63405.430642456035,63304.31628333724,63517.673558647955,0.95,1024,
h2c.id,"binary-u.122-gls/proj=none,h2c=pornin-addend,mode=batch,n=1024",,slope,101879.81281129009,101631.35897066472,102144.2622649781,0.95,1024,
h2c.id,"binary-u.122-gls/proj=none,h2c=ti,mode=batch,n=1024",,slope,126119.82983375204,125758.15829777645,126515.3004538387,0.95,1024,
h2c.id,"binary-u.122/proj=fp127,h2c=pornin-addend,mode=batch,n=1024",,slope,55121.05424839499,54988.07869206429,55259.19140134474,0.95,1024,
h2c.id,"binary-u.122/proj=fp127,h2c=ti,mode=batch,n=1024",,slope,70287.23174878085,70111.42935079349,70474.4350205053,0.95,1024,
h2c.id,"binary-u.122/proj=fp130,h2c=pornin-addend,mode=batch,n=1024",,slope,61518.745183111816,61339.69568459104,61715.98249359445,0.95,1024,
h2c.id,"binary-u.122/proj=fp130,h2c=ti,mode=batch,n=1024",,slope,100164.01851573813,99884.41229396053,100454.21079884219,0.95,1024,
h2c.id,"binary-u.122/proj=gf2_127,h2c=pornin-addend,mode=batch,n=1024",,slope,51466.0536574553,51360.070518818306,51586.428564758644,0.95,1024,
h2c.id,"binary-u.122/proj=gf2_127,h2c=ti,mode=batch,n=1024",,slope,65428.71854606916,65217.02949987894,65659.591624145,0.95,1024,
h2c.id,"binary-u.122/proj=none,h2c=pornin-addend,mode=batch,n=1024",,slope,102723.55551588592,102377.996750917,103095.06383465901,0.95,1024,
h2c.id,"binary-u.122/proj=none,h2c=ti,mode=batch,n=1024",,slope,126057.58264777597,125680.200962945,126456.44277033626,0.95,1024,
h2c.id,"binary-u.127/proj=fp127,h2c=pornin-addend,mode=batch,n=1024",,slope,53768.932264627874,53613.88697099213,53947.61718159148,0.95,1024,
h2c.id,"binary-u.127/proj=fp127,h2c=ti,mode=batch,n=1024",,slope,65423.51812472292,65201.3705121277,65664.85173567524,0.95,1024,
h2c.id,"binary-u.127/proj=fp130,h2c=pornin-addend,mode=batch,n=1024",,slope,59731.4120868575,59530.75590191677,59939.7134539373,0.95,1024,
h2c.id,"binary-u.127/proj=fp130,h2c=ti,mode=batch,n=1024",,slope,93315.9703889195,92977.99868416162,93667.33966884279,0.95,1024,
h2c.id,"binary-u.127/proj=gf2_127,h2c=pornin-addend,mode=batch,n=1024",,slope,50368.687132259496,50247.59323501836,50499.67976597015,0.95,1024,
h2c.id,"binary-u.127/proj=gf2_127,h2c=ti,mode=batch,n=1024",,slope,60447.00262936917,60311.897161632376,60592.17693724732,0.95,1024,
h2c.id,"binary-u.127/proj=none,h2c=pornin-addend,mode=batch,n=1024",,slope,101116.0001888577,100811.4491516514,101446.16069114543,0.95,1024,
h2c.id,"binary-u.127/proj=none,h2c=ti,mode=batch,n=1024",,slope,122459.67198331773,121998.70308272309,122928.87512851434,0.95,1024,
h2c.id,"binary-w.109/proj=fp127,h2c=pornin-addend,mode=batch,n=1024",,slope,59951.03079929415,59775.45153448252,60145.680931222225,0.95,1024,
h2c.id,"binary-w.109/proj=fp127,h2c=ti,mode=batch,n=1024",,slope,68812.83617713413,68165.54819309589,69646.72289885466,0.95,1024,
h2c.id,"binary-w.109/proj=fp130,h2c=pornin-addend,mode=batch,n=1024",,slope,66556.469496478,66382.18537204465,66738.23840091046,0.95,1024,
h2c.id,"binary-w.109/proj=fp130,h2c=ti,mode=batch,n=1024",,slope,94896.047162567,94604.94055246351,95218.43691073955,0.95,1024,
h2c.id,"binary-w.109/proj=gf2_127,h2c=pornin-addend,mode=batch,n=1024",,slope,57629.14116940052,57472.9187419217,57793.247500160905,0.95,1024,
h2c.id,"binary-w.109/proj=gf2_127,h2c=ti,mode=batch,n=1024",,slope,66572.68601467909,66380.62975293469,66783.2226265898,0.95,1024,
h2c.id,"binary-w.109/proj=none,h2c=pornin-addend,mode=batch,n=1024",,slope,107525.77137017882,107255.64878446324,107820.0746809316,0.95,1024,
h2c.id,"binary-w.109/proj=none,h2c=ti,mode=batch,n=1024",,slope,126997.88513632334,126546.31054304354,127494.68772851919,0.95,1024,
h2c.id,"binary-w.122-gls/proj=fp127,h2c=pornin-addend,mode=batch,n=1024",,slope,51163.69710669425,51015.418867453925,51334.81150280595,0.95,1024,
h2c.id,"binary-w.122-gls/proj=fp127,h2c=ti,mode=batch,n=1024",,slope,62876.01119236737,62707.29451652803,63072.78522720886,0.95,1024,
h2c.id,"binary-w.122-gls/proj=fp130,h2c=pornin-addend,mode=batch,n=1024",,slope,56647.37680245636,56534.14591172913,56776.57610219095,0.95,1024,
h2c.id,"binary-w.122-gls/proj=fp130,h2c=ti,mode=batch,n=1024",,slope,89642.33007216394,89431.12124427562,89863.33101818127,0.95,1024,
h2c.id,"binary-w.122-gls/proj=gf2_127,h2c=pornin-addend,mode=batch,n=1024",,slope,47523.90825898795,47427.33438140243,47627.633545068136,0.95,1024,
h2c.id,"binary-w.122-gls/proj=gf2_127,h2c=ti,mode=batch,n=1024",,slope,59464.770842931524,59296.82488521394,59632.33422402874,0.95,1024,
h2c.id,"binary-w.122-gls/proj=none,h2c=pornin-addend,mode=batch,n=1024",,slope,97399.58922551956,97210.35651412184,97605.47582823854,0.95,1024,
h2c.id,"binary-w.122-gls/proj=none,h2c=ti,mode=batch,n=1024",,slope,119218.23726253222,119022.97704821888,119411.14392458778,0.95,1024,
h2c.id,"binary-w.122/proj=fp127,h2c=pornin-addend,mode=batch,n=1024",,slope,50562.94279237476,50411.22972928472,50721.55100360728,0.95,1024,
h2c.id,"binary-w.122/proj=fp127,h2c=ti,mode=batch,n=1024",,slope,64652.8538665583,64473.02909906536,64834.901812663935,0.95,1024,
h2c.id,"binary-w.122/proj=fp130,h2c=pornin-addend,mode=batch,n=1024",,slope,56987.95213191468,56855.13439539173,57128.45470634849,0.95,1024,
h2c.id,"binary-w.122/proj=fp130,h2c=ti,mode=batch,n=1024",,slope,92945.68403428403,92773.91790409184,93126.51447734132,0.95,1024,
h2c.id,"binary-w.122/proj=gf2_127,h2c=pornin-addend,mode=batch,n=1024",,slope,47747.41419170062,47604.24528891735,47906.34522028162,0.95,1024,
h2c.id,"binary-w.122/proj=gf2_127,h2c=ti,mode=batch,n=1024",,slope,59908.66975234486,59692.249528160566,60140.41345361721,0.95,1024,
h2c.id,"binary-w.122/proj=none,h2c=pornin-addend,mode=batch,n=1024",,slope,97576.1964235528,97395.2687235819,97776.3735579319,0.95,1024,
h2c.id,"binary-w.122/proj=none,h2c=ti,mode=batch,n=1024",,slope,119119.73062771949,118871.50786504663,119376.0651772723,0.95,1024,
h2c.id,"binary-w.127/proj=fp127,h2c=pornin-addend,mode=batch,n=1024",,slope,50657.253947687306,50558.27938119205,50749.41293519043,0.95,1024,
h2c.id,"binary-w.127/proj=fp127,h2c=ti,mode=batch,n=1024",,slope,62079.290521127616,61803.85282380858,62316.64187058889,0.95,1024,
h2c.id,"binary-w.127/proj=fp130,h2c=pornin-addend,mode=batch,n=1024",,slope,54690.44887884703,54531.01043102624,54874.81424499395,0.95,1024,
h2c.id,"binary-w.127/proj=fp130,h2c=ti,mode=batch,n=1024",,slope,86981.13439904439,86742.05304297188,87273.75535568167,0.95,1024,
h2c.id,"binary-w.127/proj=gf2_127,h2c=pornin-addend,mode=batch,n=1024",,slope,46891.36720837755,46798.400826712066,46997.07645343166,0.95,1024,
h2c.id,"binary-w.127/proj=gf2_127,h2c=ti,mode=batch,n=1024",,slope,57008.49273467645,56879.04850052453,57139.40409038135,0.95,1024,
h2c.id,"binary-w.127/proj=none,h2c=pornin-addend,mode=batch,n=1024",,slope,95234.71521420799,95029.67154488889,95452.76938129198,0.95,1024,
h2c.id,"binary-w.127/proj=none,h2c=ti,mode=batch,n=1024",,slope,115192.89122670476,114986.66126923481,115420.15563038937,0.95,1024,
h2c.id,"binary.109/proj=fp127,h2c=pornin,mode=batch,n=1024",,slope,68534.96889039948,68364.34202548131,68712.30129935128,0.95,1024,
h2c.id,"binary.109/proj=fp127,h2c=ti,mode=batch,n=1024",,slope,73586.25931769723,73411.6064173692,73758.5636479147,0.95,1024,
h2c.id,"binary.109/proj=fp130,h2c=pornin,mode=batch,n=1024",,slope,74251.91177120057,74010.14910240796,74513.13251755729,0.95,1024,
h2c.id,"binary.109/proj=fp130,h2c=ti,mode=batch,n=1024",,slope,105727.53447199645,105338.98299156486,106166.91084177743,0.95,1024,
h2c.id,"binary.109/proj=gf2_127,h2c=pornin,mode=batch,n=1024",,slope,65303.95906069898,65141.51193252867,65483.38994913404,0.95,1024,
h2c.id,"binary.109/proj=gf2_127,h2c=ti,mode=batch,n=1024",,slope,73345.57283370981,73120.5945744124,73602.76723836566,0.95,1024,
h2c.id,"binary.109/proj=none,h2c=pornin,mode=batch,n=1024",,slope,115930.83090915062,115546.63263724274,116336.9582142899,0.95,1024,
h2c.id,"binary.109/proj=none,h2c=ti,mode=batch,n=1024",,slope,134906.29147258756,134437.61817727613,135364.50462069234,0.95,1024,
h2c.id,"binary.122-gls/proj=fp127,h2c=pornin,mode=batch,n=1024",,slope,56028.5309134197,55941.907595930556,56118.563335001636,0.95,1024,
h2c.id,"binary.122-gls/proj=fp127,h2c=ti,mode=batch,n=1024",,slope,68874.01000679769,68765.59905044695,68992.19575537913,0.95,1024,
h2c.id,"binary.122-gls/proj=fp130,h2c=pornin,mode=batch,n=1024",,slope,62138.11926777006,61966.15498463627,62356.52941131313,0.95,1024,
h2c.id,"binary.122-gls/proj=fp130,h2c=ti,mode=batch,n=1024",,slope,94886.23288928893,94734.90045150029,95045.55785976507,0.95,1024,
h2c.id,"binary.122-gls/proj=gf2_127,h2c=pornin,mode=batch,n=1024",,slope,52930.1895478833,52776.58491929452,53120.680392558956,0.95,1024,
h2c.id,"binary.122-gls/proj=gf2_127,h2c=ti,mode=batch,n=1024",,slope,64202.80304012117,64052.13376518344,64369.90940967533,0.95,1024,
h2c.id,"binary.122-gls/proj=none,h2c=pornin,mode=batch,n=1024",,slope,102635.44655918427,102454.50611068623,102837.97595086833,0.95,1024,
h2c.id,"binary.122-gls/proj=none,h2c=ti,mode=batch,n=1024",,slope,123388.60228363135,123024.60124349096,123745.07598944328,0.95,1024,
h2c.id,"binary.122/proj=fp127,h2c=pornin,mode=batch,n=1024",,slope,57427.35599494278,57220.93903939979,57652.6969838269,0.95,1024,
h2c.id,"binary.122/proj=fp127,h2c=ti,mode=batch,n=1024",,slope,71583.16393274082,71388.16370385583,71791.49473843677,0.95,1024,
h2c.id,"binary.122/proj=fp130,h2c=pornin,mode=batch,n=1024",,slope,63701.07747358504,63493.45602925586,63908.30500371863,0.95,1024,
h2c.id,"binary.122/proj=fp130,h2c=ti,mode=batch,n=1024",,slope,97771.95598962881,97451.02989671708,98132.29138698096,0.95,1024,
h2c.id,"binary.122/proj=gf2_127,h2c=pornin,mode=batch,n=1024",,slope,54655.916736795436,54484.345712869545,54839.14795410608,0.95,1024,
h2c.id,"binary.122/proj=gf2_127,h2c=ti,mode=batch,n=1024",,slope,64876.65128953007,64689.07125089146,65073.03159101677,0.95,1024,
h2c.id,"binary.122/proj=none,h2c=pornin,mode=batch,n=1024",,slope,105006.8964575144,104685.16896918214,105352.56828382783,0.95,1024,
h2c.id,"binary.122/proj=none,h2c=ti,mode=batch,n=1024",,slope,128836.00865967193,127869.12743795634,130041.43244168967,0.95,1024,
h2c.id,"binary.127/proj=fp127,h2c=pornin,mode=batch,n=1024",,slope,55900.42287013776,55811.9209663651,55998.64088318103,0.95,1024,
h2c.id,"binary.127/proj=fp127,h2c=ti,mode=batch,n=1024",,slope,66316.33015733215,66173.13870506453,66474.90512855955,0.95,1024,
h2c.id,"binary.127/proj=fp130,h2c=pornin,mode=batch,n=1024",,slope,62154.40625,62032.56797212347,62292.38982679677,0.95,1024,
h2c.id,"binary.127/proj=fp130,h2c=ti,mode=batch,n=1024",,slope,94733.80862689254,94494.90719271816,94993.77989832115,0.95,1024,
h2c.id,"binary.127/proj=gf2_127,h2c=pornin,mode=batch,n=1024",,slope,52884.17806709029,52800.48653747107,52971.954356875256,0.95,1024,
h2c.id,"binary.127/proj=gf2_127,h2c=ti,mode=batch,n=1024",,slope,62393.384831904834,62284.15197235496,62515.56282331077,0.95,1024,
h2c.id,"binary.127/proj=none,h2c=pornin,mode=batch,n=1024",,slope,103471.42320821635,103257.45953996737,103715.14520425539,0.95,1024,
h2c.id,"binary.127/proj=none,h2c=ti,mode=batch,n=1024",,slope,120796.3260125117,120562.47653526475,121030.47202263655,0.95,1024,
h2c.id,"twisted.61x2/proj=fp127,h2c=elligator2,mode=batch,n=1024",,slope,969521.1551248707,964962.35570934,975711.1587489229,0.95,1024,
h2c.id,"twisted.61x2/proj=fp127,h2c=ti,mode=batch,n=1024",,slope,677537.4079385252,676391.3950007629,678803.5991737763,0.95,1024,
h2c.id,"twisted.61x2/proj=fp130,h2c=elligator2,mode=batch,n=1024",,slope,964346.0089345352,963143.5252084966,965575.9027235146,0.95,1024,
h2c.id,"twisted.61x2/proj=fp130,h2c=ti,mode=batch,n=1024",,slope,693225.679385252,692184.0300123907,694321.5237351668,0.95,1024,
h2c.id,"twisted.61x2/proj=gf2_127,h2c=elligator2,mode=batch,n=1024",,slope,958221.6516772573,956838.0144121764,959707.5452614509,0.95,1024,
h2c.id,"twisted.61x2/proj=gf2_127,h2c=ti,mode=batch,n=1024",,slope,674117.2580168465,673099.9184433409,675195.5207543948,0.95,1024,
h2c.id,"twisted.61x2/proj=none,h2c=elligator2,mode=batch,n=1024",,slope,1019967.6832362937,1017968.5410742522,1022192.3564151624,0.95,1024,
h2c.id,"twisted.61x2/proj=none,h2c=ti,mode=batch,n=1024",,slope,712376.0560691592,711447.0031813661,713386.857883556,0.95,1024,
h2c_parts,digest/sha512 (ristretto input),,slope,179454.58223190976,178756.84572962602,180201.7177532326,0.95,1024,
h2c_parts,ristretto255/from_uniform_bytes (2 maps + add),,mean,5971696.013333335,5957198.971611111,5987510.586722221,0.95,1024,
hash_to_curve,edwards107/edwards-native try-and-increment,,slope,1344944.088056746,1341866.7880817547,1348450.0587497118,0.95,1024,
hash_to_curve,edwards107/elligator2 x1,,slope,1309564.9819713314,1303957.944223705,1315973.3124573727,0.95,1024,
hash_to_curve,edwards127/edwards-native try-and-increment,,slope,1319319.5895906605,1315783.5972431384,1323317.4241791696,0.95,1024,
hash_to_curve,edwards127/elligator2 x1,,slope,1543486.6540505395,1540045.8656065757,1547356.9253027171,0.95,1024,
hash_to_curve,edwards61x2/elligator2 x1,,slope,810762.0637845426,808744.3234949359,812918.5803241647,0.95,1024,
hash_to_curve,"gf2_109-lambda/pornin map x1 to (x, λ)",,slope,670691.1995906605,669051.4231350198,672305.9822409085,0.95,1024,
hash_to_curve,"gf2_109-lambda/pornin map x1 to (x, λ), batched",,slope,107088.6693678144,106786.08926015736,107398.62525778917,0.95,1024,
hash_to_curve,"gf2_109-lambda/try-and-increment to (x, λ)",,slope,1194185.1370829022,1190678.0221127255,1198050.5758186264,0.95,1024,
hash_to_curve,"gf2_109-lambda/try-and-increment to (x, λ), batched",,slope,133804.00819639428,132940.2223432775,134667.6202192035,0.95,1024,
hash_to_curve,"gf2_109-u/pornin map x1 to (u, v)",,slope,673166.3312812176,671486.0747339254,674899.0290454834,0.95,1024,
hash_to_curve,"gf2_109-u/pornin map x1 to (u, v), batched",,slope,112234.20480370426,111878.2652600245,112593.71172135333,0.95,1024,
hash_to_curve,"gf2_109-w/pornin map x1 to (x, λ)",,slope,667419.2204773164,665880.4555281283,668927.6319002014,0.95,1024,
hash_to_curve,"gf2_109-w/pornin map x1 to (x, λ), batched",,slope,106651.28444598788,106396.24980989362,106918.17983522339,0.95,1024,
hash_to_curve,gf2_109/pornin map x1,,slope,690850.3241155609,688918.103472721,692860.2278672626,0.95,1024,
hash_to_curve,"gf2_109/pornin map x1, batched",,slope,116387.29423575194,116100.93226946777,116682.53293886613,0.95,1024,
hash_to_curve,"gf2_122-gls-lambda/pornin map x1 to (x, λ)",,slope,393889.58110733464,392906.79041897797,394949.90062094067,0.95,1024,
hash_to_curve,"gf2_122-gls-lambda/pornin map x1 to (x, λ), batched",,slope,97310.24031167295,96950.76969085868,97679.73614536675,0.95,1024,
hash_to_curve,"gf2_122-gls-lambda/try-and-increment to (x, λ)",,slope,695507.4027678439,694130.4569501786,696948.0692157598,0.95,1024,
hash_to_curve,"gf2_122-gls-lambda/try-and-increment to (x, λ), batched",,slope,123530.32894964123,122488.93631509082,124690.25938831862,0.95,1024,
hash_to_curve,"gf2_122-gls-u/pornin map x1 to (u, v)",,slope,399020.4496409044,398492.24489960313,399586.5396264664,0.95,1024,
hash_to_curve,"gf2_122-gls-u/pornin map x1 to (u, v), batched",,slope,99903.78298743904,99707.30924829635,100113.31377931862,0.95,1024,
hash_to_curve,"gf2_122-gls-w/pornin map x1 to (x, λ)",,slope,394078.768187774,392966.1562165004,395248.69443668524,0.95,1024,
hash_to_curve,"gf2_122-gls-w/pornin map x1 to (x, λ), batched",,slope,96902.83276676922,96625.12580881192,97203.00840451784,0.95,1024,
hash_to_curve,gf2_122-gls/pornin map x1,,slope,403873.96291709767,402869.27613068325,404932.760142386,0.95,1024,
hash_to_curve,"gf2_122-gls/pornin map x1, batched",,slope,103783.48201566425,103420.91416473984,104147.1666609744,0.95,1024,
hash_to_curve,"gf2_122-lambda/pornin map x1 to (x, λ)",,slope,390469.5580404906,389584.72862467315,391395.91023839376,0.95,1024,
hash_to_curve,"gf2_122-lambda/pornin map x1 to (x, λ), batched",,slope,97230.44421752624,96994.80885119495,97481.79459772444,0.95,1024,
hash_to_curve,"gf2_122-lambda/try-and-increment to (x, λ)",,slope,687853.0669129599,685536.157485505,690392.6827388122,0.95,1024,
hash_to_curve,"gf2_122-lambda/try-and-increment to (x, λ), batched",,slope,122199.06068272499,121125.80557848513,123389.04117384227,0.95,1024,
hash_to_curve,"gf2_122-u/pornin map x1 to (u, v)",,slope,400201.7782109256,399289.7457537045,401147.88747205946,0.95,1024,
hash_to_curve,"gf2_122-u/pornin map x1 to (u, v), batched",,slope,101639.80638155756,101370.31991888468,101918.65665796549,0.95,1024,
hash_to_curve,"gf2_122-w/pornin map x1 to (x, λ)",,slope,390112.8583232353,389203.90617800097,391093.15817702084,0.95,1024,
hash_to_curve,"gf2_122-w/pornin map x1 to (x, λ), batched",,slope,97494.10299501591,97229.77663029234,97773.72876628833,0.95,1024,
hash_to_curve,gf2_122/pornin map x1,,slope,401122.12405201717,400151.77390666166,402139.7776435292,0.95,1024,
hash_to_curve,"gf2_122/pornin map x1, batched",,slope,105240.53815014039,104879.96938445415,105676.15018821771,0.95,1024,
hash_to_curve,"gf2_127-lambda/pornin map x1 to (x, λ)",,slope,250752.87291044777,249635.39794303325,252015.69322599442,0.95,1024,
hash_to_curve,"gf2_127-lambda/pornin map x1 to (x, λ), batched",,slope,94905.575463009,94605.7239787184,95251.27745840163,0.95,1024,
hash_to_curve,"gf2_127-lambda/try-and-increment to (x, λ)",,slope,378189.81807595683,376893.95820875175,379509.55138559605,0.95,1024,
hash_to_curve,"gf2_127-lambda/try-and-increment to (x, λ), batched",,slope,113789.44995648818,113262.101734897,114325.35778788826,0.95,1024,
hash_to_curve,"gf2_127-u/pornin map x1 to (u, v)",,slope,255075.2841931432,253975.54858460577,256204.59954955222,0.95,1024,
hash_to_curve,"gf2_127-u/pornin map x1 to (u, v), batched",,slope,100308.87888931579,99703.64479776759,100919.10388539734,0.95,1024,
hash_to_curve,"gf2_127-w/pornin map x1 to (x, λ)",,slope,249581.40588148366,248677.32755764335,250519.57170834445,0.95,1024,
hash_to_curve,"gf2_127-w/pornin map x1 to (x, λ), batched",,slope,95022.651995916,94652.34854130902,95446.35681394537,0.95,1024,
hash_to_curve,gf2_127/pornin map x1,,slope,262281.0753790454,260437.88106943818,263988.81863650295,0.95,1024,
hash_to_curve,"gf2_127/pornin map x1, batched",,slope,104988.16179104478,104265.27027544504,105780.16271243054,0.95,1024,
hash_to_curve,gf2_127/pornin map x2,,slope,462959.3573666322,461628.69559427333,464347.3219973056,0.95,1024,
hash_to_curve,ristretto255/hash_from_bytes<Sha512>,,mean,6177737.585555556,6163353.29563889,6193158.852444444,0.95,1024,
hash_to_curve,secp256k1/ellswift decode,,mean,6304700.40625,6284320.80625,6327704.2143749995,0.95,1024,
hash_to_curve,secp256k1/try-and-increment (parse),,mean,6322898.97625,6304048.742625,6342761.10203125,0.95,1024,
hash_to_curve,sha256 (XOR baseline),,slope,54684.47586849494,54210.09693774887,55211.24177780898,0.95,1024,
hash_to_curve,twisted-goldilocks2/elligator2 x1,,mean,2819294.4899999993,2813145.5927916653,2825907.41263889,0.95,1024,
hash_to_curve,twisted128/elligator2 x1,,mean,3404609.600000001,3397754.484950001,3411918.522283334,0.95,1024,
hash_to_curve,twisted61x2/elligator2 x1,,slope,1004950.0021309295,1002676.3418624009,1007360.120168294,0.95,1024,
hash_to_curve,twisted64x2/elligator2 x1,,slope,1414485.5748692183,1411478.4323825121,1417782.4562252518,0.95,1024,
hash_to_curve,weier107/sswu x1,,slope,1288088.7228875426,1285267.5347728503,1291241.4203096987,0.95,1024,
hash_to_curve,weier127/sswu x1,,slope,1320420.286168169,1317801.6359583745,1323458.4315938645,0.95,1024,
hash_to_curve,weier61x2/sswu x1,,slope,831508.7450834934,828370.8250475649,835387.2919874255,0.95,1024,
negate,"edwards107/extended (-X, -T)",,slope,1782.8350855802962,1776.7231517217965,1789.7835539524212,0.95,1024,
negate,"edwards127/extended (-X, -T)",,slope,2225.082493043454,2216.941670374968,2234.2301128766085,0.95,1024,
negate,gf2_109/affine (y += x),,slope,574.3331671541185,571.0312242589769,577.9128000429201,0.95,1024,
negate,gf2_122/affine (y += x),,slope,570.5182897474546,566.8186134786203,574.3775410905191,0.95,1024,
negate,gf2_127/affine (y += x),,slope,578.004915744955,574.5042563650894,581.3974312483706,0.95,1024,
negate,ristretto255/-P,,slope,6622.745391278478,6537.888835987423,6713.99198323724,0.95,1024,
negate,secp256k1/PublicKey::negate,,slope,25278.235515179476,25122.065440667404,25430.047055044884,0.95,1024,
negate,weier107/projective (-Y),,slope,1204.838270605512,1196.7429087236785,1213.5315383388047,0.95,1024,
negate,weier127/projective (-Y),,slope,1217.6076185829734,1213.3465933776085,1222.2516133799843,0.95,1024,
on_curve,"ristretto255/decompress (valid, inv sqrt)",,mean,2999285.104705883,2988274.7648088224,3010986.33882353,0.95,1024,
on_curve,secp256k1/x: parse compressed (sqrt),,mean,3175848.6975,3166967.6700781253,3185324.52759375,0.95,1024,
riblt.cells,binary-lambda.109,"m=12150,n=3500",slope,1649513.9794177627,1646540.4004070263,1652673.655432337,0.95,3500,
riblt.cells,binary-lambda.109,"m=1350,n=3500",slope,1287890.452614157,1285183.6271717122,1290691.2025228646,0.95,3500,
riblt.cells,binary-lambda.109,"m=5,n=3500",slope,451090.17515491846,450289.6037542924,451984.7042322524,0.95,3500,
riblt.cells,binary-lambda.122,"m=12150,n=3500",slope,1724994.7142485592,1715261.6837530471,1737072.5613563138,0.95,3500,
riblt.cells,binary-lambda.122,"m=1350,n=3500",slope,1343486.204483523,1340363.8387580898,1346800.6811568488,0.95,3500,
riblt.cells,binary-lambda.122,"m=5,n=3500",slope,471391.16597113444,470270.89890675433,472550.8856477296,0.95,3500,
riblt.cells,binary-lambda.122-gls,"m=12150,n=3500",slope,1717349.9272676222,1714696.8010157032,1720252.7345248912,0.95,3500,
riblt.cells,binary-lambda.122-gls,"m=1350,n=3500",slope,1345695.9294310624,1343031.8343134318,1348419.4360683085,0.95,3500,
riblt.cells,binary-lambda.122-gls,"m=5,n=3500",slope,469148.79653908673,468372.8560543895,469960.98925529333,0.95,3500,
riblt.cells,binary-lambda.127,"m=12150,n=3500",slope,1695636.445946505,1691364.3962450079,1700018.9146937542,0.95,3500,
riblt.cells,binary-lambda.127,"m=1350,n=3500",slope,1319289.750116743,1315803.3743230207,1323080.4152269133,0.95,3500,
riblt.cells,binary-lambda.127,"m=150,n=3500",slope,967169.5634550023,964749.3870904546,969716.7859568468,0.95,3500,
riblt.cells,binary-lambda.127,"m=20,n=3500",slope,654528.6157765627,652791.0298136072,656475.0347554779,0.95,3500,
riblt.cells,binary-lambda.127,"m=5,n=3500",slope,455175.76226786856,454362.1909518771,456002.54560988065,0.95,3500,
riblt.cells,binary-u.109,"m=12150,n=3500",slope,1424974.0874804198,1421906.3872112033,1428308.8971289613,0.95,3500,
riblt.cells,binary-u.109,"m=1350,n=3500",slope,1047282.8231535392,1044889.4477960553,1049957.2027905723,0.95,3500,
riblt.cells,binary-u.109,"m=150,n=3500",slope,772447.6194990395,770428.4370542736,774817.3921010095,0.95,3500,
riblt.cells,binary-u.109,"m=20,n=3500",slope,539725.755018472,538597.1467290522,541108.0454372043,0.95,3500,
riblt.cells,binary-u.109,"m=5,n=3500",slope,404488.4929520713,403643.981849068,405458.33619946253,0.95,3500,
riblt.cells,binary-u.122,"m=12150,n=3500",slope,1477304.8762494458,1474405.0128431243,1480541.8134068602,0.95,3500,
riblt.cells,binary-u.122,"m=1350,n=3500",slope,1092264.8318191222,1090050.9104464909,1094698.7778397882,0.95,3500,
riblt.cells,binary-u.122,"m=150,n=3500",slope,802953.8580493572,801655.1113657056,804289.6825750925,0.95,3500,
riblt.cells,binary-u.122,"m=20,n=3500",slope,562424.8309634994,561071.4237070776,563826.6283936523,0.95,3500,
riblt.cells,binary-u.122,"m=5,n=3500",slope,417505.5503049111,416581.7130944565,418478.2742495549,0.95,3500,
riblt.cells,binary-u.122-gls,"m=12150,n=3500",slope,1476408.1798758681,1474134.8034399883,1478795.2123855362,0.95,3500,
riblt.cells,binary-u.122-gls,"m=1350,n=3500",slope,1093677.8416521354,1091679.3640299055,1095777.8228356293,0.95,3500,
riblt.cells,binary-u.122-gls,"m=150,n=3500",slope,803155.1857263189,801614.2813284176,804729.1688658888,0.95,3500,
riblt.cells,binary-u.122-gls,"m=20,n=3500",slope,561676.3282798877,560210.9747614628,563251.3530065219,0.95,3500,
riblt.cells,binary-u.122-gls,"m=5,n=3500",slope,413641.76178907446,412134.8405735926,415330.9813276956,0.95,3500,
riblt.cells,binary-u.127,"m=12150,n=3500",slope,1438288.0861061031,1435561.0700212244,1441444.3900218508,0.95,3500,
riblt.cells,binary-u.127,"m=1350,n=3500",slope,1064739.285068716,1062378.6108640241,1067932.0878489641,0.95,3500,
riblt.cells,binary-u.127,"m=150,n=3500",slope,786383.279766514,783924.5403221992,789409.018641297,0.95,3500,
riblt.cells,binary-u.127,"m=20,n=3500",slope,554158.9109886213,550496.9718223858,558561.0202144401,0.95,3500,
riblt.cells,binary-u.127,"m=5,n=3500",slope,401607.89909561106,400861.86714718526,402402.6251946757,0.95,3500,
riblt.cells,binary-w.109,"m=12150,n=3500",slope,1647150.2306605587,1644057.0853416605,1650412.3581897663,0.95,3500,
riblt.cells,binary-w.109,"m=1350,n=3500",slope,1292130.3723481603,1289008.1641939534,1295692.1705239872,0.95,3500,
riblt.cells,binary-w.109,"m=5,n=3500",slope,451898.09438352793,451119.72272776865,452732.6043411067,0.95,3500,
riblt.cells,binary-w.122,"m=12150,n=3500",slope,1752415.753364859,1747909.027956453,1757095.2908035726,0.95,3500,
riblt.cells,binary-w.122,"m=1350,n=3500",slope,1355393.1767223289,1352635.7260410516,1358602.4486178076,0.95,3500,
riblt.cells,binary-w.122,"m=5,n=3500",slope,468176.53417664155,466873.73543609283,469534.31485893624,0.95,3500,
riblt.cells,binary-w.122-gls,"m=12150,n=3500",slope,1712918.3856243535,1710657.731666291,1715353.8276248672,0.95,3500,
riblt.cells,binary-w.122-gls,"m=1350,n=3500",slope,1341017.9924870697,1338462.7181347653,1343840.8540460162,0.95,3500,
riblt.cells,binary-w.122-gls,"m=5,n=3500",slope,465949.1285099256,465214.1749202502,466720.8074427181,0.95,3500,
riblt.cells,binary-w.127,"m=12150,n=3500",slope,1679305.6616196246,1676852.1702395082,1681541.0918648303,0.95,3500,
riblt.cells,binary-w.127,"m=1350,n=3500",slope,1304089.255516477,1301702.9954765348,1306689.1958608143,0.95,3500,
riblt.cells,binary-w.127,"m=150,n=3500",slope,956817.2837919315,955627.3198921488,958004.9220344571,0.95,3500,
riblt.cells,binary-w.127,"m=20,n=3500",slope,651484.6128136545,649978.9276596889,652925.901922971,0.95,3500,
riblt.cells,binary-w.127,"m=5,n=3500",slope,460656.64440076845,459596.8952108349,461739.57176784496,0.95,3500,
riblt.cells,binary.109,"m=12150,n=3500",slope,1805545.4352504802,1802752.6692975939,1808689.5476378675,0.95,3500,
riblt.cells,binary.109,"m=1350,n=3500",slope,1345138.1965597754,1342802.5882854785,1347629.86433797,0.95,3500,
riblt.cells,binary.109,"m=5,n=3500",slope,468563.8722929905,467646.536025915,469554.8298947132,0.95,3500,
riblt.cells,binary.122,"m=12150,n=3500",slope,1844376.923431358,1840933.2640265008,1848011.9898856964,0.95,3500,
riblt.cells,binary.122,"m=1350,n=3500",slope,1388069.333019063,1384400.0113348376,1392091.6020866786,0.95,3500,
riblt.cells,binary.122,"m=5,n=3500",slope,481705.05957736075,479806.34350032295,483775.8814072986,0.95,3500,
riblt.cells,binary.122-gls,"m=12150,n=3500",slope,1793377.58346978,1790977.8537207653,1795967.9344780047,0.95,3500,
riblt.cells,binary.122-gls,"m=1350,n=3500",slope,1340330.5329008424,1338062.9739973254,1342755.3091855498,0.95,3500,
riblt.cells,binary.122-gls,"m=5,n=3500",slope,469359.36995024874,468494.61649971694,470280.86338563234,0.95,3500,
riblt.cells,binary.127,"m=12150,n=3500",slope,1812054.8277227723,1809474.8359516405,1814903.7146726067,0.95,3500,
riblt.cells,binary.127,"m=1350,n=3500",slope,1350984.8375912516,1348136.080899005,1354265.5298065462,0.95,3500,
riblt.cells,binary.127,"m=5,n=3500",slope,464596.3524506182,463771.1017039968,465499.10910940985,0.95,3500,
riblt.cells,edwards.107,"m=1350,n=3500",slope,1656618.411875277,1654085.159216906,1659461.8614792323,0.95,3500,
riblt.cells,edwards.127,"m=1350,n=3500",slope,1707209.6004403725,1703654.562394252,1711136.503886333,0.95,3500,
riblt.cells,edwards.61x2,"m=1350,n=3500",slope,1595289.5211467415,1592342.743456836,1598278.3300972073,0.95,3500,
riblt.cells,ristretto255,"m=1350,n=3500",mean,6093508.075555555,6077694.368222224,6110199.144333336,0.95,3500,
riblt.cells,twisted.128,"m=1350,n=3500",mean,2160930.2800000007,2156703.813135417,2165468.086458334,0.95,3500,
riblt.cells,twisted.61x2,"m=1350,n=3500",slope,1575543.616598197,1569762.6222623556,1582131.2098223804,0.95,3500,
riblt.cells,twisted.64x2,"m=1350,n=3500",slope,1962834.203868775,1958475.954133968,1967224.7954600002,0.95,3500,
riblt.cells,twisted.goldilocks2,"m=1350,n=3500",mean,2038274.7567999994,2033762.63648,2043366.0215099996,0.95,3500,
riblt.cells,weier-jacobian.107,"m=1350,n=3500",mean,2439647.339047619,2435090.068607142,2444799.139761905,0.95,3500,
riblt.cells,weier-jacobian.127,"m=1350,n=3500",mean,2597792.3134999997,2590684.826912501,2605623.831500001,0.95,3500,
riblt.cells,weier-jacobian.61x2,"m=1350,n=3500",mean,2687811.253157895,2680594.4334210535,2695580.5532500013,0.95,3500,
riblt.cells,weier.107,"m=1350,n=3500",mean,2758303.9505263157,2752450.9774210528,2765356.011644735,0.95,3500,
riblt.cells,weier.127,"m=1350,n=3500",mean,3185752.54125,3176564.7659687498,3195621.45528125,0.95,3500,
riblt.cells,weier.61x2,"m=1350,n=3500",mean,2858865.1733333347,2840368.584555556,2882151.205319445,0.95,3500,
riblt.cells,xor-sha256.64,"m=1350,n=3500",slope,586572.5324013595,584710.2191721259,588828.5875749254,0.95,3500,
riblt.cells,xor-siphash.64,"m=1350,n=3500",slope,582215.1071109797,580742.009748258,583836.4946610731,0.95,3500,
riblt.encode,binary-lambda.109,"m=12150,n=3500,h2c=pornin-addend",mean,2089999.8770833334,2087503.819947916,2092560.5385833338,0.95,3500,
riblt.encode,binary-lambda.109,"m=12150,n=3500,h2c=pornin-addend,proj=gf2_127,mapproj=gf2_127",slope,1748883.6676902615,1740958.208818735,1760263.0222241962,0.95,3500,
riblt.encode,binary-lambda.109,"m=1350,n=3500,h2c=pornin-addend",slope,1707490.6792670311,1704646.702540009,1711040.1525296655,0.95,3500,
riblt.encode,binary-lambda.109,"m=1350,n=3500,h2c=pornin-addend,proj=gf2_127,mapproj=gf2_127",slope,1380810.2215043595,1378074.90299487,1383548.1527414785,0.95,3500,
riblt.encode,binary-lambda.109,"m=5,n=3500,h2c=pornin-addend",slope,864202.8877227723,862737.8213641425,865858.9693208117,0.95,3500,
riblt.encode,binary-lambda.109,"m=5,n=3500,h2c=pornin-addend,proj=gf2_127,mapproj=gf2_127",slope,528109.4904891385,527335.0988551296,528930.3381040157,0.95,3500,
riblt.encode,binary-lambda.122,"m=12150,n=3500,h2c=pornin-addend",mean,2146391.9979166673,2140339.131114583,2153073.704614583,0.95,3500,
riblt.encode,binary-lambda.122,"m=12150,n=3500,h2c=pornin-addend,proj=gf2_127,mapproj=gf2_127",slope,1772454.7156672084,1769752.7437049092,1775562.8211925926,0.95,3500,
riblt.encode,binary-lambda.122,"m=1350,n=3500,h2c=pornin-addend",slope,1767339.482355549,1761292.0343029327,1774352.111924331,0.95,3500,
riblt.encode,binary-lambda.122,"m=1350,n=3500,h2c=pornin-addend,proj=gf2_127,mapproj=gf2_127",slope,1408983.6651839812,1406327.2449232815,1411739.536454089,0.95,3500,
riblt.encode,binary-lambda.122,"m=5,n=3500,h2c=pornin-addend",slope,876444.5636914438,875044.6840561089,878051.5970415786,0.95,3500,
riblt.encode,binary-lambda.122,"m=5,n=3500,h2c=pornin-addend,proj=gf2_127,mapproj=gf2_127",slope,544223.7379326142,543235.173237857,545293.901418108,0.95,3500,
riblt.encode,binary-lambda.122-gls,"m=12150,n=3500,h2c=pornin-addend",mean,2129270.1095833327,2124680.5794895827,2133987.4048229163,0.95,3500,
riblt.encode,binary-lambda.122-gls,"m=12150,n=3500,h2c=pornin-addend,proj=gf2_127,mapproj=gf2_127",slope,1758022.6272824,1755138.0644832712,1761271.0091590898,0.95,3500,
riblt.encode,binary-lambda.122-gls,"m=1350,n=3500,h2c=pornin-addend",slope,1753243.3399822668,1750659.9167189556,1755791.042595039,0.95,3500,
riblt.encode,binary-lambda.122-gls,"m=1350,n=3500,h2c=pornin-addend,proj=gf2_127,mapproj=gf2_127",slope,1400421.036051426,1397818.3990950675,1403101.1700059774,0.95,3500,
riblt.encode,binary-lambda.122-gls,"m=5,n=3500,h2c=pornin-addend",slope,873427.8364755431,871637.052540448,875355.3893651887,0.95,3500,
riblt.encode,binary-lambda.122-gls,"m=5,n=3500,h2c=pornin-addend,proj=gf2_127,mapproj=gf2_127",slope,540068.2713078173,538631.3726717024,541742.0420180501,0.95,3500,
riblt.encode,binary-lambda.127,"m=12150,n=3500,h2c=pornin-addend",mean,2040051.667200001,2037118.4647600008,2043109.6743900012,0.95,3500,
riblt.encode,binary-lambda.127,"m=12150,n=3500,h2c=pornin-addend,proj=gf2_127,mapproj=gf2_127",slope,1694663.3207832125,1692332.487843529,1697127.6591500829,0.95,3500,
riblt.encode,binary-lambda.127,"m=1350,n=3500,h2c=pornin-addend",slope,1659108.074925373,1657011.400857983,1661353.7352678499,0.95,3500,
riblt.encode,binary-lambda.127,"m=1350,n=3500,h2c=pornin-addend,proj=gf2_127,mapproj=gf2_127",slope,1327800.0171538347,1325808.35753992,1329940.9015638847,0.95,3500,
riblt.encode,binary-lambda.127,"m=150,n=3500,h2c=pornin-addend",slope,1316307.866593764,1314082.2460520049,1319106.8513975325,0.95,3500,
riblt.encode,binary-lambda.127,"m=20,n=3500,h2c=pornin-addend",slope,1018211.5670341363,1009829.1686258259,1030224.2504595444,0.95,3500,
riblt.encode,binary-lambda.127,"m=5,n=3500,h2c=pornin-addend",slope,818737.4089862568,817047.656287852,820726.2531157337,0.95,3500,
riblt.encode,binary-lambda.127,"m=5,n=3500,h2c=pornin-addend,proj=gf2_127,mapproj=gf2_127",slope,486483.11832225014,485634.5293579284,487441.60922427033,0.95,3500,
riblt.encode,binary-u.109,"m=12150,n=3500,h2c=pornin-addend",slope,1859585.4118782326,1857292.2360845432,1861943.4607381746,0.95,3500,
riblt.encode,binary-u.109,"m=12150,n=3500,h2c=pornin-addend,proj=gf2_127,mapproj=gf2_127",slope,1529550.3673917542,1526344.2139231565,1533125.8973860585,0.95,3500,
riblt.encode,binary-u.109,"m=1350,n=3500,h2c=pornin-addend",slope,1478041.0439869957,1476055.9895135926,1480252.191309984,0.95,3500,
riblt.encode,binary-u.109,"m=1350,n=3500,h2c=pornin-addend,proj=gf2_127,mapproj=gf2_127",slope,1157582.0199911334,1155829.6093662686,1159453.1942999768,0.95,3500,
riblt.encode,binary-u.109,"m=150,n=3500,h2c=pornin-addend",slope,1205643.3278646371,1203490.1242848872,1208146.1576402513,0.95,3500,
riblt.encode,binary-u.109,"m=20,n=3500,h2c=pornin-addend",slope,973347.564685976,971564.5305504911,975241.8771673117,0.95,3500,
riblt.encode,binary-u.109,"m=5,n=3500,h2c=pornin-addend",slope,838812.66782326,837556.7656870272,840179.5385802535,0.95,3500,
riblt.encode,binary-u.109,"m=5,n=3500,h2c=pornin-addend,proj=gf2_127,mapproj=gf2_127",slope,516602.7928757204,515356.37837437005,517990.48518325173,0.95,3500,
riblt.encode,binary-u.122,"m=12150,n=3500,h2c=pornin-addend",slope,1900065.9916447466,1896035.2042697994,1904089.1832558322,0.95,3500,
riblt.encode,binary-u.122,"m=12150,n=3500,h2c=pornin-addend,proj=gf2_127,mapproj=gf2_127",slope,1540595.3696586376,1537353.7489704862,1544001.4772826482,0.95,3500,
riblt.encode,binary-u.122,"m=1350,n=3500,h2c=pornin-addend",slope,1525516.62227575,1522638.261968595,1528589.7741665882,0.95,3500,
riblt.encode,binary-u.122,"m=1350,n=3500,h2c=pornin-addend,proj=gf2_127,mapproj=gf2_127",slope,1161359.600505394,1158389.940139918,1164864.807798777,0.95,3500,
riblt.encode,binary-u.122,"m=150,n=3500,h2c=pornin-addend",slope,1239315.9753834787,1236251.4323562556,1242450.2065884538,0.95,3500,
riblt.encode,binary-u.122,"m=20,n=3500,h2c=pornin-addend",slope,988651.0673001329,986534.4368139973,990816.2948464679,0.95,3500,
riblt.encode,binary-u.122,"m=5,n=3500,h2c=pornin-addend",slope,835579.3406177035,834065.9134042073,837233.3336070429,0.95,3500,
riblt.encode,binary-u.122,"m=5,n=3500,h2c=pornin-addend,proj=gf2_127,mapproj=gf2_127",slope,502527.3693438747,501356.2413991014,503747.72162459034,0.95,3500,
riblt.encode,binary-u.122-gls,"m=12150,n=3500,h2c=pornin-addend",slope,1904527.902952564,1895630.0880211499,1914333.6786557583,0.95,3500,
riblt.encode,binary-u.122-gls,"m=12150,n=3500,h2c=pornin-addend,proj=gf2_127,mapproj=gf2_127",slope,1547505.8974582532,1540532.8695539865,1555390.1646533848,0.95,3500,
riblt.encode,binary-u.122-gls,"m=1350,n=3500,h2c=pornin-addend",slope,1511932.3268508941,1508989.0624252337,1515179.4258602343,0.95,3500,
riblt.encode,binary-u.122-gls,"m=1350,n=3500,h2c=pornin-addend,proj=gf2_127,mapproj=gf2_127",slope,1165039.7182355549,1160807.8395865648,1169712.4384975045,0.95,3500,
riblt.encode,binary-u.122-gls,"m=150,n=3500,h2c=pornin-addend",slope,1221863.5393527413,1219250.8687521843,1224844.804709019,0.95,3500,
riblt.encode,binary-u.122-gls,"m=20,n=3500,h2c=pornin-addend",slope,979583.3134919462,978258.443570439,980903.7308336406,0.95,3500,
riblt.encode,binary-u.122-gls,"m=5,n=3500,h2c=pornin-addend",slope,834314.6908600562,832826.159330398,836055.3007908236,0.95,3500,
riblt.encode,binary-u.122-gls,"m=5,n=3500,h2c=pornin-addend,proj=gf2_127,mapproj=gf2_127",slope,491614.69799911336,490117.6932880186,493173.5007397203,0.95,3500,
riblt.encode,binary-u.127,"m=12150,n=3500,h2c=pornin-addend",slope,1821630.2832274272,1819460.918892341,1823887.2732722412,0.95,3500,
riblt.encode,binary-u.127,"m=12150,n=3500,h2c=pornin-addend,proj=gf2_127,mapproj=gf2_127",slope,1495484.8705364268,1491859.5856562003,1499823.925967771,0.95,3500,
riblt.encode,binary-u.127,"m=1350,n=3500,h2c=pornin-addend",slope,1450170.8066055859,1448238.3269393318,1452281.506891496,0.95,3500,
riblt.encode,binary-u.127,"m=1350,n=3500,h2c=pornin-addend,proj=gf2_127,mapproj=gf2_127",slope,1120217.6723599823,1117899.299712509,1122929.5280895804,0.95,3500,
riblt.encode,binary-u.127,"m=150,n=3500,h2c=pornin-addend",slope,1171570.4302940741,1168738.9379562617,1174764.627680786,0.95,3500,
riblt.encode,binary-u.127,"m=20,n=3500,h2c=pornin-addend",slope,931613.8331047732,929420.2006299719,933904.8468077156,0.95,3500,
riblt.encode,binary-u.127,"m=5,n=3500,h2c=pornin-addend",slope,786920.7087128713,785379.970334447,788643.2989863887,0.95,3500,
riblt.encode,binary-u.127,"m=5,n=3500,h2c=pornin-addend,proj=gf2_127,mapproj=gf2_127",slope,462528.9639003005,461806.98478616023,463343.7490676733,0.95,3500,
riblt.encode,binary-w.109,"m=12150,n=3500,h2c=pornin-addend",mean,2087534.803333334,2084848.7080312509,2090441.0835937497,0.95,3500,
riblt.encode,binary-w.109,"m=12150,n=3500,h2c=pornin-addend,proj=gf2_127,mapproj=gf2_127",slope,1750586.9286389833,1748395.6125901383,1752869.940354321,0.95,3500,
riblt.encode,binary-w.109,"m=1350,n=3500,h2c=pornin-addend",slope,1714240.3115442588,1711769.0303988769,1717209.5779180846,0.95,3500,
riblt.encode,binary-w.109,"m=1350,n=3500,h2c=pornin-addend,proj=gf2_127,mapproj=gf2_127",slope,1388199.453252549,1385352.68876693,1391217.6522615384,0.95,3500,
riblt.encode,binary-w.109,"m=5,n=3500,h2c=pornin-addend",slope,871382.9564740653,870206.0013643466,872603.5775129864,0.95,3500,
riblt.encode,binary-w.109,"m=5,n=3500,h2c=pornin-addend,proj=gf2_127,mapproj=gf2_127",slope,538567.7035806117,537605.7537396668,539736.9936684854,0.95,3500,
riblt.encode,binary-w.122,"m=12150,n=3500,h2c=pornin-addend",mean,2155856.323333333,2152335.5298541673,2159696.8050833326,0.95,3500,
riblt.encode,binary-w.122,"m=12150,n=3500,h2c=pornin-addend,proj=gf2_127,mapproj=gf2_127",slope,1804616.1421782179,1796796.9829612472,1813063.5583871119,0.95,3500,
riblt.encode,binary-w.122,"m=1350,n=3500,h2c=pornin-addend",slope,1764299.6470193586,1762020.6254200481,1766698.4090664026,0.95,3500,
riblt.encode,binary-w.122,"m=1350,n=3500,h2c=pornin-addend,proj=gf2_127,mapproj=gf2_127",slope,1429911.661752623,1423752.6944780974,1436415.9739866497,0.95,3500,
riblt.encode,binary-w.122,"m=5,n=3500,h2c=pornin-addend",slope,872893.8562804788,871658.8742267613,874194.7665022138,0.95,3500,
riblt.encode,binary-w.122,"m=5,n=3500,h2c=pornin-addend,proj=gf2_127,mapproj=gf2_127",slope,549305.6235259346,547154.9203902687,551677.7290866323,0.95,3500,
riblt.encode,binary-w.122-gls,"m=12150,n=3500,h2c=pornin-addend",mean,2119524.707916667,2116609.479552085,2122672.188687499,0.95,3500,
riblt.encode,binary-w.122-gls,"m=12150,n=3500,h2c=pornin-addend,proj=gf2_127,mapproj=gf2_127",slope,1785456.4630678291,1776643.8371807032,1795282.0677247643,0.95,3500,
riblt.encode,binary-w.122-gls,"m=1350,n=3500,h2c=pornin-addend",slope,1744071.1129629083,1741691.4778181864,1746693.2538086416,0.95,3500,
riblt.encode,binary-w.122-gls,"m=1350,n=3500,h2c=pornin-addend,proj=gf2_127,mapproj=gf2_127",slope,1406367.7647938526,1403628.9302144803,1409222.0484460704,0.95,3500,
riblt.encode,binary-w.122-gls,"m=5,n=3500,h2c=pornin-addend",slope,875958.1477789271,874435.7631276678,877705.6791202591,0.95,3500,
riblt.encode,binary-w.122-gls,"m=5,n=3500,h2c=pornin-addend,proj=gf2_127,mapproj=gf2_127",slope,542178.4327161224,540884.5509386213,543675.9746285181,0.95,3500,
riblt.encode,binary-w.127,"m=12150,n=3500,h2c=pornin-addend",mean,2050731.1471999993,2045495.3443299988,2056159.4970299995,0.95,3500,
riblt.encode,binary-w.127,"m=12150,n=3500,h2c=pornin-addend,proj=gf2_127,mapproj=gf2_127",slope,1696667.0151086154,1693351.0541846072,1700151.9607903603,0.95,3500,
riblt.encode,binary-w.127,"m=1350,n=3500,h2c=pornin-addend",slope,1664908.3572218118,1661716.0760801844,1668400.2789279553,0.95,3500,
riblt.encode,binary-w.127,"m=1350,n=3500,h2c=pornin-addend,proj=gf2_127,mapproj=gf2_127",slope,1330987.418081868,1328084.978539067,1334090.713398108,0.95,3500,
riblt.encode,binary-w.127,"m=150,n=3500,h2c=pornin-addend",slope,1315434.3789005468,1313732.508511395,1317363.438471577,0.95,3500,
riblt.encode,binary-w.127,"m=20,n=3500,h2c=pornin-addend",slope,1007715.0703827398,1006306.0374498591,1009327.8425246197,0.95,3500,
riblt.encode,binary-w.127,"m=5,n=3500,h2c=pornin-addend",slope,816239.368412886,815102.8487896875,817452.8379760258,0.95,3500,
riblt.encode,binary-w.127,"m=5,n=3500,h2c=pornin-addend,proj=gf2_127,mapproj=gf2_127",slope,488041.79939411854,486855.58370848495,489352.87048850564,0.95,3500,
riblt.encode,binary.109,"m=12150,n=3500,h2c=pornin",mean,2250994.4656521734,2247725.5321521754,2254580.868673913,0.95,3500,
riblt.encode,binary.109,"m=12150,n=3500,h2c=pornin,proj=gf2_127,mapproj=gf2_127",slope,1935388.2890143343,1932321.770035412,1938775.7891758936,0.95,3500,
riblt.encode,binary.109,"m=1350,n=3500,h2c=pornin",slope,1794812.6646253879,1792280.4151565996,1797492.435092046,0.95,3500,
riblt.encode,binary.109,"m=1350,n=3500,h2c=pornin,proj=gf2_127,mapproj=gf2_127",slope,1463289.758155756,1461511.434046225,1464999.0853515274,0.95,3500,
riblt.encode,binary.109,"m=5,n=3500,h2c=pornin",slope,930035.9852504802,925117.770104964,936217.5701760765,0.95,3500,
riblt.encode,binary.109,"m=5,n=3500,h2c=pornin,proj=gf2_127,mapproj=gf2_127",slope,596602.2870223142,594986.8934021046,598280.0785217914,0.95,3500,
riblt.encode,binary.122,"m=12150,n=3500,h2c=pornin",mean,2354493.4590909095,2349569.318795455,2359368.6823977274,0.95,3500,
riblt.encode,binary.122,"m=12150,n=3500,h2c=pornin,proj=gf2_127,mapproj=gf2_127",slope,1930302.705798729,1925030.3806814016,1936389.5394881656,0.95,3500,
riblt.encode,binary.122,"m=1350,n=3500,h2c=pornin",slope,1880162.9556140092,1877255.7573734343,1882867.1099365903,0.95,3500,
riblt.encode,binary.122,"m=1350,n=3500,h2c=pornin,proj=gf2_127,mapproj=gf2_127",slope,1523865.356819861,1520975.7553178584,1526811.017895781,0.95,3500,
riblt.encode,binary.122,"m=5,n=3500,h2c=pornin",slope,947195.767619329,943416.5354043205,951759.4216785188,0.95,3500,
riblt.encode,binary.122,"m=5,n=3500,h2c=pornin,proj=gf2_127,mapproj=gf2_127",slope,605306.9027929659,604328.2742298206,606281.5082055817,0.95,3500,
riblt.encode,binary.122-gls,"m=12150,n=3500,h2c=pornin",mean,2222488.8343478264,2217819.6217391314,2227284.921641304,0.95,3500,
riblt.encode,binary.122-gls,"m=12150,n=3500,h2c=pornin,proj=gf2_127,mapproj=gf2_127",slope,1868554.935773607,1865661.2675814535,1871768.9761673037,0.95,3500,
riblt.encode,binary.122-gls,"m=1350,n=3500,h2c=pornin",slope,1782595.9150258608,1779079.1931041616,1785957.783860545,0.95,3500,
riblt.encode,binary.122-gls,"m=1350,n=3500,h2c=pornin,proj=gf2_127,mapproj=gf2_127",slope,1426620.955294813,1422981.1342284281,1430976.0113310565,0.95,3500,
riblt.encode,binary.122-gls,"m=5,n=3500,h2c=pornin",slope,905434.9485813506,901175.3888776154,910814.6139872834,0.95,3500,
riblt.encode,binary.122-gls,"m=5,n=3500,h2c=pornin,proj=gf2_127,mapproj=gf2_127",slope,567553.207146446,566279.0892921737,568877.3410247358,0.95,3500,
riblt.encode,binary.127,"m=12150,n=3500,h2c=pornin",mean,2204362.6747826096,2201172.5578369563,2207839.691989131,0.95,3500,
riblt.encode,binary.127,"m=12150,n=3500,h2c=pornin,map=mcg64",mean,2223527.136086956,2219464.6045652153,2228008.8912608684,0.95,3500,
riblt.encode,binary.127,"m=12150,n=3500,h2c=pornin,proj=gf2_127,mapproj=gf2_127",slope,1894581.8547982858,1892435.6748110221,1897073.8931006326,0.95,3500,
riblt.encode,binary.127,"m=1350,n=3500,h2c=pornin",slope,1762085.999391163,1756630.6837533426,1768308.841147649,0.95,3500,
riblt.encode,binary.127,"m=1350,n=3500,h2c=pornin,map=mcg64",slope,1758287.3536870105,1756168.6432743517,1760724.8810638983,0.95,3500,
riblt.encode,binary.127,"m=1350,n=3500,h2c=pornin,proj=gf2_127,mapproj=gf2_127",slope,1441586.0406472587,1439075.2871724095,1444347.9767576824,0.95,3500,
riblt.encode,binary.127,"m=150,n=3500,h2c=pornin,map=mcg64",slope,1377273.9699896558,1375520.2763088797,1379120.6621925458,0.95,3500,
riblt.encode,binary.127,"m=20,n=3500,h2c=pornin,map=mcg64",slope,1057872.9109738437,1055425.2081801982,1060479.6415119115,0.95,3500,
riblt.encode,binary.127,"m=5,n=3500,h2c=pornin",slope,868434.6219934978,867343.1580526854,869685.5220174391,0.95,3500,
riblt.encode,binary.127,"m=5,n=3500,h2c=pornin,map=mcg64",slope,854761.1572336338,853484.6433221714,856060.6380602693,0.95,3500,
riblt.encode,binary.127,"m=5,n=3500,h2c=pornin,proj=gf2_127,mapproj=gf2_127",slope,538765.6207906015,537958.9668289726,539616.2636882925,0.95,3500,
riblt.encode,edwards.107,"m=1350,n=3500,h2c=ti",mean,5141680.211,5129663.466825001,5154451.032225001,0.95,3500,
riblt.encode,edwards.127,"m=1350,n=3500,h2c=ti",mean,6045914.93,6038819.152750002,6053243.671111114,0.95,3500,
riblt.encode,edwards.61x2,"m=1350,n=3500,h2c=ti",mean,4272398.569166668,4262816.807854166,4282731.330229166,0.95,3500,
riblt.encode,ristretto255,"m=12150,n=3500",mean,28867212.18,28809542.063,28931800.11,0.95,3500,
riblt.encode,ristretto255,"m=12150,n=3500,map=mcg64",mean,28805601.575,28756456.552875,28858119.285,0.95,3500,
riblt.encode,ristretto255,"m=1350,n=3500",mean,26908114.0,26860107.223874997,26961682.61675,0.95,3500,
riblt.encode,ristretto255,"m=1350,n=3500,map=mcg64",mean,26803734.995,26768755.556125,26840177.919,0.95,3500,
riblt.encode,ristretto255,"m=150,n=3500",mean,24979676.27666667,24943364.40641667,25017778.81333334,0.95,3500,
riblt.encode,ristretto255,"m=150,n=3500,map=mcg64",mean,24926001.04,24890321.479583327,24964476.217416674,0.95,3500,
riblt.encode,ristretto255,"m=20,n=3500",mean,23361004.80666668,23331455.318749994,23392636.696333334,0.95,3500,
riblt.encode,ristretto255,"m=20,n=3500,map=mcg64",mean,23272437.209999993,23236035.499999996,23314921.038999993,0.95,3500,
riblt.encode,ristretto255,"m=5,n=3500",mean,22351222.74333333,22287339.48408333,22426474.597999994,0.95,3500,
riblt.encode,ristretto255,"m=5,n=3500,map=mcg64",mean,22219845.296666667,22195602.871749997,22245446.768333334,0.95,3500,
riblt.encode,twisted.128,"m=1350,n=3500,h2c=ti",mean,9126690.566666668,9116321.995916666,9137556.826166669,0.95,3500,
riblt.encode,twisted.61x2,"m=1350,n=3500,h2c=ti",mean,4124671.066923077,4116581.9871153845,4133207.4198076916,0.95,3500,
riblt.encode,twisted.64x2,"m=1350,n=3500,h2c=ti",mean,5540377.056666665,5526738.818333331,5554610.908666665,0.95,3500,
riblt.encode,twisted.goldilocks2,"m=1350,n=3500,h2c=ti",mean,10013584.421999998,9991148.4331,10037219.100650003,0.95,3500,
riblt.encode,weier-jacobian.107,"m=1350,n=3500,h2c=ti",mean,5745846.175555554,5733984.419944445,5758478.686500001,0.95,3500,
riblt.encode,weier-jacobian.127,"m=1350,n=3500,h2c=ti",mean,6692449.19375,6683473.00559375,6701584.507406251,0.95,3500,
riblt.encode,weier-jacobian.61x2,"m=1350,n=3500,h2c=ti",mean,5175713.1329999985,5165011.2868249975,5187351.108624999,0.95,3500,
riblt.encode,weier.107,"m=1350,n=3500,h2c=ti",mean,6091294.176666664,6077050.113111111,6106303.598027776,0.95,3500,
riblt.encode,weier.127,"m=1350,n=3500,h2c=ti",mean,7246889.995714282,7239218.286642858,7254850.716785716,0.95,3500,
riblt.encode,weier.61x2,"m=1350,n=3500,h2c=ti",mean,5377069.4969999995,5362739.86715,5392163.2597,0.95,3500,
riblt.encode,xor-sha256.64,"m=12150,n=3500",slope,892293.9531653613,890572.693791283,894290.7440560966,0.95,3500,
riblt.encode,xor-sha256.64,"m=1350,n=3500",slope,763036.6005512044,761594.787590763,764580.1202446445,0.95,3500,
riblt.encode,xor-sha256.64,"m=150,n=3500",slope,657963.5026525786,656874.1324908049,659129.1043455241,0.95,3500,
riblt.encode,xor-sha256.64,"m=20,n=3500",slope,564271.8873016108,563090.2484190498,565681.939797326,0.95,3500,
riblt.encode,xor-sha256.64,"m=5,n=3500",slope,502854.5991458549,501472.6394380979,504625.5284778541,0.95,3500,
riblt.encode,xor-siphash.64,"m=12150,n=3500",slope,767008.7879296587,766096.2418221001,767952.566496066,0.95,3500,
riblt.encode,xor-siphash.64,"m=12150,n=3500,map=mcg64",slope,761632.5730471405,760646.8902034895,762686.133695797,0.95,3500,
riblt.encode,xor-siphash.64,"m=1350,n=3500",slope,639952.776500665,638789.8024167101,641172.4712215131,0.95,3500,
riblt.encode,xor-siphash.64,"m=1350,n=3500,map=mcg64",slope,637398.6114319492,636511.2682197987,638302.5998328839,0.95,3500,
riblt.encode,xor-siphash.64,"m=150,n=3500",slope,533375.3153007241,532390.7267024933,534462.7101622343,0.95,3500,
riblt.encode,xor-siphash.64,"m=150,n=3500,map=mcg64",slope,527890.9952741244,526858.640317399,528987.729295326,0.95,3500,
riblt.encode,xor-siphash.64,"m=20,n=3500",slope,435239.97396285896,434476.96832299844,436067.87314666616,0.95,3500,
riblt.encode,xor-siphash.64,"m=20,n=3500,map=mcg64",slope,431096.4508812374,430420.57768821396,431799.65061298764,0.95,3500,
riblt.encode,xor-siphash.64,"m=5,n=3500",slope,376190.70290034974,375396.05766959034,377058.2491225718,0.95,3500,
riblt.encode,xor-siphash.64,"m=5,n=3500,map=mcg64",slope,367292.30846854835,364652.3926316202,370495.8632402951,0.95,3500,
riblt.mapping,chacha8,"item,m=12150",slope,755358.7485325846,754188.7712875755,756542.0389953679,0.95,3500,
riblt.mapping,chacha8,"item,m=1350",slope,631113.7565568199,629712.4002512732,632504.9197669962,0.95,3500,
riblt.mapping,chacha8,"item,m=150",slope,493913.62826658785,492953.4512779352,494913.08041489037,0.95,3500,
riblt.mapping,chacha8,"item,m=20",slope,366212.5971912714,365234.6164554088,367386.9404301441,0.95,3500,
riblt.mapping,chacha8,"item,m=5",slope,283882.09962686565,282884.56866837875,284913.44002591405,0.95,3500,
riblt.mapping,chacha8,next,slope,10731.719891662733,10715.994634381086,10748.650965555149,0.95,1024,
riblt.mapping,mcg64,"item,m=12150",slope,551117.4297428698,550187.8787328934,552096.7411310985,0.95,3500,
riblt.mapping,mcg64,"item,m=1350",slope,426176.671527511,425399.733352479,426984.31641082047,0.95,3500,
riblt.mapping,mcg64,"item,m=150",slope,293241.82213757944,292774.16116329643,293750.61911274196,0.95,3500,
riblt.mapping,mcg64,"item,m=20",slope,161327.5200021111,160917.33086332495,161806.75838307233,0.95,3500,
riblt.mapping,mcg64,"item,m=5",slope,74822.75779539361,74604.84719272435,75047.40962307794,0.95,3500,
riblt.mapping,mcg64,next,slope,4190.277523462566,4181.9506070075,4199.343540233736,0.95,1024,
riblt.mapping,projection-fp127,digest of id,slope,47740.93330645218,47651.830067763265,47844.1379755581,0.95,3500,
riblt.mapping,projection-fp127,keys,slope,404.2819252869467,403.11002166571456,405.5170369298035,0.95,1,
riblt.mapping,projection-fp130,digest of id,slope,91111.34181253947,90943.39611014421,91292.58146949869,0.95,3500,
riblt.mapping,projection-fp130,keys,slope,406.2285602187084,405.56183172226844,406.90968022220846,0.95,1,
riblt.mapping,projection-gf2_127,digest of id,slope,33836.42436027782,33770.64744294364,33911.89959781434,0.95,3500,
riblt.mapping,projection-gf2_127,keys,slope,375.4284219909354,374.62667776251334,376.2346291183902,0.95,1,
riblt.mapping,salted-sha256,digest,slope,181305.15609526625,180882.0283626314,181750.20449984405,0.95,3500,
riblt.mapping,salted-sha256,digest of id,slope,179903.6511363972,179589.85986910725,180220.48125391256,0.95,3500,
riblt.mapping,salted-sha256,keys,slope,127.2458166447246,127.02450063907816,127.47446075076975,0.95,1,
riblt.mapping,sha256,id,slope,175591.76332791487,175029.76741819672,176191.5348876724,0.95,3500,
riblt.mapping,sha256-ctr,"item,m=12150",slope,1503479.4169971922,1500671.5874538033,1506796.7771016515,0.95,3500,
riblt.mapping,sha256-ctr,"item,m=1350",slope,1170531.6816580463,1168442.3470247707,1172964.5633001712,0.95,3500,
riblt.mapping,sha256-ctr,"item,m=150",slope,828150.895240136,826674.7892742686,829715.7746783062,0.95,3500,
riblt.mapping,sha256-ctr,"item,m=20",slope,516936.2101773312,515982.1045141121,517979.46568846266,0.95,3500,
riblt.mapping,sha256-ctr,"item,m=5",slope,314615.17061844247,313875.253489303,315379.255696927,0.95,3500,
riblt.mapping,sha256-ctr,next,slope,23121.886481660316,23078.401508799892,23170.813150225902,0.95,1024,
riblt.mapping,xoshiro256pp,"item,m=12150",slope,555746.2340904389,554687.7337207346,556945.7198663148,0.95,3500,
riblt.mapping,xoshiro256pp,"item,m=1350",slope,432448.7201389094,431921.3402033346,432990.9606837776,0.95,3500,
riblt.mapping,xoshiro256pp,"item,m=150",slope,300917.64071597456,300555.10184552165,301272.59684139607,0.95,3500,
riblt.mapping,xoshiro256pp,"item,m=20",slope,171597.27369784738,171351.82464932156,171849.06372564152,0.95,3500,
riblt.mapping,xoshiro256pp,"item,m=5",slope,92536.23959133227,92315.6191429683,92774.72870181482,0.95,3500,
riblt.mapping,xoshiro256pp,next,slope,4534.829243058634,4528.973986884692,4541.335196055078,0.95,1024,
riblt.peel,binary-lambda.109,"d=10000,m=20000,prefilter=true,batch=true,h2c=pornin-addend",mean,16688645.359999998,16650694.422749998,16728445.353750005,0.95,10000,
riblt.peel,binary-lambda.109,"d=10000,m=20000,prefilter=true,batch=true,h2c=pornin-addend,proj=gf2_127,mapproj=gf2_127",mean,14357564.1675,14333478.415625,14383485.115625,0.95,10000,
riblt.peel,binary-lambda.109,"d=1350,m=2700,prefilter=true,batch=true,h2c=pornin-addend",slope,1846392.7222343727,1843226.475181853,1849755.098662711,0.95,1350,
riblt.peel,binary-lambda.109,"d=1350,m=2700,prefilter=true,batch=true,h2c=pornin-addend,proj=gf2_127,mapproj=gf2_127",slope,1543290.6179932023,1540042.8391672492,1547258.7024636106,0.95,1350,
riblt.peel,binary-lambda.109,"d=4,m=10,prefilter=true,batch=true,h2c=pornin-addend,proj=gf2_127,mapproj=gf2_127",slope,3707.448344625156,3700.171043028871,3715.483555078831,0.95,4,
riblt.peel,binary-lambda.109,"d=4,m=8,prefilter=true,batch=true,h2c=pornin-addend",slope,3180.9943993526795,3171.261651561175,3190.969587499353,0.95,4,
riblt.peel,binary-lambda.122,"d=10000,m=20000,prefilter=true,batch=true,h2c=pornin-addend",mean,16671638.526666675,16631970.106083332,16713298.259750003,0.95,10000,
riblt.peel,binary-lambda.122,"d=10000,m=20000,prefilter=true,batch=true,h2c=pornin-addend,proj=gf2_127,mapproj=gf2_127",mean,14534153.8575,14447646.2476875,14635517.682687499,0.95,10000,
riblt.peel,binary-lambda.122,"d=1350,m=2700,prefilter=true,batch=true,h2c=pornin-addend",slope,1858540.4083759421,1853425.261826176,1863966.2885694427,0.95,1350,
riblt.peel,binary-lambda.122,"d=1350,m=2700,prefilter=true,batch=true,h2c=pornin-addend,proj=gf2_127,mapproj=gf2_127",slope,1550175.5916063248,1546799.3176508227,1553897.154098846,0.95,1350,
riblt.peel,binary-lambda.122,"d=4,m=10,prefilter=true,batch=true,h2c=pornin-addend,proj=gf2_127,mapproj=gf2_127",slope,2940.0136920292985,2931.371063717957,2949.1564760396745,0.95,4,
riblt.peel,binary-lambda.122,"d=4,m=8,prefilter=true,batch=true,h2c=pornin-addend",slope,2637.680848023595,2628.3072125542535,2647.4410545807996,0.95,4,
riblt.peel,binary-lambda.122-gls,"d=10000,m=20000,prefilter=true,batch=true,h2c=pornin-addend",mean,16701387.113333328,16641266.667499999,16781928.728166666,0.95,10000,
riblt.peel,binary-lambda.122-gls,"d=10000,m=20000,prefilter=true,batch=true,h2c=pornin-addend,proj=gf2_127,mapproj=gf2_127",mean,14351191.1,14321767.88525,14381938.1155625,0.95,10000,
riblt.peel,binary-lambda.122-gls,"d=1350,m=2700,prefilter=true,batch=true,h2c=pornin-addend",slope,1852211.2454352002,1847444.446992111,1857161.171524197,0.95,1350,
riblt.peel,binary-lambda.122-gls,"d=1350,m=2700,prefilter=true,batch=true,h2c=pornin-addend,proj=gf2_127,mapproj=gf2_127",slope,1542559.402521058,1538868.9242674594,1546545.11465336,0.95,1350,
riblt.peel,binary-lambda.122-gls,"d=4,m=10,prefilter=true,batch=true,h2c=pornin-addend,proj=gf2_127,mapproj=gf2_127",slope,2936.2091623060323,2927.0479343040315,2946.459586106339,0.95,4,
riblt.peel,binary-lambda.122-gls,"d=4,m=8,prefilter=true,batch=true,h2c=pornin-addend",slope,2644.1936167081817,2635.2227860962234,2653.5327475507415,0.95,4,
riblt.peel,binary-lambda.127,"d=10000,m=20000,prefilter=false,batch=false,h2c=pornin-addend",mean,16424853.093333336,16381189.49916667,16471083.28683333,0.95,10000,
riblt.peel,binary-lambda.127,"d=10000,m=20000,prefilter=false,batch=true,h2c=pornin-addend",mean,14014859.705,13985206.870625,14046113.291062498,0.95,10000,
riblt.peel,binary-lambda.127,"d=10000,m=20000,prefilter=true,batch=false,h2c=pornin-addend",mean,17728731.87,17698981.99858333,17760928.807333328,0.95,10000,
riblt.peel,binary-lambda.127,"d=10000,m=20000,prefilter=true,batch=true,h2c=pornin-addend",mean,16348796.543333333,16322491.120583335,16376477.3995,0.95,10000,
riblt.peel,binary-lambda.127,"d=10000,m=20000,prefilter=true,batch=true,h2c=pornin-addend,proj=gf2_127,mapproj=gf2_127",mean,14046042.065,14022785.654437501,14070875.042312501,0.95,10000,
riblt.peel,binary-lambda.127,"d=1350,m=2700,prefilter=false,batch=false,h2c=pornin-addend",slope,1869616.0791340328,1865846.6181138963,1873842.5892808186,0.95,1350,
riblt.peel,binary-lambda.127,"d=1350,m=2700,prefilter=false,batch=true,h2c=pornin-addend",slope,1560684.0495108615,1557286.6495885684,1564058.494904341,0.95,1350,
riblt.peel,binary-lambda.127,"d=1350,m=2700,prefilter=true,batch=false,h2c=pornin-addend",mean,2012235.1904,2002948.0845599996,2024073.6577399995,0.95,1350,
riblt.peel,binary-lambda.127,"d=1350,m=2700,prefilter=true,batch=true,h2c=pornin-addend",slope,1822417.0588591695,1819844.476172176,1825044.448791269,0.95,1350,
riblt.peel,binary-lambda.127,"d=1350,m=2700,prefilter=true,batch=true,h2c=pornin-addend,proj=gf2_127,mapproj=gf2_127",slope,1517333.126525787,1513866.972544255,1521253.0264094574,0.95,1350,
riblt.peel,binary-lambda.127,"d=150,m=300,prefilter=false,batch=false,h2c=pornin-addend",slope,161981.8926451899,161682.82011052268,162299.43115977116,0.95,150,
riblt.peel,binary-lambda.127,"d=150,m=300,prefilter=false,batch=true,h2c=pornin-addend",slope,127274.21245160337,126895.51905422227,127656.92919885223,0.95,150,
riblt.peel,binary-lambda.127,"d=150,m=300,prefilter=true,batch=false,h2c=pornin-addend",slope,173778.81253780602,173312.40629004088,174358.43247808862,0.95,150,
riblt.peel,binary-lambda.127,"d=150,m=300,prefilter=true,batch=true,h2c=pornin-addend",slope,154843.91339948066,154429.3769956509,155277.3564128231,0.95,150,
riblt.peel,binary-lambda.127,"d=20,m=40,prefilter=false,batch=false,h2c=pornin-addend",slope,16542.310255071883,16503.185006390213,16587.733320785206,0.95,20,
riblt.peel,binary-lambda.127,"d=20,m=40,prefilter=false,batch=true,h2c=pornin-addend",slope,13301.943755325212,13252.616611943618,13353.200609890037,0.95,20,
riblt.peel,binary-lambda.127,"d=20,m=40,prefilter=true,batch=false,h2c=pornin-addend",slope,17791.752608636252,17755.081479768913,17829.722877516146,0.95,20,
riblt.peel,binary-lambda.127,"d=20,m=40,prefilter=true,batch=true,h2c=pornin-addend",slope,15916.571661377622,15880.698931447198,15951.799385368075,0.95,20,
riblt.peel,binary-lambda.127,"d=4,m=10,prefilter=true,batch=true,h2c=pornin-addend,proj=gf2_127,mapproj=gf2_127",slope,2421.02696523668,2416.8232758119175,2425.4875139452456,0.95,4,
riblt.peel,binary-lambda.127,"d=4,m=8,prefilter=false,batch=false,h2c=pornin-addend",slope,2167.131413070498,2161.2932131369944,2173.7953507466414,0.95,4,
riblt.peel,binary-lambda.127,"d=4,m=8,prefilter=false,batch=true,h2c=pornin-addend",slope,1979.5712706363568,1972.3249636609057,1987.443615669242,0.95,4,
riblt.peel,binary-lambda.127,"d=4,m=8,prefilter=true,batch=false,h2c=pornin-addend",slope,2491.357813682504,2482.019471120322,2502.110575576414,0.95,4,
riblt.peel,binary-lambda.127,"d=4,m=8,prefilter=true,batch=true,h2c=pornin-addend",slope,2304.6083839924945,2297.2449070875587,2312.1146425639963,0.95,4,
riblt.peel,binary-u.109,"d=10000,m=20000,prefilter=false,batch=false,h2c=pornin-addend",mean,22684903.55000001,22641771.646666665,22731079.111833327,0.95,10000,
riblt.peel,binary-u.109,"d=10000,m=20000,prefilter=false,batch=true,h2c=pornin-addend",mean,13500865.5425,13462457.9511875,13541049.369625,0.95,10000,
riblt.peel,binary-u.109,"d=10000,m=20000,prefilter=true,batch=false,h2c=pornin-addend",mean,21066368.10666667,21027290.49224999,21106720.050833333,0.95,10000,
riblt.peel,binary-u.109,"d=10000,m=20000,prefilter=true,batch=true,h2c=pornin-addend",mean,15716398.7875,15676232.3659375,15759313.422874998,0.95,10000,
riblt.peel,binary-u.109,"d=10000,m=20000,prefilter=true,batch=true,h2c=pornin-addend,proj=gf2_127,mapproj=gf2_127",mean,13339044.6175,13311410.612812499,13367829.04575,0.95,10000,
riblt.peel,binary-u.109,"d=1350,m=2700,prefilter=false,batch=false,h2c=pornin-addend",mean,2749471.838888889,2741452.682541667,2758519.925763889,0.95,1350,
riblt.peel,binary-u.109,"d=1350,m=2700,prefilter=false,batch=true,h2c=pornin-addend",slope,1506507.6392404316,1501647.3774922015,1511697.1043770732,0.95,1350,
riblt.peel,binary-u.109,"d=1350,m=2700,prefilter=true,batch=false,h2c=pornin-addend",mean,2460654.7895,2455617.568887499,2465935.896725001,0.95,1350,
riblt.peel,binary-u.109,"d=1350,m=2700,prefilter=true,batch=true,h2c=pornin-addend",slope,1754457.735356879,1749540.1810832531,1759487.5129375088,0.95,1350,
riblt.peel,binary-u.109,"d=1350,m=2700,prefilter=true,batch=true,h2c=pornin-addend,proj=gf2_127,mapproj=gf2_127",slope,1441721.4063129895,1438227.7101560333,1445342.0974791595,0.95,1350,
riblt.peel,binary-u.109,"d=150,m=300,prefilter=false,batch=false,h2c=pornin-addend",slope,267651.9651012265,267001.93480623636,268362.6506511299,0.95,150,
riblt.peel,binary-u.109,"d=150,m=300,prefilter=false,batch=true,h2c=pornin-addend",slope,129797.17854699276,129402.36485098844,130230.39610311441,0.95,150,
riblt.peel,binary-u.109,"d=150,m=300,prefilter=true,batch=false,h2c=pornin-addend",slope,236822.4164545589,236256.15222299044,237427.07446598462,0.95,150,
riblt.peel,binary-u.109,"d=150,m=300,prefilter=true,batch=true,h2c=pornin-addend",slope,156246.16008106567,155536.1346318675,156987.5055819975,0.95,150,
riblt.peel,binary-u.109,"d=20,m=40,prefilter=false,batch=false,h2c=pornin-addend",slope,28681.042021488363,28626.914439455144,28737.743808663723,0.95,20,
riblt.peel,binary-u.109,"d=20,m=40,prefilter=false,batch=true,h2c=pornin-addend",slope,15004.148478765546,14971.41253742589,15038.194659798268,0.95,20,
riblt.peel,binary-u.109,"d=20,m=40,prefilter=true,batch=false,h2c=pornin-addend",slope,26120.686624037957,26059.891679257136,26185.08191000246,0.95,20,
riblt.peel,binary-u.109,"d=20,m=40,prefilter=true,batch=true,h2c=pornin-addend",slope,17617.490630018227,17560.786623511245,17676.158391152327,0.95,20,
riblt.peel,binary-u.109,"d=4,m=10,prefilter=true,batch=true,h2c=pornin-addend,proj=gf2_127,mapproj=gf2_127",slope,3752.2733465346537,3732.662478901084,3772.5682790347846,0.95,4,
riblt.peel,binary-u.109,"d=4,m=8,prefilter=false,batch=false,h2c=pornin-addend",slope,3810.6856280757033,3802.3869006601326,3820.4473535150205,0.95,4,
riblt.peel,binary-u.109,"d=4,m=8,prefilter=false,batch=true,h2c=pornin-addend",slope,2886.1496377185695,2879.4746610738157,2893.5841665084067,0.95,4,
riblt.peel,binary-u.109,"d=4,m=8,prefilter=true,batch=false,h2c=pornin-addend",slope,4099.757796460566,4090.243754368967,4109.828450304436,0.95,4,
riblt.peel,binary-u.109,"d=4,m=8,prefilter=true,batch=true,h2c=pornin-addend",slope,3218.222108610606,3209.7732834854182,3227.317070427703,0.95,4,
riblt.peel,binary-u.122,"d=10000,m=20000,prefilter=false,batch=false,h2c=pornin-addend",mean,18430180.53,18398933.44525,18462426.598416667,0.95,10000,
riblt.peel,binary-u.122,"d=10000,m=20000,prefilter=false,batch=true,h2c=pornin-addend",mean,13426541.7225,13384499.0703125,13472113.1185,0.95,10000,
riblt.peel,binary-u.122,"d=10000,m=20000,prefilter=true,batch=false,h2c=pornin-addend",mean,18634928.326666668,18598792.41675001,18671776.32725,0.95,10000,
riblt.peel,binary-u.122,"d=10000,m=20000,prefilter=true,batch=true,h2c=pornin-addend",mean,15722776.36,15691892.882625,15754659.462375,0.95,10000,
riblt.peel,binary-u.122,"d=10000,m=20000,prefilter=true,batch=true,h2c=pornin-addend,proj=gf2_127,mapproj=gf2_127",mean,13282659.5625,13257296.024062501,13308712.7234375,0.95,10000,
riblt.peel,binary-u.122,"d=1350,m=2700,prefilter=false,batch=false,h2c=pornin-addend",mean,2182361.522173913,2176773.329391304,2188312.2069456517,0.95,1350,
riblt.peel,binary-u.122,"d=1350,m=2700,prefilter=false,batch=true,h2c=pornin-addend",slope,1491806.4850628048,1487190.7529457733,1496756.4460720462,0.95,1350,
riblt.peel,binary-u.122,"d=1350,m=2700,prefilter=true,batch=false,h2c=pornin-addend",mean,2144422.138695652,2140328.1762608686,2148658.1082608686,0.95,1350,
riblt.peel,binary-u.122,"d=1350,m=2700,prefilter=true,batch=true,h2c=pornin-addend",slope,1752946.2044539677,1748427.0150294066,1757729.154276921,0.95,1350,
riblt.peel,binary-u.122,"d=1350,m=2700,prefilter=true,batch=true,h2c=pornin-addend,proj=gf2_127,mapproj=gf2_127",slope,1427720.8269986701,1425001.3785975736,1430447.2681647143,0.95,1350,
riblt.peel,binary-u.122,"d=150,m=300,prefilter=false,batch=false,h2c=pornin-addend",slope,198975.00762464904,198471.14391055828,199516.05097493684,0.95,150,
riblt.peel,binary-u.122,"d=150,m=300,prefilter=false,batch=true,h2c=pornin-addend",slope,125524.76045367224,125166.9880223439,125903.70555659536,0.95,150,
riblt.peel,binary-u.122,"d=150,m=300,prefilter=true,batch=false,h2c=pornin-addend",slope,195894.93124870697,195257.76208565457,196569.900411629,0.95,150,
riblt.peel,binary-u.122,"d=150,m=300,prefilter=true,batch=true,h2c=pornin-addend",slope,154527.3343503135,153702.99072472606,155437.8515302421,0.95,150,
riblt.peel,binary-u.122,"d=20,m=40,prefilter=false,batch=false,h2c=pornin-addend",slope,20975.11305058864,20930.29852837967,21019.09496505652,0.95,20,
riblt.peel,binary-u.122,"d=20,m=40,prefilter=false,batch=true,h2c=pornin-addend",slope,13806.191685859163,13766.465333360316,13846.265245220906,0.95,20,
riblt.peel,binary-u.122,"d=20,m=40,prefilter=true,batch=false,h2c=pornin-addend",slope,20945.758628895986,20895.756224422184,20997.408896161432,0.95,20,
riblt.peel,binary-u.122,"d=20,m=40,prefilter=true,batch=true,h2c=pornin-addend",slope,16526.509988151996,16461.60465238109,16594.791036848266,0.95,20,
riblt.peel,binary-u.122,"d=4,m=10,prefilter=true,batch=true,h2c=pornin-addend,proj=gf2_127,mapproj=gf2_127",slope,3004.0390745681284,2981.5271482860335,3026.632844401148,0.95,4,
riblt.peel,binary-u.122,"d=4,m=8,prefilter=false,batch=false,h2c=pornin-addend",slope,2850.6605247941557,2846.3731641157347,2855.1244974594447,0.95,4,
riblt.peel,binary-u.122,"d=4,m=8,prefilter=false,batch=true,h2c=pornin-addend",slope,2411.716343151276,2386.6839382225744,2442.696444050353,0.95,4,
riblt.peel,binary-u.122,"d=4,m=8,prefilter=true,batch=false,h2c=pornin-addend",slope,3171.8566613311764,3164.2152696044263,3180.156195935926,0.95,4,
riblt.peel,binary-u.122,"d=4,m=8,prefilter=true,batch=true,h2c=pornin-addend",slope,2698.2947662290953,2691.397736014222,2705.8790135412446,0.95,4,
riblt.peel,binary-u.122-gls,"d=10000,m=20000,prefilter=false,batch=false,h2c=pornin-addend",mean,18618186.20333333,18571805.601583324,18665930.13783334,0.95,10000,
riblt.peel,binary-u.122-gls,"d=10000,m=20000,prefilter=false,batch=true,h2c=pornin-addend",mean,13457380.62,13421537.255937502,13494881.432812499,0.95,10000,
riblt.peel,binary-u.122-gls,"d=10000,m=20000,prefilter=true,batch=false,h2c=pornin-addend",mean,18504616.93,18468028.14375,18542110.767833337,0.95,10000,
riblt.peel,binary-u.122-gls,"d=10000,m=20000,prefilter=true,batch=true,h2c=pornin-addend",mean,15739293.4975,15706419.949375,15773284.1818125,0.95,10000,
riblt.peel,binary-u.122-gls,"d=10000,m=20000,prefilter=true,batch=true,h2c=pornin-addend,proj=gf2_127,mapproj=gf2_127",mean,13401367.0875,13361466.483,13444132.9194375,0.95,10000,
riblt.peel,binary-u.122-gls,"d=1350,m=2700,prefilter=false,batch=false,h2c=pornin-addend",mean,2171340.8043478266,2166399.7014239132,2176401.9374565217,0.95,1350,
riblt.peel,binary-u.122-gls,"d=1350,m=2700,prefilter=false,batch=true,h2c=pornin-addend",slope,1488838.6291739324,1484539.0993347033,1493457.670624459,0.95,1350,
riblt.peel,binary-u.122-gls,"d=1350,m=2700,prefilter=true,batch=false,h2c=pornin-addend",mean,2128364.2547826087,2124249.473391305,2132626.784195652,0.95,1350,
riblt.peel,binary-u.122-gls,"d=1350,m=2700,prefilter=true,batch=true,h2c=pornin-addend",slope,1749496.5833367815,1744170.7068016648,1754973.3690665276,0.95,1350,
riblt.peel,binary-u.122-gls,"d=1350,m=2700,prefilter=true,batch=true,h2c=pornin-addend,proj=gf2_127,mapproj=gf2_127",slope,1437264.626082459,1432406.8839308072,1442456.3088145284,0.95,1350,
riblt.peel,binary-u.122-gls,"d=150,m=300,prefilter=false,batch=false,h2c=pornin-addend",slope,197737.26479444362,197144.3579705141,198410.71586005608,0.95,150,
riblt.peel,binary-u.122-gls,"d=150,m=300,prefilter=false,batch=true,h2c=pornin-addend",slope,125090.83676777006,124607.54870180535,125610.31007127523,0.95,150,
riblt.peel,binary-u.122-gls,"d=150,m=300,prefilter=true,batch=false,h2c=pornin-addend",slope,194357.32180700457,193781.97152995414,194979.1923447312,0.95,150,
riblt.peel,binary-u.122-gls,"d=150,m=300,prefilter=true,batch=true,h2c=pornin-addend",slope,151776.7545947772,151272.7345224359,152346.56925752008,0.95,150,
riblt.peel,binary-u.122-gls,"d=20,m=40,prefilter=false,batch=false,h2c=pornin-addend",slope,20963.745925225357,20898.970841102306,21034.351147747035,0.95,20,
riblt.peel,binary-u.122-gls,"d=20,m=40,prefilter=false,batch=true,h2c=pornin-addend",slope,13920.912607708531,13867.699212898757,13979.031969443811,0.95,20,
riblt.peel,binary-u.122-gls,"d=20,m=40,prefilter=true,batch=false,h2c=pornin-addend",slope,21091.79295883618,21006.160737950828,21179.36586114762,0.95,20,
riblt.peel,binary-u.122-gls,"d=20,m=40,prefilter=true,batch=true,h2c=pornin-addend",slope,16450.33238943376,16382.46850331764,16520.940585188335,0.95,20,
riblt.peel,binary-u.122-gls,"d=4,m=10,prefilter=true,batch=true,h2c=pornin-addend,proj=gf2_127,mapproj=gf2_127",slope,2911.2556127861885,2904.2087106049885,2919.276767013752,0.95,4,
riblt.peel,binary-u.122-gls,"d=4,m=8,prefilter=false,batch=false,h2c=pornin-addend",slope,2872.440421960179,2863.285793841955,2881.992376618635,0.95,4,
riblt.peel,binary-u.122-gls,"d=4,m=8,prefilter=false,batch=true,h2c=pornin-addend",slope,2401.7500618806735,2388.0190518123777,2416.9812290383534,0.95,4,
riblt.peel,binary-u.122-gls,"d=4,m=8,prefilter=true,batch=false,h2c=pornin-addend",slope,3185.115663636824,3175.5626128358817,3195.0408361042955,0.95,4,
riblt.peel,binary-u.122-gls,"d=4,m=8,prefilter=true,batch=true,h2c=pornin-addend",slope,2702.527462178871,2692.887576180304,2712.617242547622,0.95,4,
riblt.peel,binary-u.127,"d=10000,m=20000,prefilter=false,batch=false,h2c=pornin-addend",mean,15597625.22,15564613.868999999,15632484.043750001,0.95,10000,
riblt.peel,binary-u.127,"d=10000,m=20000,prefilter=false,batch=true,h2c=pornin-addend",mean,13200381.7625,13164593.8140625,13237928.048437499,0.95,10000,
riblt.peel,binary-u.127,"d=10000,m=20000,prefilter=true,batch=false,h2c=pornin-addend",mean,17028850.63,16984913.562833324,17074454.01491667,0.95,10000,
riblt.peel,binary-u.127,"d=10000,m=20000,prefilter=true,batch=true,h2c=pornin-addend",mean,15706822.9575,15662612.6911875,15753350.312812502,0.95,10000,
riblt.peel,binary-u.127,"d=10000,m=20000,prefilter=true,batch=true,h2c=pornin-addend,proj=gf2_127,mapproj=gf2_127",mean,13346119.2525,13315591.7445,13378199.554062499,0.95,10000,
riblt.peel,binary-u.127,"d=1350,m=2700,prefilter=false,batch=false,h2c=pornin-addend",slope,1789374.7166720852,1785444.984886236,1793599.5299847757,0.95,1350,
riblt.peel,binary-u.127,"d=1350,m=2700,prefilter=false,batch=true,h2c=pornin-addend",slope,1472256.006703118,1467338.9105816737,1477367.9673922078,0.95,1350,
riblt.peel,binary-u.127,"d=1350,m=2700,prefilter=true,batch=false,h2c=pornin-addend",mean,1916746.7930769227,1912230.4211538467,1921466.8565000007,0.95,1350,
riblt.peel,binary-u.127,"d=1350,m=2700,prefilter=true,batch=true,h2c=pornin-addend",slope,1736475.1829318753,1732506.4957475031,1740594.975875626,0.95,1350,
riblt.peel,binary-u.127,"d=1350,m=2700,prefilter=true,batch=true,h2c=pornin-addend,proj=gf2_127,mapproj=gf2_127",slope,1432639.9226806562,1428718.4912713317,1436595.8907526208,0.95,1350,
riblt.peel,binary-u.127,"d=150,m=300,prefilter=false,batch=false,h2c=pornin-addend",slope,157258.19415595292,156937.59076560417,157584.48970299528,0.95,150,
riblt.peel,binary-u.127,"d=150,m=300,prefilter=false,batch=true,h2c=pornin-addend",slope,122912.47489249297,122630.25007047853,123207.16332887138,0.95,150,
riblt.peel,binary-u.127,"d=150,m=300,prefilter=true,batch=false,h2c=pornin-addend",slope,170484.48009506922,169881.30072642872,171109.77552061903,0.95,150,
riblt.peel,binary-u.127,"d=150,m=300,prefilter=true,batch=true,h2c=pornin-addend",slope,150549.50858071735,150016.08737480754,151095.96461657618,0.95,150,
riblt.peel,binary-u.127,"d=20,m=40,prefilter=false,batch=false,h2c=pornin-addend",slope,16383.209383670495,16345.899102475028,16426.03201016085,0.95,20,
riblt.peel,binary-u.127,"d=20,m=40,prefilter=false,batch=true,h2c=pornin-addend",slope,13221.480546521332,13185.988973631502,13262.396718375805,0.95,20,
riblt.peel,binary-u.127,"d=20,m=40,prefilter=true,batch=false,h2c=pornin-addend",slope,17687.537336858062,17593.940783607282,17812.63610030051,0.95,20,
riblt.peel,binary-u.127,"d=20,m=40,prefilter=true,batch=true,h2c=pornin-addend",slope,15788.807927047928,15743.139289189883,15836.588307241012,0.95,20,
riblt.peel,binary-u.127,"d=4,m=10,prefilter=true,batch=true,h2c=pornin-addend,proj=gf2_127,mapproj=gf2_127",slope,2500.6732271125493,2484.7291585585144,2516.927700777118,0.95,4,
riblt.peel,binary-u.127,"d=4,m=8,prefilter=false,batch=false,h2c=pornin-addend",slope,2205.54778932085,2201.185545171804,2210.3126311753736,0.95,4,
riblt.peel,binary-u.127,"d=4,m=8,prefilter=false,batch=true,h2c=pornin-addend",slope,2039.7424244517601,2034.336088072214,2046.0619162075996,0.95,4,
riblt.peel,binary-u.127,"d=4,m=8,prefilter=true,batch=false,h2c=pornin-addend",slope,2526.779534952454,2520.13507409362,2534.2501619557243,0.95,4,
riblt.peel,binary-u.127,"d=4,m=8,prefilter=true,batch=true,h2c=pornin-addend",slope,2356.1168023282125,2350.0386085259474,2362.8270560580268,0.95,4,
riblt.peel,binary-w.109,"d=10000,m=20000,prefilter=true,batch=true,h2c=pornin-addend",mean,16646753.776666675,16612140.312583331,16682493.352749996,0.95,10000,
riblt.peel,binary-w.109,"d=10000,m=20000,prefilter=true,batch=true,h2c=pornin-addend,proj=gf2_127,mapproj=gf2_127",mean,14239555.5675,14219699.9739375,14260497.0511875,0.95,10000,
riblt.peel,binary-w.109,"d=1350,m=2700,prefilter=true,batch=true,h2c=pornin-addend",slope,1845508.5838362642,1841857.3021561557,1848966.773272348,0.95,1350,
riblt.peel,binary-w.109,"d=1350,m=2700,prefilter=true,batch=true,h2c=pornin-addend,proj=gf2_127,mapproj=gf2_127",slope,1530200.4934949018,1528048.0267530025,1532647.1588477397,0.95,1350,
riblt.peel,binary-w.109,"d=4,m=10,prefilter=true,batch=true,h2c=pornin-addend,proj=gf2_127,mapproj=gf2_127",slope,3687.819363489637,3680.0496369084017,3696.0708524123256,0.95,4,
riblt.peel,binary-w.109,"d=4,m=8,prefilter=true,batch=true,h2c=pornin-addend",slope,3181.650277360929,3172.528966455096,3190.919643840532,0.95,4,
riblt.peel,binary-w.122,"d=10000,m=20000,prefilter=true,batch=true,h2c=pornin-addend",mean,16818803.569999997,16773429.007583331,16865929.232416663,0.95,10000,
riblt.peel,binary-w.122,"d=10000,m=20000,prefilter=true,batch=true,h2c=pornin-addend,proj=gf2_127,mapproj=gf2_127",mean,14330955.6325,14297373.2671875,14366740.7855,0.95,10000,
riblt.peel,binary-w.122,"d=1350,m=2700,prefilter=true,batch=true,h2c=pornin-addend",slope,1866556.2815664252,1861106.490133587,1872523.8087544937,0.95,1350,
riblt.peel,binary-w.122,"d=1350,m=2700,prefilter=true,batch=true,h2c=pornin-addend,proj=gf2_127,mapproj=gf2_127",slope,1537369.7005024382,1533783.0475044437,1540988.4014651233,0.95,1350,
riblt.peel,binary-w.122,"d=4,m=10,prefilter=true,batch=true,h2c=pornin-addend,proj=gf2_127,mapproj=gf2_127",slope,2921.7789301481453,2913.8732793688614,2930.1834881855066,0.95,4,
riblt.peel,binary-w.122,"d=4,m=8,prefilter=true,batch=true,h2c=pornin-addend",slope,2721.1172578079836,2706.467690731118,2735.1385031713116,0.95,4,
riblt.peel,binary-w.122-gls,"d=10000,m=20000,prefilter=true,batch=true,h2c=pornin-addend",mean,16700130.363333333,16659082.087166669,16742826.681416666,0.95,10000,
riblt.peel,binary-w.122-gls,"d=10000,m=20000,prefilter=true,batch=true,h2c=pornin-addend,proj=gf2_127,mapproj=gf2_127",mean,14395528.7825,14352890.7588125,14439657.4930625,0.95,10000,
riblt.peel,binary-w.122-gls,"d=1350,m=2700,prefilter=true,batch=true,h2c=pornin-addend",slope,1863182.7275365745,1858615.8020638027,1867827.089749877,0.95,1350,
riblt.peel,binary-w.122-gls,"d=1350,m=2700,prefilter=true,batch=true,h2c=pornin-addend,proj=gf2_127,mapproj=gf2_127",slope,1544129.7412945174,1541249.7266780434,1547087.8660147504,0.95,1350,
riblt.peel,binary-w.122-gls,"d=4,m=10,prefilter=true,batch=true,h2c=pornin-addend,proj=gf2_127,mapproj=gf2_127",slope,2926.3802416090666,2916.938101956039,2935.9386183909,0.95,4,
riblt.peel,binary-w.122-gls,"d=4,m=8,prefilter=true,batch=true,h2c=pornin-addend",slope,2658.4328626868332,2648.8593921081824,2668.6975752911103,0.95,4,
riblt.peel,binary-w.127,"d=10000,m=20000,prefilter=false,batch=false,h2c=pornin-addend",mean,16551822.799999997,16520387.715000002,16584822.204250008,0.95,10000,
riblt.peel,binary-w.127,"d=10000,m=20000,prefilter=false,batch=true,h2c=pornin-addend",mean,14168178.5,14126217.9809375,14213320.2234375,0.95,10000,
riblt.peel,binary-w.127,"d=10000,m=20000,prefilter=true,batch=false,h2c=pornin-addend",mean,17807832.363333333,17776318.539250005,17840963.274749994,0.95,10000,
riblt.peel,binary-w.127,"d=10000,m=20000,prefilter=true,batch=true,h2c=pornin-addend",mean,16498121.006666671,16470305.13233333,16527249.840833336,0.95,10000,
riblt.peel,binary-w.127,"d=10000,m=20000,prefilter=true,batch=true,h2c=pornin-addend,proj=gf2_127,mapproj=gf2_127",mean,14049234.095,14031158.292875001,14069557.900375,0.95,10000,
riblt.peel,binary-w.127,"d=1350,m=2700,prefilter=false,batch=false,h2c=pornin-addend",slope,1878744.8334653466,1874961.1787872382,1882679.2513998835,0.95,1350,
riblt.peel,binary-w.127,"d=1350,m=2700,prefilter=false,batch=true,h2c=pornin-addend",slope,1571139.1353302794,1565008.4102027132,1576924.681593093,0.95,1350,
riblt.peel,binary-w.127,"d=1350,m=2700,prefilter=true,batch=false,h2c=pornin-addend",mean,2007707.3552000008,2004525.5966499997,2011063.063870001,0.95,1350,
riblt.peel,binary-w.127,"d=1350,m=2700,prefilter=true,batch=true,h2c=pornin-addend",slope,1835944.4902201863,1830685.1445359762,1841504.0417872418,0.95,1350,
riblt.peel,binary-w.127,"d=1350,m=2700,prefilter=true,batch=true,h2c=pornin-addend,proj=gf2_127,mapproj=gf2_127",slope,1518480.5518989211,1515089.5019924734,1522441.2526879394,0.95,1350,
riblt.peel,binary-w.127,"d=150,m=300,prefilter=false,batch=false,h2c=pornin-addend",slope,163963.00112309738,163605.74444193338,164362.0783669831,0.95,150,
riblt.peel,binary-w.127,"d=150,m=300,prefilter=false,batch=true,h2c=pornin-addend",slope,129083.10599231564,128469.13527606986,129707.32814233248,0.95,150,
riblt.peel,binary-w.127,"d=150,m=300,prefilter=true,batch=false,h2c=pornin-addend",slope,176918.67157775478,176265.58483212555,177564.53690646318,0.95,150,
riblt.peel,binary-w.127,"d=150,m=300,prefilter=true,batch=true,h2c=pornin-addend",slope,156357.79621545738,155896.04081448953,156828.87508706108,0.95,150,
riblt.peel,binary-w.127,"d=20,m=40,prefilter=false,batch=false,h2c=pornin-addend",slope,16572.862072959848,16526.93953656092,16624.46473081013,0.95,20,
riblt.peel,binary-w.127,"d=20,m=40,prefilter=false,batch=true,h2c=pornin-addend",slope,13352.749177478941,13280.192204634272,13417.251098142022,0.95,20,
riblt.peel,binary-w.127,"d=20,m=40,prefilter=true,batch=false,h2c=pornin-addend",slope,17730.642876054993,17694.285640014135,17769.480868065184,0.95,20,
riblt.peel,binary-w.127,"d=20,m=40,prefilter=true,batch=true,h2c=pornin-addend",slope,15881.982101324224,15827.313141217,15936.42196949449,0.95,20,
riblt.peel,binary-w.127,"d=4,m=10,prefilter=true,batch=true,h2c=pornin-addend,proj=gf2_127,mapproj=gf2_127",slope,2448.375224552306,2438.524041181583,2460.7450180090136,0.95,4,
riblt.peel,binary-w.127,"d=4,m=8,prefilter=false,batch=false,h2c=pornin-addend",slope,2202.4582092115697,2193.4750310278637,2212.799955062712,0.95,4,
riblt.peel,binary-w.127,"d=4,m=8,prefilter=false,batch=true,h2c=pornin-addend",slope,2031.4812157361891,2021.3696619969323,2041.4466916072827,0.95,4,
riblt.peel,binary-w.127,"d=4,m=8,prefilter=true,batch=false,h2c=pornin-addend",slope,2502.43822466436,2496.362647940211,2509.1360178171985,0.95,4,
riblt.peel,binary-w.127,"d=4,m=8,prefilter=true,batch=true,h2c=pornin-addend",slope,2336.2531124653956,2325.2272460216523,2346.341586201516,0.95,4,
riblt.peel,binary.109,"d=10000,m=20000,prefilter=true,batch=true,h2c=pornin",mean,16976125.023333333,16941081.66566667,17012893.004666667,0.95,10000,
riblt.peel,binary.109,"d=10000,m=20000,prefilter=true,batch=true,h2c=pornin,proj=gf2_127,mapproj=gf2_127",mean,14524076.5525,14498897.641062502,14550395.1715625,0.95,10000,
riblt.peel,binary.109,"d=1350,m=2700,prefilter=true,batch=true,h2c=pornin",slope,1877337.4772277228,1873197.1462624546,1882204.430393654,0.95,1350,
riblt.peel,binary.109,"d=1350,m=2700,prefilter=true,batch=true,h2c=pornin,proj=gf2_127,mapproj=gf2_127",slope,1569613.741069898,1566057.9952994036,1573441.6757230063,0.95,1350,
riblt.peel,binary.109,"d=4,m=10,prefilter=true,batch=true,h2c=pornin,proj=gf2_127,mapproj=gf2_127",slope,3846.482642621982,3839.0513496350704,3854.549178766145,0.95,4,
riblt.peel,binary.109,"d=4,m=8,prefilter=true,batch=true,h2c=pornin",slope,3280.9971152398166,3268.6643047972207,3296.13643440245,0.95,4,
riblt.peel,binary.122,"d=10000,m=20000,prefilter=true,batch=true,h2c=pornin",mean,16904151.96666666,16848132.20041666,16964073.387583338,0.95,10000,
riblt.peel,binary.122,"d=10000,m=20000,prefilter=true,batch=true,h2c=pornin,proj=gf2_127,mapproj=gf2_127",mean,14655169.6575,14612428.490375001,14705123.743625,0.95,10000,
riblt.peel,binary.122,"d=1350,m=2700,prefilter=true,batch=true,h2c=pornin",slope,1880956.4503236294,1873832.2445645519,1888395.8490660395,0.95,1350,
riblt.peel,binary.122,"d=1350,m=2700,prefilter=true,batch=true,h2c=pornin,proj=gf2_127,mapproj=gf2_127",slope,1564760.8989448796,1560955.841670545,1568819.3496247523,0.95,1350,
riblt.peel,binary.122,"d=4,m=10,prefilter=true,batch=true,h2c=pornin,proj=gf2_127,mapproj=gf2_127",slope,3084.0942204621765,3072.0600303202846,3097.335300207147,0.95,4,
riblt.peel,binary.122,"d=4,m=8,prefilter=true,batch=true,h2c=pornin",slope,2732.8307148720173,2726.352912879462,2739.500132371773,0.95,4,
riblt.peel,binary.122-gls,"d=10000,m=20000,prefilter=true,batch=true,h2c=pornin",mean,16652868.50333333,16615452.198000005,16691684.293500002,0.95,10000,
riblt.peel,binary.122-gls,"d=10000,m=20000,prefilter=true,batch=true,h2c=pornin,proj=gf2_127,mapproj=gf2_127",mean,14465769.605,14422028.0991875,14511374.8186875,0.95,10000,
riblt.peel,binary.122-gls,"d=1350,m=2700,prefilter=true,batch=true,h2c=pornin",slope,1847085.6178070046,1843916.5598447297,1850781.7539481288,0.95,1350,
riblt.peel,binary.122-gls,"d=1350,m=2700,prefilter=true,batch=true,h2c=pornin,proj=gf2_127,mapproj=gf2_127",slope,1549889.8295551944,1545186.203864228,1555054.011503611,0.95,1350,
riblt.peel,binary.122-gls,"d=4,m=10,prefilter=true,batch=true,h2c=pornin,proj=gf2_127,mapproj=gf2_127",slope,3060.0500881958314,3049.1059169073133,3071.480477792507,0.95,4,
riblt.peel,binary.122-gls,"d=4,m=8,prefilter=true,batch=true,h2c=pornin",slope,2702.0019663661888,2695.5216131804664,2708.9108217906723,0.95,4,
riblt.peel,binary.127,"d=10000,m=20000,prefilter=true,batch=true,h2c=pornin",mean,16638965.906666663,16605565.96583333,16674646.729666667,0.95,10000,
riblt.peel,binary.127,"d=10000,m=20000,prefilter=true,batch=true,h2c=pornin,proj=gf2_127,mapproj=gf2_127",mean,14436681.0775,14414446.825375,14459717.174687501,0.95,10000,
riblt.peel,binary.127,"d=1350,m=2700,prefilter=true,batch=true,h2c=pornin",slope,1851728.4223319048,1847308.6817843192,1855870.8337526878,0.95,1350,
riblt.peel,binary.127,"d=1350,m=2700,prefilter=true,batch=true,h2c=pornin,proj=gf2_127,mapproj=gf2_127",slope,1555788.4959893601,1553509.6359119718,1558000.5977266782,0.95,1350,
riblt.peel,binary.127,"d=4,m=10,prefilter=true,batch=true,h2c=pornin,proj=gf2_127,mapproj=gf2_127",slope,2639.3867941379094,2627.372069960813,2653.2307127275417,0.95,4,
riblt.peel,binary.127,"d=4,m=8,prefilter=true,batch=true,h2c=pornin",slope,2404.0465968700796,2397.601941667569,2410.6565966459953,0.95,4,
riblt.peel,edwards.107,"d=1350,m=2700,prefilter=true,batch=true,h2c=ti",mean,3226946.2825,3219318.020203125,3234904.324203125,0.95,1350,
riblt.peel,edwards.127,"d=1350,m=2700,prefilter=true,batch=true,h2c=ti",mean,3569401.724999998,3561285.9899999993,3577939.851482143,0.95,1350,
riblt.peel,edwards.61x2,"d=1350,m=2700,prefilter=true,batch=true,h2c=ti",mean,2858854.963888889,2851834.2671805546,2866209.603083334,0.95,1350,
riblt.peel,ristretto255,"d=1350,m=2700,prefilter=true,batch=true",mean,12320545.734,12292758.7364,12350660.372450002,0.95,1350,
riblt.peel,twisted.128,"d=1350,m=2700,prefilter=true,batch=true,h2c=ti",mean,4908533.251818179,4896689.598249998,4920480.212795452,0.95,1350,
riblt.peel,twisted.61x2,"d=1350,m=2700,prefilter=true,batch=true,h2c=ti",mean,2806171.7238888876,2799922.370986112,2812720.0166944438,0.95,1350,
riblt.peel,twisted.64x2,"d=1350,m=2700,prefilter=true,batch=true,h2c=ti",mean,3386420.6746666674,3376769.5825333335,3396436.526083333,0.95,1350,
riblt.peel,twisted.goldilocks2,"d=1350,m=2700,prefilter=true,batch=true,h2c=ti",mean,5142978.261999999,5131052.149625,5155614.565024997,0.95,1350,
riblt.peel,weier-jacobian.107,"d=1350,m=2700,prefilter=true,batch=true,h2c=ti",mean,3469712.194666667,3461096.3929500002,3478831.2715333314,0.95,1350,
riblt.peel,weier-jacobian.127,"d=1350,m=2700,prefilter=true,batch=true,h2c=ti",mean,3793430.5300000017,3785593.402678571,3801540.1720535723,0.95,1350,
riblt.peel,weier-jacobian.61x2,"d=1350,m=2700,prefilter=true,batch=true,h2c=ti",mean,3206102.23875,3198746.061171875,3213849.5191875,0.95,1350,
riblt.peel,weier.107,"d=1350,m=2700,prefilter=true,batch=true,h2c=ti",mean,3605683.785714286,3595228.1303749997,3616881.83744643,0.95,1350,
riblt.peel,weier.127,"d=1350,m=2700,prefilter=true,batch=true,h2c=ti",mean,4110285.021666665,4099090.979104167,4121851.7529791663,0.95,1350,
riblt.peel,weier.61x2,"d=1350,m=2700,prefilter=true,batch=true,h2c=ti",mean,3309277.235333333,3300014.821883333,3318908.120099999,0.95,1350,
riblt.peel,xor-sha256.64,"d=1350,m=2700,prefilter=true,batch=true",slope,1390096.5081897443,1387090.3745525049,1393610.149449745,0.95,1350,
riblt.peel,xor-siphash.64,"d=1350,m=2700,prefilter=true,batch=true",slope,1334061.3710004434,1331955.603473161,1336258.3629192298,0.95,1350,
riblt.stream,binary-lambda.109,"d=10,h2c=pornin-addend",mean,26237.100594257896,26197.154414870765,26275.859016610582,0.95,10,
riblt.stream,binary-lambda.109,"d=1000,h2c=pornin-addend",mean,5468704.485185185,5458645.08271605,5478611.94691358,0.95,1000,
riblt.stream,binary-lambda.109,"d=100000,h2c=pornin-addend",mean,1820524913.5,1816356175.195,1824933258.1875,0.95,100000,
riblt.stream,binary-lambda.122,"d=10,h2c=pornin-addend",mean,20072.210111386856,20027.075030010965,20112.40392451088,0.95,10,
riblt.stream,binary-lambda.122,"d=1000,h2c=pornin-addend",mean,4644095.709574468,4629681.9636968095,4657220.430292553,0.95,1000,
riblt.stream,binary-lambda.122,"d=100000,h2c=pornin-addend",mean,1800883459.4,1796567682.365,1805604692.675,0.95,100000,
riblt.stream,binary-lambda.122-gls,"d=10,h2c=pornin-addend",mean,19931.607497136316,19884.650635738835,19979.7844843929,0.95,10,
riblt.stream,binary-lambda.122-gls,"d=1000,h2c=pornin-addend",mean,4608034.695789473,4595949.351578947,4622893.231605263,0.95,1000,
riblt.stream,binary-lambda.122-gls,"d=100000,h2c=pornin-addend",mean,1792020931.5,1779495887.5,1809657995.9225001,0.95,100000,
riblt.stream,binary-lambda.127,"d=10,h2c=pornin-addend",mean,15731.268798028128,15712.534454593784,15748.205761321347,0.95,10,
riblt.stream,binary-lambda.127,"d=100,h2c=pornin-addend",mean,262674.00817819143,262020.17749168878,263425.97593085107,0.95,100,
riblt.stream,binary-lambda.127,"d=1000,h2c=pornin-addend",mean,4046614.804672897,4038378.9795327093,4057302.794906542,0.95,1000,
riblt.stream,binary-lambda.127,"d=10000,h2c=pornin-addend",mean,65371679.91428572,65082666.458571434,65761033.72535715,0.95,10000,
riblt.stream,binary-lambda.127,"d=100000,h2c=pornin-addend",mean,1750437619.3,1745138759.69,1756545711.9,0.95,100000,
riblt.stream,binary-lambda.127,"d=20,h2c=pornin-addend",mean,37735.270560648045,37656.43681997442,37812.23353229589,0.95,20,
riblt.stream,binary-lambda.127,"d=40,h2c=pornin-addend",mean,86955.94104772991,86807.24052502909,87112.42700814901,0.95,40,
riblt.stream,binary-lambda.127,"d=50000,h2c=pornin-addend",mean,624716162.5,620831214.7125001,628427908.71,0.95,50000,
riblt.stream,binary-u.109,"d=10,h2c=pornin-addend",mean,25546.23835327234,25513.247394792405,25577.611752287125,0.95,10,
riblt.stream,binary-u.109,"d=100,h2c=pornin-addend",mean,376393.8770551039,375650.27877145435,377161.25718157185,0.95,100,
riblt.stream,binary-u.109,"d=1000,h2c=pornin-addend",mean,5154289.875294117,5148104.443529411,5161085.404970588,0.95,1000,
riblt.stream,binary-u.109,"d=10000,h2c=pornin-addend",mean,74392841.11428572,74131878.92857143,74633536.36821428,0.95,10000,
riblt.stream,binary-u.109,"d=100000,h2c=pornin-addend",mean,1954413767.7,1938219997.1,1976338862.2,0.95,100000,
riblt.stream,binary-u.109,"d=20,h2c=pornin-addend",mean,59005.80239292791,58904.199405578416,59124.907691281805,0.95,20,
riblt.stream,binary-u.109,"d=40,h2c=pornin-addend",mean,131703.3251391162,131447.160301964,131991.52677168578,0.95,40,
riblt.stream,binary-u.109,"d=50000,h2c=pornin-addend",mean,690470407.1,686001175.9175,696161928.7,0.95,50000,
riblt.stream,binary-u.122,"d=10,h2c=pornin-addend",mean,19312.393909428025,19285.026888554898,19339.657506461397,0.95,10,
riblt.stream,binary-u.122,"d=100,h2c=pornin-addend",mean,296973.80931952666,296450.70643676043,297599.5102940089,0.95,100,
riblt.stream,binary-u.122,"d=1000,h2c=pornin-addend",mean,4333836.364646465,4323919.689823232,4346704.036363636,0.95,1000,
riblt.stream,binary-u.122,"d=10000,h2c=pornin-addend",mean,67002489.97142857,66891790.97142857,67131050.39250001,0.95,10000,
riblt.stream,binary-u.122,"d=100000,h2c=pornin-addend",mean,1750989094.0,1746067221.92,1756144068.4750001,0.95,100000,
riblt.stream,binary-u.122,"d=20,h2c=pornin-addend",mean,45109.63990679422,44987.80558345598,45272.072286301205,0.95,20,
riblt.stream,binary-u.122,"d=40,h2c=pornin-addend",mean,101543.43183135704,101289.19504611331,101831.20440052701,0.95,40,
riblt.stream,binary-u.122,"d=50000,h2c=pornin-addend",mean,624918090.6,622951127.09,626997699.3,0.95,50000,
riblt.stream,binary-u.122-gls,"d=10,h2c=pornin-addend",mean,19288.280562231037,19262.37446487453,19313.164678924717,0.95,10,
riblt.stream,binary-u.122-gls,"d=100,h2c=pornin-addend",mean,298390.4755390334,297851.5139405204,298973.43885130115,0.95,100,
riblt.stream,binary-u.122-gls,"d=1000,h2c=pornin-addend",mean,4334663.694,4326354.598599999,4344545.611725001,0.95,1000,
riblt.stream,binary-u.122-gls,"d=10000,h2c=pornin-addend",mean,68454358.55714285,68301786.80000001,68623836.08214284,0.95,10000,
riblt.stream,binary-u.122-gls,"d=100000,h2c=pornin-addend",mean,1890737325.4,1886182285.02,1895392010.3275,0.95,100000,
riblt.stream,binary-u.122-gls,"d=20,h2c=pornin-addend",mean,45836.42933513579,45577.07026207448,46106.409167998034,0.95,20,
riblt.stream,binary-u.122-gls,"d=40,h2c=pornin-addend",mean,102122.73744725739,101873.82593354431,102369.3782964135,0.95,40,
riblt.stream,binary-u.122-gls,"d=50000,h2c=pornin-addend",mean,655999374.7,652573579.7099999,659602268.9075,0.95,50000,
riblt.stream,binary-u.127,"d=10,h2c=pornin-addend",mean,15311.203513013796,15284.686145640733,15348.936626368939,0.95,10,
riblt.stream,binary-u.127,"d=100,h2c=pornin-addend",mean,246768.92647994906,246187.63488224064,247326.9306174411,0.95,100,
riblt.stream,binary-u.127,"d=1000,h2c=pornin-addend",mean,3840064.379279279,3806371.556036036,3899444.0333333327,0.95,1000,
riblt.stream,binary-u.127,"d=10000,h2c=pornin-addend",mean,62146416.825,62026261.686875,62278712.9784375,0.95,10000,
riblt.stream,binary-u.127,"d=100000,h2c=pornin-addend",mean,1709737685.1,1696735444.8,1725387178.1,0.95,100000,
riblt.stream,binary-u.127,"d=20,h2c=pornin-addend",mean,36161.547292644755,36080.18468440272,36269.61008868022,0.95,20,
riblt.stream,binary-u.127,"d=40,h2c=pornin-addend",mean,82795.31196850393,82607.07416929133,82983.29980427447,0.95,40,
riblt.stream,binary-u.127,"d=50000,h2c=pornin-addend",mean,596271819.7,593129796.0575,599117065.4,0.95,50000,
riblt.stream,binary-w.109,"d=10,h2c=pornin-addend",mean,26250.947052932763,26201.24680400573,26305.584299356222,0.95,10,
riblt.stream,binary-w.109,"d=1000,h2c=pornin-addend",mean,5461079.319753086,5446971.21851852,5480903.709938272,0.95,1000,
riblt.stream,binary-w.109,"d=100000,h2c=pornin-addend",mean,1809287289.0,1804733324.2,1814387076.955,0.95,100000,
riblt.stream,binary-w.122,"d=10,h2c=pornin-addend",mean,20182.780866218625,20029.266717646045,20361.220636596012,0.95,10,
riblt.stream,binary-w.122,"d=1000,h2c=pornin-addend",mean,4628967.78172043,4618862.764919355,4640584.851612902,0.95,1000,
riblt.stream,binary-w.122,"d=100000,h2c=pornin-addend",mean,1784823833.4,1781796882.5,1788552902.4625,0.95,100000,
riblt.stream,binary-w.122-gls,"d=10,h2c=pornin-addend",mean,20015.515409273037,19979.218005437895,20047.32881511162,0.95,10,
riblt.stream,binary-w.122-gls,"d=1000,h2c=pornin-addend",mean,4645366.104210526,4637514.294578946,4653017.621052632,0.95,1000,
riblt.stream,binary-w.122-gls,"d=100000,h2c=pornin-addend",mean,1805979814.5,1798445036.355,1813094591.5674999,0.95,100000,
riblt.stream,binary-w.127,"d=10,h2c=pornin-addend",mean,15776.832167293052,15743.004416136648,15818.99079418425,0.95,10,
riblt.stream,binary-w.127,"d=100,h2c=pornin-addend",mean,262121.64946524063,261757.07943516044,262492.4636363636,0.95,100,
riblt.stream,binary-w.127,"d=1000,h2c=pornin-addend",mean,4053784.85754717,4047392.359316037,4059424.8913207552,0.95,1000,
riblt.stream,binary-w.127,"d=10000,h2c=pornin-addend",mean,65008660.51428572,64880025.18642857,65144774.86750001,0.95,10000,
riblt.stream,binary-w.127,"d=100000,h2c=pornin-addend",mean,1734209656.5,1728126142.2,1741237482.4475,0.95,100000,
riblt.stream,binary-w.127,"d=20,h2c=pornin-addend",mean,37801.776103923876,37731.223905966006,37904.267422217476,0.95,20,
riblt.stream,binary-w.127,"d=40,h2c=pornin-addend",mean,87124.18714784634,86861.03108265426,87380.90465657742,0.95,40,
riblt.stream,binary-w.127,"d=50000,h2c=pornin-addend",mean,617496408.9,615515182.0324999,619672299.51,0.95,50000,
riblt.stream,binary.109,"d=10,h2c=pornin",mean,26886.17678243631,26846.347573243267,26920.912607386737,0.95,10,
riblt.stream,binary.109,"d=1000,h2c=pornin",mean,5525890.242500001,5516048.520093751,5537640.46125,0.95,1000,
riblt.stream,binary.109,"d=100000,h2c=pornin",mean,1903419004.0,1897027572.8875,1909781732.4,0.95,100000,
riblt.stream,binary.122,"d=10,h2c=pornin",mean,20533.656914987892,20501.12207626868,20579.757163112186,0.95,10,
riblt.stream,binary.122,"d=1000,h2c=pornin",mean,4697406.916129032,4685001.299919354,4712015.60983871,0.95,1000,
riblt.stream,binary.122,"d=100000,h2c=pornin",mean,1826028320.1,1823131918.6499999,1829136203.5,0.95,100000,
riblt.stream,binary.122-gls,"d=10,h2c=pornin",mean,20302.97649264663,20263.806585808874,20341.06346165114,0.95,10,
riblt.stream,binary.122-gls,"d=1000,h2c=pornin",mean,4614655.5191489365,4605471.058351064,4622789.295585106,0.95,1000,
riblt.stream,binary.122-gls,"d=100000,h2c=pornin",mean,1800170036.0,1797511769.7,1802631407.1750002,0.95,100000,
riblt.stream,binary.127,"d=10,h2c=pornin",mean,16543.28025653924,16489.482025025154,16622.857254275656,0.95,10,
riblt.stream,binary.127,"d=10,h2c=pornin,map=mcg64",mean,16477.070148433202,16436.979493352992,16521.08682093058,0.95,10,
riblt.stream,binary.127,"d=100,h2c=pornin,map=mcg64",mean,265400.33567093726,264935.49819285225,265926.1427461227,0.95,100,
riblt.stream,binary.127,"d=1000,h2c=pornin",mean,4138055.8115384616,4133331.2016346166,4142795.5846153847,0.95,1000,
riblt.stream,binary.127,"d=1000,h2c=pornin,map=mcg64",mean,4050808.066037736,4036328.7160377363,4066468.0379716987,0.95,1000,
riblt.stream,binary.127,"d=10000,h2c=pornin,map=chacha8",mean,77143628.76666667,76725652.22999999,77650597.66375001,0.95,10000,
riblt.stream,binary.127,"d=10000,h2c=pornin,map=mcg64",mean,65796534.985714294,64988258.76607143,66896113.850357145,0.95,10000,
riblt.stream,binary.127,"d=100000,h2c=pornin",mean,1972078966.2,1965533333.6074998,1978500773.8275,0.95,100000,
riblt.stream,binary.127,"d=100000,h2c=pornin,map=chacha8",mean,2393505634.4,2388918529.675,2398078302.78,0.95,100000,
riblt.stream,binary.127,"d=100000,h2c=pornin,map=mcg64",mean,1627480641.4,1623672758.5,1631556230.4,0.95,100000,
riblt.stream,binary.127,"d=20,h2c=pornin,map=mcg64",mean,38798.930284463895,38736.2206487965,38859.00715536105,0.95,20,
riblt.stream,binary.127,"d=40,h2c=pornin,map=mcg64",mean,88989.07075023741,88834.15922305317,89144.1563158832,0.95,40,
riblt.stream,binary.127,"d=50000,h2c=pornin,map=mcg64",mean,602631236.2,598115563.0375,607491977.9575,0.95,50000,
riblt.stream,edwards.107,"d=1000,h2c=ti",mean,9043538.851219513,9021388.453658538,9069167.778658537,0.95,1000,
riblt.stream,edwards.127,"d=1000,h2c=ti",mean,9888564.116666665,9868779.633333331,9909519.560625,0.95,1000,
riblt.stream,edwards.61x2,"d=1000,h2c=ti",mean,6934425.016981132,6916526.325754717,6951652.549056603,0.95,1000,
riblt.stream,ristretto255,d=10,mean,178077.5085858586,177570.0298701299,178579.75484848482,0.95,10,
riblt.stream,ristretto255,"d=10,map=mcg64",mean,178693.07575976846,178254.09435600578,179127.74774782924,0.95,10,
riblt.stream,ristretto255,d=100,mean,2433434.1381355934,2423788.5533898305,2444214.8745974577,0.95,100,
riblt.stream,ristretto255,"d=100,map=mcg64",mean,2426988.4966101693,2416205.269978814,2436775.616949152,0.95,100,
riblt.stream,ristretto255,d=1000,mean,28802435.090909086,28724908.070909087,28875446.436363637,0.95,1000,
riblt.stream,ristretto255,"d=1000,map=mcg64",mean,28727030.190909095,28638677.54545455,28831134.34409091,0.95,1000,
riblt.stream,ristretto255,d=10000,mean,339083308.0,337699827.46750003,340366847.8,0.95,10000,
riblt.stream,ristretto255,"d=10000,map=chacha8",mean,362734817.9,360713144.9425,364946983.1,0.95,10000,
riblt.stream,ristretto255,"d=10000,map=mcg64",mean,341810624.5,336143417.155,351439333.8,0.95,10000,
riblt.stream,ristretto255,d=100000,mean,4799329565.4,4790522351.2,4808010627.7,0.95,100000,
riblt.stream,ristretto255,"d=100000,map=chacha8",mean,5412661058.2,5401320469.1,5425180327.5,0.95,100000,
riblt.stream,ristretto255,"d=100000,map=mcg64",mean,4698113852.4,4670917619.377501,4738295473.9,0.95,100000,
riblt.stream,ristretto255,d=20,mean,405728.11263482284,404692.8761209553,406735.84191063175,0.95,20,
riblt.stream,ristretto255,"d=20,map=mcg64",mean,404283.03343605547,402923.5072419106,405471.51294298924,0.95,20,
riblt.stream,ristretto255,d=40,mean,889799.3389067523,886436.9672508038,892942.5221864951,0.95,40,
riblt.stream,ristretto255,"d=40,map=mcg64",mean,888368.9247588426,885895.7689067525,891007.0063906753,0.95,40,
riblt.stream,ristretto255,d=50000,mean,2166016911.2,2157991374.54,2174772456.5,0.95,50000,
riblt.stream,ristretto255,"d=50000,map=mcg64",mean,2111923350.9,2105549042.9,2120387286.0,0.95,50000,
riblt.stream,twisted.128,"d=1000,h2c=ti",mean,11153587.837931035,11132095.17974138,11178207.11637931,0.95,1000,
riblt.stream,twisted.61x2,"d=1000,h2c=ti",mean,6149755.612068965,6125299.99125,6184587.559741378,0.95,1000,
riblt.stream,twisted.64x2,"d=1000,h2c=ti",mean,7460922.5521739125,7439753.341304349,7478999.826086956,0.95,1000,
riblt.stream,twisted.goldilocks2,"d=1000,h2c=ti",mean,11712538.722222222,11690513.870370373,11735405.722222222,0.95,1000,
riblt.stream,weier-jacobian.107,"d=1000,h2c=ti",mean,7721531.034782608,7697347.717065218,7753505.730163043,0.95,1000,
riblt.stream,weier-jacobian.127,"d=1000,h2c=ti",mean,8624713.015000002,8606928.3225,8643266.0976875,0.95,1000,
riblt.stream,weier-jacobian.61x2,"d=1000,h2c=ti",mean,7209807.419230768,7198118.4841346145,7222367.131009615,0.95,1000,
riblt.stream,weier.107,"d=1000,h2c=ti",mean,8143571.843181817,8122517.843181819,8163790.359090909,0.95,1000,
riblt.stream,weier.127,"d=1000,h2c=ti",mean,9391191.905263158,9365901.305263158,9416111.245657895,0.95,1000,
riblt.stream,weier.61x2,"d=1000,h2c=ti",mean,7421791.322,7410518.204000001,7432586.752,0.95,1000,
riblt.stream,xor-sha256.64,d=10,mean,7584.690905935439,7541.721805996849,7637.375155528262,0.95,10,
riblt.stream,xor-sha256.64,d=100,mean,134377.44513046677,133603.40715637634,135221.56940187435,0.95,100,
riblt.stream,xor-sha256.64,d=1000,mean,2282719.450276243,2276914.9040331487,2289113.685441989,0.95,1000,
riblt.stream,xor-sha256.64,d=10000,mean,42415634.1,42198274.505227275,42598259.918181814,0.95,10000,
riblt.stream,xor-sha256.64,d=100000,mean,1105266922.9,1100678660.73,1110382257.3,0.95,100000,
riblt.stream,xor-sha256.64,d=20,mean,18428.736943611457,18349.896377962017,18533.286571411772,0.95,20,
riblt.stream,xor-sha256.64,d=40,mean,42589.4489140099,42360.02940429315,42861.32855995173,0.95,40,
riblt.stream,xor-sha256.64,d=50000,mean,399089610.6,396904378.4475,401484677.73499995,0.95,50000,
riblt.stream,xor-siphash.64,d=10,mean,6171.663715560001,6156.076346702931,6189.907384019008,0.95,10,
riblt.stream,xor-siphash.64,"d=10,map=mcg64",mean,6109.565012289071,6092.855014406096,6128.134281605635,0.95,10,
riblt.stream,xor-siphash.64,d=100,mean,114755.02775090688,114519.25117896011,115030.97562726721,0.95,100,
riblt.stream,xor-siphash.64,"d=100,map=mcg64",mean,113862.6075348561,113044.36189854644,114900.96263794127,0.95,100,
riblt.stream,xor-siphash.64,d=1000,mean,2050968.6942583732,2046730.9880382777,2055673.0378588515,0.95,1000,
riblt.stream,xor-siphash.64,"d=1000,map=mcg64",mean,1992404.4153488372,1988736.2869767442,1996780.865116279,0.95,1000,
riblt.stream,xor-siphash.64,d=10000,mean,38767499.391666666,38731738.34166666,38811449.20833333,0.95,10000,
riblt.stream,xor-siphash.64,"d=10000,map=chacha8",mean,44701547.56363636,44439382.055,45017305.236363634,0.95,10000,
riblt.stream,xor-siphash.64,"d=10000,map=mcg64",mean,38802400.90833333,38713960.266666666,38886346.08666667,0.95,10000,
riblt.stream,xor-siphash.64,d=100000,mean,1073725428.2,1070014316.8,1078406322.7150002,0.95,100000,
riblt.stream,xor-siphash.64,"d=100000,map=chacha8",mean,1638769059.0,1635022545.645,1642824116.395,0.95,100000,
riblt.stream,xor-siphash.64,"d=100000,map=mcg64",mean,1063381286.8,1059569140.1575,1067338320.64,0.95,100000,
riblt.stream,xor-siphash.64,d=20,mean,15309.377719176497,15268.657899606755,15362.211896021283,0.95,20,
riblt.stream,xor-siphash.64,"d=20,map=mcg64",mean,15131.934110130538,15095.78350478029,15171.495902854387,0.95,20,
riblt.stream,xor-siphash.64,d=40,mean,35713.13803188789,35651.47914390169,35795.785752259566,0.95,40,
riblt.stream,xor-siphash.64,"d=40,map=mcg64",mean,35773.95863654539,35670.82014194323,35894.83458616553,0.95,40,
riblt.stream,xor-siphash.64,d=50000,mean,385949615.8,383919005.5,387990797.72125,0.95,50000,
riblt.stream,xor-siphash.64,"d=50000,map=mcg64",mean,357475644.5,354233183.59125,361290109.24125,0.95,50000,
sieve/candidate,edwards127,13,mean,340148450.22,339829975.50875,340506177.05925,0.95,200,
sieve/candidate,gf2_127,7,mean,8569269.466666669,8556799.217083339,8582641.785416668,0.95,200,
sieve/candidate,weier127,13,mean,210144839.11,209907348.80525002,210411610.71675,0.95,200,
sieve/l,edwards127,11,mean,2473635.7833333337,2469903.8814285723,2477614.395619048,0.95,,
sieve/l,edwards127,13,mean,4791056.4381818175,4781801.615454543,4801408.721704545,0.95,,
sieve/l,edwards127,3,slope,15360.272984824545,15344.84315341336,15377.781506068615,0.95,,
sieve/l,edwards127,5,slope,108601.12682961431,108442.78979600512,108787.03440059544,0.95,,
sieve/l,edwards127,7,slope,412771.98643515096,412113.99797064567,413514.0784602473,0.95,,
sieve/l,edwards127,8,slope,1134.933379225888,1133.8937588738704,1136.113711117104,0.95,,
sieve/l,gf2_127,11,slope,365135.0968651791,364214.6258629579,366218.4626154025,0.95,,
sieve/l,gf2_127,13,slope,700961.0193763854,700067.4920505757,701991.5057447586,0.95,,
sieve/l,gf2_127,3,slope,3780.6932389560025,3773.8638782328735,3787.8096414325346,0.95,,
sieve/l,gf2_127,5,slope,18097.386320029018,18046.413981698246,18160.25140890952,0.95,,
sieve/l,gf2_127,7,slope,63854.13702490025,63731.24990092543,64016.00180907431,0.95,,
sieve/l,weier127,11,mean,2474179.4700000016,2470751.6179047627,2477845.574499999,0.95,,
sieve/l,weier127,13,mean,4787887.342727274,4781751.485863639,4794465.43143182,0.95,,
sieve/l,weier127,2,slope,9747.736662686568,9731.498180086399,9764.878679917376,0.95,,
sieve/l,weier127,3,slope,15269.778668333884,15246.726682464596,15294.612917530943,0.95,,
sieve/l,weier127,5,slope,108681.87408541451,108548.07659185505,108823.04680664481,0.95,,
sieve/l,weier127,7,slope,410734.3729944338,410186.8064797024,411353.6720597279,0.95,,
zq,mul,,slope,2449.8315795588414,2444.887017628773,2455.246912935513,0.95,,
zq,sigma,,slope,2712.378746024334,2696.900513966567,2728.593819024504,0.95,,
zq,sigma_inv,,slope,2498.8969362114667,2492.8056388886457,2505.941808984697,0.95,,
zq,square,,slope,1476.9634250422162,1473.8685393796982,1480.4739575517747,0.95,,
