time	phase	load1	load5	load15	runnable
1791484943	idle before	1.61	2.65	1.80	1
1791484948	idle before	1.48	2.61	1.79	0
1791484953	idle before	1.36	2.56	1.78	0
1791484958	idle before	1.33	2.54	1.77	0
1791484963	idle before	1.22	2.49	1.76	0
1791484968	idle before	1.20	2.47	1.76	0
1791484973	compare	1.19	2.44	1.76	1
1791484978	compare	1.17	2.42	1.75	1
1791484983	compare	1.24	2.41	1.75	1
1791484988	compare	1.30	2.41	1.75	1
1791484993	compare	1.36	2.40	1.76	1
1791484998	compare	1.33	2.37	1.75	1
1791485003	compare	1.38	2.37	1.75	2
1791485008	compare	1.35	2.35	1.75	1
1791485013	compare	1.32	2.32	1.74	1
1791485018	compare	1.46	2.33	1.75	1
1791485023	compare	1.42	2.31	1.75	1
1791485028	compare	1.39	2.29	1.74	3
1791485033	compare	1.44	2.29	1.74	1
1791485038	compare	1.40	2.26	1.74	1
1791485043	compare	1.37	2.24	1.73	1
1791485048	compare	1.34	2.22	1.73	1
1791485053	compare	1.31	2.20	1.73	1
1791485058	compare	1.29	2.18	1.72	1
1791485063	compare	1.34	2.18	1.72	1
1791485068	compare	1.32	2.16	1.72	1
1791485073	compare	1.29	2.14	1.72	1
1791485078	compare	1.27	2.12	1.71	1
1791485083	compare	1.25	2.10	1.71	1
1791485088	compare	1.23	2.08	1.70	2
1791485093	compare	1.29	2.08	1.71	1
1791485098	compare	1.26	2.06	1.70	1
1791485103	compare	1.24	2.04	1.70	1
1791485108	compare	1.62	2.11	1.72	1
1791485113	compare	1.57	2.09	1.72	1
1791485118	compare	1.53	2.07	1.71	1
1791485123	compare	1.57	2.07	1.72	1
1791485128	compare	1.52	2.05	1.71	1
1791485133	compare	1.48	2.04	1.71	1
1791485138	compare	1.60	2.05	1.72	1
1791485143	compare	1.55	2.03	1.71	1
1791485148	compare	1.51	2.02	1.71	1
1791485153	compare	1.47	2.00	1.70	3
1791485158	compare	1.43	1.98	1.70	1
1791485163	compare	1.39	1.97	1.70	1
1791485168	compare	1.36	1.95	1.69	1
1791485173	compare	1.33	1.93	1.69	1
1791485178	compare	1.31	1.92	1.68	1
1791485183	compare	1.28	1.90	1.68	1
1791485188	compare	1.26	1.89	1.68	1
1791485193	compare	1.24	1.87	1.67	1
1791485198	compare	1.22	1.86	1.67	2
1791485203	compare	1.20	1.84	1.66	1
1791485208	compare	1.18	1.83	1.66	2
1791485213	compare	1.17	1.82	1.66	2
1791485218	compare	1.16	1.80	1.65	1
1791485223	compare	1.14	1.79	1.65	1
1791485228	compare	1.13	1.77	1.65	1
1791485233	compare	1.12	1.76	1.64	1
1791485238	compare	1.27	1.78	1.65	1
1791485243	compare	1.25	1.77	1.64	1
1791485248	compare	1.23	1.76	1.64	1
1791485253	compare	1.29	1.76	1.64	2
1791485258	compare	1.27	1.75	1.64	1
1791485263	compare	1.25	1.74	1.64	1
1791485268	compare	1.23	1.72	1.63	1
1791485273	compare	1.21	1.71	1.63	2
1791485278	compare	1.35	1.73	1.64	2
1791485283	compare	1.32	1.72	1.63	1
1791485288	compare	1.30	1.71	1.63	1
1791485293	compare	1.27	1.70	1.63	1
1791485298	compare	1.25	1.68	1.62	1
1791485303	compare	1.23	1.67	1.62	1
1791485308	compare	1.21	1.66	1.62	1
1791485313	compare	1.36	1.68	1.62	2
1791485318	compare	1.33	1.67	1.62	1
1791485323	compare	1.30	1.66	1.62	1
1791485328	compare	1.36	1.67	1.62	1
1791485333	compare	1.33	1.65	1.62	1
1791485338	compare	1.46	1.68	1.62	1
1791485343	compare	1.42	1.67	1.62	1
1791485348	compare	1.39	1.65	1.62	3
1791485353	compare	1.36	1.64	1.61	1
1791485358	compare	1.33	1.63	1.61	1
1791485363	compare	1.30	1.62	1.61	1
1791485368	compare	1.28	1.61	1.60	1
1791485373	compare	1.26	1.60	1.60	1
1791485378	compare	1.24	1.59	1.60	1
1791485383	compare	1.22	1.58	1.59	2
1791485388	compare	1.20	1.57	1.59	1
1791485393	compare	1.18	1.56	1.59	1
1791485398	compare	1.25	1.57	1.59	1
1791485403	compare	1.23	1.56	1.58	2
1791485408	compare	1.37	1.58	1.59	3
1791485413	compare	1.34	1.57	1.59	1
1791485418	compare	1.31	1.56	1.59	1
1791485423	compare	1.29	1.55	1.58	1
1791485428	compare	1.26	1.54	1.58	1
1791485433	compare	1.24	1.53	1.58	2
1791485438	compare	1.22	1.53	1.57	1
1791485443	compare	1.21	1.52	1.57	1
1791485448	compare	1.19	1.51	1.57	1
1791485453	compare	1.17	1.50	1.56	1
1791485458	compare	1.24	1.51	1.56	1
1791485463	compare	1.30	1.52	1.57	1
1791485468	compare	1.28	1.51	1.56	2
1791485473	compare	1.33	1.52	1.57	1
1791485478	compare	1.31	1.51	1.56	1
1791485483	compare	1.28	1.50	1.56	1
1791485488	compare	1.26	1.49	1.56	1
1791485493	compare	1.24	1.48	1.55	1
1791485498	compare	1.22	1.47	1.55	1
1791485503	compare	1.28	1.48	1.55	2
1791485508	compare	1.26	1.47	1.55	1
1791485513	compare	1.24	1.47	1.54	3
1791485518	compare	1.22	1.46	1.54	1
1791485523	compare	1.20	1.45	1.54	1
1791485528	compare	1.27	1.46	1.54	2
1791485533	compare	1.32	1.47	1.54	1
1791485538	compare	1.30	1.46	1.54	1
1791485543	compare	1.35	1.47	1.54	2
1791485548	compare	1.33	1.46	1.54	1
1791485553	compare	1.30	1.45	1.54	1
1791485558	compare	1.28	1.45	1.54	3
1791485563	compare	1.25	1.44	1.53	1
1791485568	compare	1.23	1.43	1.53	1
1791485573	compare	1.29	1.44	1.53	2
1791485578	compare	1.35	1.45	1.54	1
1791485583	compare	1.32	1.44	1.53	2
1791485588	compare	1.30	1.43	1.53	2
1791485593	compare	1.35	1.44	1.53	3
1791485598	compare	1.32	1.44	1.53	1
1791485603	compare	1.30	1.43	1.53	1
1791485608	compare	1.27	1.42	1.52	1
1791485613	compare	1.25	1.41	1.52	1
1791485618	compare	1.23	1.41	1.52	1
1791485623	compare	1.21	1.40	1.52	1
1791485628	compare	1.20	1.39	1.51	2
1791485633	compare107	1.18	1.39	1.51	1
1791485638	compare107	1.16	1.38	1.51	2
1791485643	compare107	1.15	1.37	1.50	1
1791485648	compare107	1.14	1.37	1.50	1
1791485653	compare107	1.29	1.39	1.51	1
1791485658	compare107	1.27	1.39	1.51	1
1791485663	compare107	1.24	1.38	1.50	1
1791485669	compare107	1.22	1.37	1.50	1
1791485674	compare107	1.21	1.37	1.50	1
1791485679	compare107	1.19	1.36	1.49	1
1791485684	compare107	1.17	1.36	1.49	1
1791485689	compare107	1.16	1.35	1.49	1
1791485694	compare107	1.15	1.34	1.49	1
1791485699	compare107	1.13	1.34	1.48	1
1791485704	compare107	1.12	1.33	1.48	3
1791485709	compare107	1.43	1.39	1.50	2
1791485714	compare107	1.40	1.39	1.50	2
1791485719	compare107	1.45	1.40	1.50	1
1791485724	compare107	1.49	1.41	1.50	1
1791485729	compare107	1.53	1.42	1.50	1
1791485734	compare107	1.81	1.48	1.52	1
1791485739	compare107	1.75	1.47	1.52	3
1791485744	compare107	1.93	1.51	1.53	1
1791485749	compare107	1.85	1.50	1.53	1
1791485754	compare107	1.78	1.49	1.53	1
1791485759	compare107	1.80	1.50	1.53	1
1791485764	compare107	1.74	1.49	1.53	1
1791485769	compare107	1.68	1.48	1.53	1
1791485774	compare107	1.62	1.48	1.52	1
1791485779	compare107	1.57	1.47	1.52	1
1791485784	compare107	1.53	1.46	1.52	1
1791485789	compare107	1.48	1.45	1.51	1
1791485794	compare107	1.61	1.48	1.52	1
1791485799	compare107	1.56	1.47	1.52	1
1791485804	compare107	1.59	1.48	1.52	1
1791485809	compare107	1.54	1.47	1.52	1
1791485814	compare107	1.50	1.46	1.52	2
1791485819	compare107	1.46	1.45	1.51	1
1791485824	compare107	1.42	1.45	1.51	2
1791485829	compare107	1.39	1.44	1.51	1
1791485834	compare107	1.36	1.43	1.50	3
1791485839	compare107	1.33	1.42	1.50	3
1791485844	compare107	1.30	1.42	1.50	1
1791485849	compare107	1.28	1.41	1.50	1
1791485854	compare107	1.26	1.40	1.49	1
1791485859	compare107	1.23	1.40	1.49	2
1791485864	compare107	1.22	1.39	1.49	1
1791485869	compare107	1.20	1.38	1.48	1
1791485874	compare107	1.18	1.38	1.48	1
1791485879	compare107	1.17	1.37	1.48	1
1791485884	compare107	1.15	1.36	1.47	1
1791485889	compare107	1.14	1.36	1.47	1
1791485894	compare109	1.13	1.35	1.47	1
1791485899	compare109	1.12	1.34	1.47	3
1791485904	compare109	1.11	1.34	1.46	1
1791485909	compare109	1.10	1.33	1.46	1
1791485914	compare109	1.09	1.33	1.46	1
1791485919	compare109	1.08	1.32	1.45	1
1791485924	compare109	1.08	1.32	1.45	1
1791485929	compare109	1.07	1.31	1.45	1
1791485934	compare109	1.06	1.31	1.45	1
1791485939	compare109	1.14	1.32	1.45	1
1791485944	compare109	1.13	1.31	1.45	2
1791485949	compare109	1.12	1.31	1.45	1
1791485954	compare109	1.11	1.30	1.44	1
1791485959	compare109	1.10	1.30	1.44	1
1791485964	compare109	2.37	1.56	1.52	1
1791485969	compare109	2.26	1.55	1.52	1
1791485974	compare109	2.16	1.54	1.52	1
1791485979	compare109	2.07	1.53	1.52	2
1791485984	compare109	2.14	1.55	1.52	1
1791485989	compare109	2.05	1.54	1.52	1
1791485994	compare109	1.97	1.53	1.52	1
1791485999	compare109	1.89	1.53	1.52	1
1791486004	compare109	1.82	1.52	1.51	2
1791486009	compare109	1.75	1.51	1.51	1
1791486014	compare109	1.69	1.50	1.51	1
1791486019	compare109	1.64	1.49	1.50	1
1791486024	compare109	1.58	1.48	1.50	1
1791486029	compare109	1.54	1.47	1.50	2
1791486034	compare109	1.49	1.47	1.49	1
1791486039	compare109	1.45	1.46	1.49	1
1791486044	compare109	1.42	1.45	1.49	1
1791486049	compare109	1.46	1.46	1.49	1
1791486054	compare109	1.43	1.45	1.49	1
1791486059	compare109	1.39	1.44	1.49	1
1791486064	compare109	1.36	1.44	1.48	1
1791486069	compare109	1.33	1.43	1.48	1
1791486074	compare109	1.30	1.42	1.48	1
1791486079	compare109	1.28	1.41	1.47	1
1791486084	compare109	1.34	1.42	1.48	1
1791486089	compare109	1.31	1.42	1.47	1
1791486094	compare109	1.29	1.41	1.47	1
1791486099	compare109	1.26	1.40	1.47	1
1791486104	compare109	1.48	1.45	1.48	1
1791486109	compare109	1.44	1.44	1.48	1
1791486114	compare109	1.41	1.43	1.48	1
1791486119	compare109	1.37	1.42	1.47	1
1791486124	compare109	1.42	1.43	1.48	1
1791486129	compare109	1.47	1.44	1.48	1
1791486134	compare109	1.43	1.43	1.48	1
1791486139	compare109	1.37	1.42	1.47	1
1791486144	compare109	1.34	1.41	1.47	2
1791486149	compare109	1.31	1.41	1.46	1
1791486154	compare122	1.28	1.40	1.46	1
1791486159	compare122	1.26	1.39	1.46	1
1791486164	compare122	1.24	1.39	1.46	1
1791486169	compare122	1.30	1.40	1.46	2
1791486174	compare122	1.28	1.39	1.46	1
1791486179	compare122	1.25	1.38	1.45	1
1791486184	compare122	1.23	1.38	1.45	1
1791486189	compare122	1.21	1.37	1.45	1
1791486194	compare122	1.20	1.36	1.45	1
1791486199	compare122	1.18	1.36	1.44	1
1791486204	compare122	1.17	1.35	1.44	1
1791486209	compare122	1.23	1.36	1.44	1
1791486214	compare122	1.21	1.35	1.44	1
1791486219	compare122	1.20	1.35	1.44	1
1791486224	compare122	1.18	1.34	1.44	1
1791486229	compare122	1.17	1.34	1.43	1
1791486234	compare122	1.15	1.33	1.43	1
1791486239	compare122	1.14	1.33	1.43	1
1791486244	compare122	1.13	1.32	1.43	1
1791486249	compare122	1.12	1.31	1.42	1
1791486254	compare122	1.11	1.31	1.42	2
1791486259	compare122	1.18	1.32	1.43	1
1791486264	compare122	1.17	1.31	1.42	1
1791486269	compare122	1.15	1.31	1.42	1
1791486274	compare122	1.14	1.30	1.42	2
1791486279	compare122	1.13	1.30	1.42	1
1791486284	compare122	1.12	1.29	1.41	1
1791486289	compare122	1.11	1.29	1.41	1
1791486294	compare122	1.10	1.28	1.41	2
1791486299	compare122	1.09	1.28	1.41	1
1791486304	compare122	1.08	1.27	1.40	1
1791486309	compare122	1.08	1.27	1.40	1
1791486314	compare122	1.07	1.26	1.40	1
1791486319	compare122	1.14	1.28	1.40	2
1791486324	compare122	1.13	1.27	1.40	1
1791486329	compare122	1.12	1.27	1.40	1
1791486334	compare122	1.11	1.26	1.39	1
1791486339	compare122	1.10	1.26	1.39	1
1791486344	compare122	1.09	1.25	1.39	1
1791486349	compare122	1.09	1.25	1.39	1
1791486354	compare122	1.08	1.24	1.38	1
1791486359	compare122	1.07	1.24	1.38	1
1791486364	compare122	1.07	1.24	1.38	1
1791486369	compare122	1.06	1.23	1.38	1
1791486374	compare122	1.06	1.23	1.37	1
1791486379	compare122	1.05	1.22	1.37	1
1791486384	compare122	1.05	1.22	1.37	1
1791486389	compare122	1.04	1.22	1.37	2
1791486394	compare122	1.04	1.21	1.37	1
1791486399	compare122	1.04	1.21	1.36	1
1791486404	compare122	1.03	1.20	1.36	1
1791486409	compare122	1.03	1.20	1.36	1
1791486414	compare122	1.03	1.20	1.36	1
1791486419	compare122	1.02	1.19	1.35	1
1791486424	compare122	1.02	1.19	1.35	1
1791486429	compare122	1.02	1.19	1.35	1
1791486434	compare122	1.02	1.18	1.35	1
1791486439	compare122	1.02	1.18	1.35	2
1791486444	compare122	1.02	1.18	1.35	1
1791486449	compare122	1.01	1.17	1.34	1
1791486454	compare122	1.01	1.17	1.34	1
1791486459	compare122	1.01	1.17	1.34	1
1791486464	compare122	1.01	1.16	1.34	1
1791486469	compare122	1.17	1.20	1.35	1
1791486474	compare122	1.16	1.19	1.34	1
1791486479	compare122	1.14	1.19	1.34	1
1791486484	compare122	1.13	1.18	1.34	2
1791486489	compare122	1.12	1.18	1.34	1
1791486494	compare122	1.11	1.18	1.34	1
1791486499	compare122	1.10	1.17	1.33	1
1791486504	compare122	1.09	1.17	1.33	1
1791486509	compare122	1.09	1.17	1.33	2
1791486514	compare122	1.16	1.18	1.33	1
1791486519	compare122	1.15	1.18	1.33	2
1791486524	compare122	1.21	1.19	1.34	1
1791486529	compare122	1.20	1.19	1.33	1
1791486534	compare122	1.18	1.19	1.33	1
1791486539	compare122	1.17	1.18	1.33	1
1791486544	compare122	1.15	1.18	1.33	1
1791486549	compare122	1.14	1.18	1.33	1
1791486554	compare_fp2	1.13	1.17	1.33	1
1791486559	compare_fp2	1.12	1.17	1.32	1
1791486564	compare_fp2	1.11	1.17	1.32	1
1791486569	compare_fp2	1.10	1.16	1.32	1
1791486574	compare_fp2	1.09	1.16	1.32	1
1791486579	compare_fp2	1.08	1.16	1.32	1
1791486584	compare_fp2	1.08	1.16	1.31	2
1791486589	compare_fp2	1.07	1.15	1.31	1
1791486594	compare_fp2	1.06	1.15	1.31	1
1791486599	compare_fp2	1.06	1.15	1.31	1
1791486604	compare_fp2	1.05	1.14	1.31	1
1791486609	compare_fp2	1.05	1.14	1.30	2
1791486614	compare_fp2	1.05	1.14	1.30	1
1791486619	compare_fp2	1.04	1.14	1.30	2
1791486624	compare_fp2	1.20	1.17	1.31	1
1791486629	compare_fp2	1.18	1.17	1.31	1
1791486634	compare_fp2	1.17	1.16	1.31	1
1791486639	compare_fp2	1.15	1.16	1.30	1
1791486644	compare_fp2	1.14	1.16	1.30	2
1791486649	compare_fp2	1.13	1.15	1.30	2
1791486654	compare_fp2	1.12	1.15	1.30	1
1791486659	compare_fp2	1.11	1.15	1.30	1
1791486664	compare_fp2	1.10	1.14	1.29	1
1791486669	compare_fp2	1.09	1.14	1.29	1
1791486674	compare_fp2	1.08	1.14	1.29	2
1791486679	compare_fp2	1.08	1.14	1.29	1
1791486684	compare_fp2	1.07	1.14	1.29	1
1791486689	compare_fp2	1.07	1.13	1.28	2
1791486694	compare_fp2	1.06	1.13	1.28	1
1791486699	compare_fp2	1.06	1.13	1.28	1
1791486704	compare_fp2	1.05	1.13	1.28	1
1791486709	compare_fp2	1.05	1.12	1.28	1
1791486714	compare_fp2	1.04	1.12	1.27	1
1791486719	compare_fp2	1.04	1.12	1.27	1
1791486724	compare_fp2	1.04	1.12	1.27	1
1791486729	compare_fp2	1.03	1.11	1.27	1
1791486734	compare_fp2	1.03	1.11	1.27	1
1791486739	compare_fp2	1.03	1.11	1.27	1
1791486744	compare_fp2	1.02	1.11	1.26	1
1791486750	compare_fp2	1.02	1.11	1.26	1
1791486755	compare_fp2	1.02	1.10	1.26	1
1791486760	compare_fp2	1.02	1.10	1.26	1
1791486765	compare_fp2	1.02	1.10	1.26	1
1791486770	compare_fp2	1.02	1.10	1.26	1
1791486775	compare_fp2	1.01	1.10	1.26	1
1791486780	compare_fp2	1.01	1.09	1.25	1
1791486785	compare_fp2	1.01	1.09	1.25	1
1791486790	compare_fp2	1.01	1.09	1.25	1
1791486795	compare_fp2	1.01	1.09	1.25	1
1791486800	compare_fp2	1.01	1.09	1.25	1
1791486805	compare_fp2	1.01	1.08	1.25	1
1791486810	compare_fp2	1.09	1.10	1.25	1
1791486815	compare_fp2	1.16	1.12	1.26	1
1791486820	compare_fp2	1.15	1.11	1.25	1
1791486825	compare_fp2	1.13	1.11	1.25	1
1791486830	compare_fp2	1.12	1.11	1.25	1
1791486835	compare_fp2	1.11	1.11	1.25	1
1791486840	compare_fp2	1.10	1.11	1.25	1
1791486845	compare_fp2	1.10	1.10	1.25	1
1791486850	compare_fp2	1.09	1.10	1.25	1
1791486855	compare_fp2	1.08	1.10	1.24	1
1791486860	compare_fp2	1.07	1.10	1.24	1
1791486865	compare_fp2	1.07	1.10	1.24	1
1791486870	compare_fp2	1.06	1.09	1.24	1
1791486875	compare_fp2	1.06	1.09	1.24	1
1791486880	compare_fp2	1.05	1.09	1.24	1
1791486885	compare_fp2	1.05	1.09	1.24	1
1791486890	compare_fp2	1.04	1.09	1.23	1
1791486895	compare_fp2	1.04	1.08	1.23	1
1791486900	compare_fp2	1.04	1.08	1.23	1
1791486905	compare_fp2	1.11	1.10	1.24	1
1791486910	compare_fp2	1.10	1.10	1.23	1
1791486915	compare_fp2	1.10	1.10	1.23	1
1791486920	compare_fp2	1.09	1.09	1.23	1
1791486925	compare_fp2	1.08	1.09	1.23	1
1791486930	compare_fp2	1.07	1.09	1.23	1
1791486935	compare_fp2	1.07	1.09	1.23	1
1791486940	compare_fp2	1.06	1.09	1.22	1
1791486945	compare_fp2	1.06	1.08	1.22	1
1791486950	compare_fp2	1.05	1.08	1.22	2
1791486955	compare_fp2	1.13	1.10	1.23	1
1791486960	compare_fp2	1.20	1.11	1.23	1
1791486965	compare_fp2	1.18	1.11	1.23	1
1791486970	compare_fp2	1.17	1.11	1.23	1
1791486975	compare_fp2	1.15	1.11	1.23	1
1791486980	compare_fp2	1.14	1.11	1.22	1
1791486985	compare_fp2	1.13	1.10	1.22	1
1791486990	compare_fp2	1.12	1.10	1.22	2
1791486995	compare_fp2	1.19	1.12	1.23	1
1791487000	compare_fp2	1.17	1.12	1.22	1
1791487005	compare_fp2	1.16	1.11	1.22	1
1791487010	compare_fp2	1.15	1.11	1.22	1
1791487015	compare_fp2	1.13	1.11	1.22	1
1791487020	compare_fp2	1.12	1.11	1.22	2
1791487025	compare_fp2	1.11	1.11	1.22	1
1791487030	compare_fp2	1.10	1.10	1.22	1
1791487035	compare_fp2	1.10	1.10	1.21	1
1791487040	compare_fp2	1.09	1.10	1.21	1
1791487045	compare_fp2	1.08	1.10	1.21	1
1791487050	compare_fp2	1.07	1.10	1.21	1
1791487055	compare_fp2	1.07	1.09	1.21	1
1791487060	compare_fp2	1.06	1.09	1.21	1
1791487065	compare_fp2	1.06	1.09	1.21	1
1791487070	compare_fp2	1.05	1.09	1.20	1
1791487075	compare_fp2	1.05	1.09	1.20	1
1791487080	compare_fp2	1.04	1.08	1.20	1
1791487085	compare_fp2	1.04	1.08	1.20	1
1791487090	compare_fp2	1.04	1.08	1.20	1
1791487095	compare_fp2	1.03	1.08	1.20	1
1791487100	compare_fp2	1.03	1.08	1.20	1
1791487105	compare_fp2	1.03	1.08	1.19	1
1791487110	compare_fp2	1.11	1.09	1.20	2
1791487115	compare_fp2	1.10	1.09	1.20	1
1791487120	compare_fp2	1.09	1.09	1.20	1
1791487125	group	1.16	1.10	1.20	1
1791487130	group	1.15	1.10	1.20	1
1791487135	group	1.22	1.12	1.20	1
1791487140	group	1.20	1.12	1.20	1
1791487145	group	1.18	1.11	1.20	2
1791487150	group	1.17	1.11	1.20	1
1791487155	group	1.15	1.11	1.20	1
1791487160	group	1.46	1.17	1.22	1
1791487165	group	1.43	1.17	1.22	1
1791487170	group	1.39	1.17	1.21	1
1791487175	group	1.44	1.18	1.22	3
1791487180	group	1.40	1.18	1.22	1
1791487185	group	1.37	1.18	1.22	2
1791487190	group	1.42	1.19	1.22	4
1791487195	group	1.39	1.19	1.22	1
1791487200	group	1.36	1.18	1.22	5
1791487205	group	1.41	1.20	1.22	1
1791487210	group	1.54	1.23	1.23	1
1791487215	group	1.49	1.22	1.23	1
1791487220	group	1.69	1.27	1.25	2
1791487225	group	2.04	1.35	1.27	1
1791487230	group	2.04	1.36	1.28	1
1791487235	group	2.03	1.37	1.28	2
1791487240	group	1.95	1.36	1.28	2
1791487245	group	1.95	1.37	1.28	2
1791487250	group	1.88	1.37	1.28	1
1791487255	group	1.81	1.36	1.28	1
1791487260	group	1.74	1.36	1.28	1
1791487265	group	1.68	1.35	1.27	1
1791487270	group	1.63	1.34	1.27	1
1791487275	group	1.66	1.35	1.28	1
1791487280	group	1.61	1.35	1.27	1
1791487285	group	1.56	1.34	1.27	1
1791487290	group	1.51	1.34	1.27	1
1791487295	group	1.47	1.33	1.27	1
1791487300	group	1.43	1.32	1.27	1
1791487305	group	1.48	1.34	1.27	2
1791487310	group	1.44	1.33	1.27	1
1791487315	group	1.48	1.34	1.28	1
1791487320	group	1.45	1.34	1.27	1
1791487325	group	1.41	1.33	1.27	1
1791487330	group	1.38	1.32	1.27	2
1791487335	group	1.35	1.32	1.27	1
1791487340	group	1.32	1.31	1.27	1
1791487345	group	1.29	1.31	1.27	1
1791487350	group	1.27	1.30	1.26	1
1791487355	group	1.25	1.30	1.26	1
1791487360	group	1.23	1.29	1.26	1
1791487365	group	1.21	1.29	1.26	1
1791487370	group	1.19	1.28	1.26	1
1791487375	group	1.18	1.28	1.26	1
1791487380	group	1.16	1.27	1.26	1
1791487385	group	1.15	1.27	1.25	1
1791487390	group	1.14	1.26	1.25	2
1791487395	group	1.12	1.26	1.25	1
1791487400	group	1.20	1.27	1.26	1
1791487405	group	1.18	1.27	1.25	1
1791487410	group	1.16	1.26	1.25	1
1791487415	group	1.15	1.26	1.25	1
1791487420	group	1.14	1.25	1.25	1
1791487425	group	1.13	1.25	1.25	1
1791487430	group	1.12	1.24	1.25	2
1791487435	group	1.11	1.24	1.25	1
1791487440	group	1.10	1.23	1.24	1
1791487445	group	1.09	1.23	1.24	16
1791487450	group	1.08	1.23	1.24	2
1791487455	group	1.08	1.22	1.24	1
1791487460	group	1.15	1.24	1.24	2
1791487465	group	1.14	1.23	1.24	2
1791487470	group	1.13	1.23	1.24	2
1791487475	group	1.12	1.22	1.24	1
1791487480	group	1.11	1.22	1.24	3
1791487485	group	1.10	1.22	1.24	1
1791487490	group	1.09	1.21	1.23	1
1791487495	group	1.08	1.21	1.23	1
1791487500	group	1.08	1.20	1.23	1
1791487505	group	1.15	1.22	1.24	1
1791487510	group	1.14	1.21	1.23	1
1791487515	group	1.13	1.21	1.23	1
1791487520	group	1.12	1.21	1.23	1
1791487525	group	1.11	1.20	1.23	1
1791487530	group	1.10	1.20	1.23	3
1791487535	group	1.09	1.20	1.23	1
1791487540	group	1.08	1.19	1.23	1
1791487545	group	1.24	1.22	1.24	2
1791487550	group	1.46	1.27	1.25	1
1791487555	group	1.42	1.26	1.25	2
1791487560	group	1.39	1.26	1.25	1
1791487565	group	1.36	1.25	1.25	1
1791487570	group	1.33	1.25	1.25	1
1791487575	group	1.30	1.25	1.24	1
1791487580	group	1.28	1.24	1.24	2
1791487585	group	1.25	1.24	1.24	1
1791487590	group	1.23	1.23	1.24	1
1791487595	group	1.21	1.23	1.24	1
1791487600	group	1.28	1.24	1.24	3
1791487605	group	1.33	1.25	1.25	1
1791487610	group	1.31	1.25	1.25	1
1791487615	group	1.36	1.26	1.25	1
1791487620	group	1.33	1.26	1.25	1
1791487625	group	1.31	1.25	1.25	1
1791487630	group	1.28	1.25	1.25	1
1791487635	group	1.26	1.25	1.24	1
1791487640	group	1.32	1.26	1.25	1
1791487645	group	1.29	1.25	1.25	1
1791487650	group	1.27	1.25	1.25	2
1791487655	group	1.25	1.25	1.24	1
1791487660	group	1.23	1.24	1.24	1
1791487665	group	1.21	1.24	1.24	1
1791487670	group	1.19	1.23	1.24	1
1791487675	group	1.18	1.23	1.24	1
1791487680	group	1.16	1.22	1.24	1
1791487685	group	1.15	1.22	1.23	1
1791487690	group	1.14	1.22	1.23	1
1791487695	group	1.13	1.21	1.23	2
1791487700	group	1.12	1.21	1.23	1
1791487705	group	1.11	1.20	1.23	1
1791487710	group	1.10	1.20	1.23	1
1791487715	group	1.09	1.20	1.23	2
1791487720	group	1.08	1.19	1.22	1
1791487725	group	1.08	1.19	1.22	1
1791487730	group	1.07	1.19	1.22	1
1791487735	group	1.06	1.18	1.22	1
1791487740	group	1.06	1.18	1.22	2
1791487745	group	1.05	1.18	1.22	1
1791487750	group	1.05	1.17	1.22	1
1791487755	group	1.04	1.17	1.21	1
1791487760	group	1.04	1.17	1.21	1
1791487765	group	1.04	1.16	1.21	1
1791487770	group	1.03	1.16	1.21	1
1791487775	group	1.03	1.16	1.21	1
1791487780	group	1.03	1.16	1.21	1
1791487785	group	1.03	1.15	1.21	1
1791487790	group	1.02	1.15	1.20	1
1791487795	group	1.02	1.15	1.20	1
1791487800	group	1.02	1.14	1.20	2
1791487805	group	1.02	1.14	1.20	1
1791487811	group	1.02	1.14	1.20	1
1791487816	group	1.01	1.14	1.20	1
1791487821	group	1.01	1.13	1.20	1
1791487826	group	1.01	1.13	1.19	1
1791487831	group	1.01	1.13	1.19	1
1791487836	group	1.01	1.13	1.19	1
1791487841	group	1.01	1.12	1.19	1
1791487846	group	1.01	1.12	1.19	1
1791487851	group	1.01	1.12	1.19	1
1791487856	group	1.01	1.12	1.18	1
1791487861	group	1.00	1.12	1.18	1
1791487866	group	1.00	1.11	1.18	1
1791487871	group	1.00	1.11	1.18	1
1791487876	group	1.00	1.11	1.18	1
1791487881	group	1.08	1.12	1.18	1
1791487886	group	1.08	1.12	1.18	1
1791487891	group	1.07	1.12	1.18	2
1791487896	group	1.06	1.12	1.18	1
1791487901	group	1.06	1.12	1.18	2
1791487906	group	1.05	1.11	1.18	1
1791487911	group	1.21	1.14	1.19	2
1791487916	group	1.19	1.14	1.19	1
1791487921	group	1.18	1.14	1.19	1
1791487926	group	1.16	1.14	1.18	1
1791487931	group	1.15	1.14	1.18	1
1791487936	group	1.14	1.13	1.18	1
1791487941	group	1.13	1.13	1.18	1
1791487946	group	1.12	1.13	1.18	2
1791487951	group	1.11	1.13	1.18	1
1791487956	group	1.10	1.12	1.18	1
1791487961	group	1.09	1.12	1.18	2
1791487966	group	1.16	1.14	1.18	1
1791487971	group	1.15	1.13	1.18	1
1791487976	group	1.14	1.13	1.18	2
1791487981	group	1.13	1.13	1.18	1
1791487986	group	1.12	1.13	1.18	2
1791487991	group	1.11	1.12	1.18	1
1791487996	group	1.10	1.12	1.18	1
1791488001	group	1.17	1.14	1.18	1
1791488006	group	1.16	1.13	1.18	1
1791488011	group	1.22	1.15	1.18	1
1791488016	group	1.29	1.16	1.19	1
1791488021	group	1.26	1.16	1.19	1
1791488026	group	1.24	1.16	1.19	1
1791488031	group	1.22	1.15	1.18	1
1791488036	group	1.20	1.15	1.18	1
1791488041	group	1.19	1.15	1.18	3
1791488046	group	1.17	1.14	1.18	2
1791488051	group	1.16	1.14	1.18	1
1791488056	group	1.31	1.17	1.19	1
1791488061	group	1.28	1.17	1.19	1
1791488066	group	1.26	1.17	1.19	1
1791488071	group	1.24	1.16	1.19	1
1791488076	group	1.22	1.16	1.18	1
1791488081	group	1.20	1.16	1.18	1
1791488086	group	1.18	1.16	1.18	2
1791488091	group	1.17	1.15	1.18	1
1791488096	group	1.16	1.15	1.18	1
1791488101	group	1.14	1.15	1.18	1
1791488106	group	1.13	1.14	1.18	1
1791488111	group	1.12	1.14	1.18	2
1791488116	group	1.11	1.14	1.18	1
1791488121	group	1.10	1.14	1.17	1
1791488126	group	1.09	1.13	1.17	1
1791488131	group	1.09	1.13	1.17	1
1791488136	group	1.08	1.13	1.17	1
1791488141	group	1.07	1.13	1.17	1
1791488146	group	1.07	1.12	1.17	1
1791488151	group	1.14	1.14	1.17	1
1791488156	group	1.13	1.14	1.17	1
1791488161	group	1.12	1.13	1.17	1
1791488166	group	1.11	1.13	1.17	2
1791488171	group	1.10	1.13	1.17	1
1791488176	group	1.09	1.13	1.17	1
1791488181	group	1.08	1.12	1.17	1
1791488186	group	1.08	1.12	1.17	1
1791488191	group	1.07	1.12	1.17	1
1791488196	group	1.06	1.12	1.17	1
1791488201	group	1.14	1.13	1.17	1
1791488206	group	1.13	1.13	1.17	1
1791488211	group	1.12	1.13	1.17	1
1791488216	group	1.11	1.12	1.17	1
1791488221	group	1.10	1.12	1.17	1
1791488226	group	1.09	1.12	1.17	1
1791488231	group	1.08	1.12	1.16	1
1791488236	group	1.08	1.12	1.16	1
1791488241	group	1.07	1.11	1.16	2
1791488246	group	1.06	1.11	1.16	2
1791488251	group	1.06	1.11	1.16	1
1791488256	group	1.05	1.11	1.16	1
1791488261	group	1.05	1.11	1.16	1
1791488266	group	1.05	1.10	1.16	1
1791488271	group	1.04	1.10	1.16	1
1791488276	group	1.04	1.10	1.16	1
1791488281	group	1.04	1.10	1.15	1
1791488286	group	1.03	1.10	1.15	1
1791488291	group	1.03	1.09	1.15	1
1791488296	group	1.03	1.09	1.15	1
1791488301	group	1.02	1.09	1.15	1
1791488306	group	1.02	1.09	1.15	1
1791488311	group	1.02	1.09	1.15	1
1791488316	group	1.02	1.08	1.15	1
1791488321	group	1.02	1.08	1.15	1
1791488326	group	1.02	1.08	1.15	1
1791488331	group	1.01	1.08	1.14	1
1791488336	group	1.01	1.08	1.14	1
1791488341	group	1.01	1.08	1.14	1
1791488346	group	1.01	1.08	1.14	1
1791488351	group	1.01	1.07	1.14	1
1791488356	group	1.01	1.07	1.14	2
1791488361	group	1.01	1.07	1.14	1
1791488366	group	1.01	1.07	1.14	1
1791488371	group	1.01	1.07	1.14	1
1791488376	group	1.00	1.07	1.14	1
1791488381	group	1.00	1.07	1.14	1
1791488386	group	1.00	1.06	1.13	3
1791488391	group	1.00	1.06	1.13	2
1791488396	group	1.00	1.06	1.13	1
1791488401	group	1.00	1.06	1.13	1
1791488406	group	1.00	1.06	1.13	1
1791488411	group	1.00	1.06	1.13	1
1791488416	group	1.00	1.06	1.13	1
1791488421	group	1.00	1.06	1.13	1
1791488426	group	1.00	1.05	1.13	1
1791488431	group	1.00	1.05	1.13	1
1791488436	group	1.00	1.05	1.12	1
1791488441	group	1.00	1.05	1.12	1
1791488446	group	1.00	1.05	1.12	1
1791488451	group	1.00	1.05	1.12	1
1791488456	group	1.00	1.05	1.12	1
1791488461	group	1.00	1.05	1.12	1
1791488466	group	1.00	1.05	1.12	1
1791488471	group	1.00	1.05	1.12	20
1791488476	group	1.00	1.04	1.12	1
1791488481	group	1.00	1.04	1.12	1
1791488486	group	1.00	1.04	1.11	1
1791488491	group	1.00	1.04	1.11	1
1791488496	group	1.00	1.04	1.11	1
1791488501	group	1.08	1.06	1.12	1
1791488506	group	1.07	1.06	1.12	1
1791488511	group	1.07	1.06	1.12	1
1791488516	group	1.14	1.07	1.12	1
1791488521	group	1.13	1.07	1.12	1
1791488526	group	1.28	1.10	1.13	1
1791488531	group	1.26	1.10	1.13	1
1791488536	group	1.24	1.10	1.13	1
1791488541	group	1.22	1.10	1.13	1
1791488546	group	1.20	1.09	1.13	1
1791488551	group	1.18	1.09	1.12	1
1791488556	group	1.17	1.09	1.12	1
1791488561	group	1.16	1.09	1.12	1
1791488566	group	1.14	1.09	1.12	1
1791488571	group	1.13	1.08	1.12	1
1791488576	group	1.12	1.08	1.12	1
1791488581	group	1.11	1.08	1.12	1
1791488586	group	1.10	1.08	1.12	1
1791488591	group	1.09	1.08	1.12	1
1791488596	group	1.17	1.09	1.12	1
1791488601	group	1.15	1.09	1.12	1
1791488606	group	1.14	1.09	1.12	1
1791488611	group	1.13	1.09	1.12	1
1791488616	group	1.12	1.09	1.12	1
1791488621	group	1.19	1.10	1.12	1
1791488626	group	1.17	1.10	1.12	1
1791488631	group	1.24	1.12	1.13	2
1791488636	group	1.22	1.11	1.13	2
1791488641	group	1.20	1.11	1.12	1
1791488646	group	1.19	1.11	1.12	1
1791488651	group	1.33	1.14	1.13	1
1791488656	group	1.30	1.14	1.13	1
1791488661	group	1.28	1.14	1.13	1
1791488666	group	1.26	1.13	1.13	1
1791488671	group	1.24	1.13	1.13	2
1791488676	group	1.22	1.13	1.13	1
1791488681	group	1.20	1.13	1.13	1
1791488686	group	1.18	1.12	1.13	1
1791488691	group	1.17	1.12	1.13	1
1791488696	group	1.15	1.12	1.13	1
1791488701	group	1.14	1.12	1.12	1
1791488706	group	1.13	1.12	1.12	1
1791488711	group	1.12	1.11	1.12	1
1791488716	group	1.11	1.11	1.12	1
1791488721	group	1.10	1.11	1.12	2
1791488726	group	1.09	1.11	1.12	1
1791488731	group	1.08	1.11	1.12	1
1791488736	group	1.08	1.10	1.12	1
1791488741	group	1.07	1.10	1.12	1
1791488746	group	1.07	1.10	1.12	2
1791488751	group	1.06	1.10	1.11	1
1791488756	group	1.06	1.10	1.11	1
1791488761	group	1.05	1.09	1.11	1
1791488766	group	1.05	1.09	1.11	1
1791488771	group	1.04	1.09	1.11	2
1791488776	group	1.04	1.09	1.11	1
1791488781	group	1.04	1.09	1.11	1
1791488786	group	1.11	1.10	1.11	1
1791488791	group	1.10	1.10	1.11	2
1791488796	group	1.10	1.10	1.11	1
1791488801	group	1.09	1.10	1.11	1
1791488806	group	1.08	1.09	1.11	1
1791488811	group	1.07	1.09	1.11	1
1791488816	group	1.23	1.12	1.12	1
1791488821	group	1.21	1.12	1.12	1
1791488826	group	1.19	1.12	1.12	1
1791488831	group	1.18	1.12	1.12	1
1791488836	group	1.16	1.11	1.12	1
1791488841	group	1.15	1.11	1.11	1
1791488846	group	1.14	1.11	1.11	2
1791488851	group	1.13	1.11	1.11	1
1791488856	group	1.12	1.11	1.11	1
1791488861	group	1.11	1.10	1.11	1
1791488866	group	1.10	1.10	1.11	1
1791488871	group	1.09	1.10	1.11	1
1791488876	group	1.24	1.13	1.12	1
1791488881	group	1.30	1.15	1.12	1
1791488887	group	1.28	1.14	1.12	1
1791488892	group	1.26	1.14	1.12	1
1791488897	group	1.56	1.21	1.14	1
1791488902	group	1.51	1.20	1.14	1
1791488907	group	1.47	1.20	1.14	1
1791488912	group	1.43	1.20	1.14	1
1791488917	group	1.40	1.19	1.14	1
1791488922	group	1.37	1.19	1.14	2
1791488927	group	1.34	1.19	1.14	1
1791488932	group	1.31	1.18	1.14	2
1791488937	group	1.28	1.18	1.13	1
1791488942	group	1.26	1.18	1.13	1
1791488947	group	1.24	1.17	1.13	1
1791488952	group	1.22	1.17	1.13	1
1791488957	group	1.20	1.17	1.13	1
1791488962	group	1.19	1.16	1.13	1
1791488967	group	1.33	1.19	1.14	1
1791488972	group	1.71	1.27	1.17	2
1791488977	group	1.97	1.34	1.19	1
1791488982	group	1.89	1.33	1.19	2
1791488987	group	1.90	1.34	1.19	2
1791488992	group	1.83	1.34	1.19	1
1791488997	group	1.76	1.33	1.19	1
1791489002	group	1.78	1.34	1.19	1
1791489007	group	1.80	1.35	1.20	2
1791489012	group	1.97	1.40	1.21	1
1791489017	group	1.98	1.41	1.22	1
1791489022	group	1.90	1.40	1.21	1
1791489027	group	1.83	1.39	1.21	1
1791489032	group	1.76	1.39	1.21	1
1791489037	group	1.78	1.40	1.22	1
1791489042	group	1.72	1.39	1.21	1
1791489047	group	1.66	1.38	1.21	1
1791489052	group	1.69	1.39	1.22	3
1791489057	group	1.63	1.39	1.22	1
1791489062	group	1.66	1.40	1.22	1
1791489067	group	1.61	1.39	1.22	1
1791489072	group	1.56	1.38	1.22	1
1791489077	group	1.51	1.38	1.22	1
1791489082	group	1.55	1.39	1.22	1
1791489087	group	1.67	1.41	1.23	2
1791489092	group	1.70	1.42	1.23	1
1791489097	group	1.72	1.43	1.24	1
1791489102	group	1.66	1.43	1.24	1
1791489107	group	1.77	1.45	1.25	1
1791489112	group	1.71	1.44	1.25	1
1791489117	group	1.73	1.45	1.25	1
1791489122	group	1.99	1.51	1.27	1
1791489127	group	2.07	1.54	1.28	2
1791489132	group	2.07	1.55	1.28	1
1791489137	group	2.06	1.55	1.29	1
1791489142	group	2.06	1.56	1.29	1
1791489147	group	2.05	1.57	1.30	1
1791489152	group	1.97	1.56	1.29	1
1791489157	group	1.89	1.55	1.29	1
1791489162	group	1.90	1.56	1.30	2
1791489167	group	1.83	1.55	1.29	1
1791489172	group	1.76	1.54	1.29	3
1791489177	group	1.78	1.55	1.30	1
1791489182	group	1.72	1.54	1.29	1
1791489187	group	1.66	1.53	1.29	1
1791489192	group	1.61	1.52	1.29	1
1791489197	group	1.56	1.51	1.29	1
1791489202	group	1.51	1.50	1.29	1
1791489207	group	1.47	1.49	1.28	1
1791489212	group	1.43	1.48	1.28	1
1791489217	group	1.40	1.48	1.28	1
1791489222	group	1.37	1.47	1.28	1
1791489227	group	1.34	1.46	1.28	1
1791489232	group	1.31	1.45	1.27	2
1791489237	group	1.28	1.44	1.27	1
1791489242	group	1.26	1.44	1.27	1
1791489247	group	1.24	1.43	1.27	1
1791489252	group	1.22	1.42	1.27	2
1791489257	group	1.20	1.41	1.27	1
1791489262	group	1.19	1.41	1.27	1
1791489267	group	1.17	1.40	1.26	1
1791489272	group	1.16	1.39	1.26	1
1791489277	group	1.14	1.39	1.26	2
1791489282	group	1.13	1.38	1.26	1
1791489287	group	1.12	1.37	1.26	1
1791489292	group	1.11	1.37	1.26	1
1791489297	group	1.10	1.36	1.25	1
1791489302	group	1.50	1.44	1.28	1
1791489307	group	1.45	1.43	1.28	1
1791489312	group	1.42	1.42	1.28	1
1791489317	group	1.38	1.42	1.27	1
1791489322	group	1.35	1.41	1.27	1
1791489327	group	1.33	1.40	1.27	1
1791489332	group	1.30	1.39	1.27	1
1791489337	group	1.27	1.39	1.27	2
1791489342	group	1.25	1.38	1.27	1
1791489347	group	1.23	1.37	1.27	1
1791489352	group	1.21	1.37	1.26	2
1791489357	group	1.20	1.36	1.26	2
1791489362	group	1.42	1.41	1.28	1
1791489367	group	1.39	1.40	1.28	1
1791489372	group	1.36	1.39	1.27	1
1791489377	group	1.33	1.39	1.27	1
1791489382	group	1.46	1.41	1.28	1
1791489387	group	1.42	1.41	1.28	1
1791489392	group	1.39	1.40	1.28	1
1791489397	group	1.36	1.39	1.28	1
1791489402	group	1.33	1.38	1.27	1
1791489407	group	1.30	1.38	1.27	2
1791489412	group	1.28	1.37	1.27	1
1791489417	group	1.26	1.37	1.27	1
1791489422	group	1.32	1.38	1.27	1
1791489427	group	1.29	1.37	1.27	1
1791489432	group	1.27	1.36	1.27	1
1791489437	group	1.25	1.36	1.27	1
1791489442	group	1.23	1.35	1.27	1
1791489447	group	1.21	1.34	1.27	1
1791489452	group	1.19	1.34	1.26	1
1791489457	group	1.17	1.33	1.26	1
1791489462	group	1.16	1.33	1.26	1
1791489467	group	1.15	1.32	1.26	1
1791489472	group	1.14	1.32	1.26	1
1791489477	group	1.12	1.31	1.26	1
1791489482	group	1.11	1.31	1.25	1
1791489487	group	1.10	1.30	1.25	1
1791489492	group	1.10	1.29	1.25	1
1791489497	group	1.09	1.29	1.25	1
1791489502	group	1.08	1.28	1.25	1
1791489507	group	1.07	1.28	1.25	1
1791489512	group	1.07	1.27	1.25	1
1791489517	group	1.06	1.27	1.24	1
1791489522	group	1.06	1.26	1.24	1
1791489527	group	1.05	1.26	1.24	1
1791489532	group	1.13	1.27	1.25	1
1791489537	group	1.12	1.27	1.24	1
1791489542	group	1.11	1.26	1.24	1
1791489547	group	1.10	1.26	1.24	1
1791489552	group	1.09	1.25	1.24	1
1791489557	group	1.08	1.25	1.24	1
1791489562	group	1.08	1.25	1.24	1
1791489567	group	1.07	1.24	1.24	1
1791489572	group	1.06	1.24	1.23	1
1791489577	group	1.06	1.23	1.23	1
1791489582	group	1.05	1.23	1.23	1
1791489587	group	1.05	1.22	1.23	2
1791489592	group	1.04	1.22	1.23	1
1791489597	group	1.04	1.22	1.23	1
1791489602	group	1.12	1.23	1.23	1
1791489607	group	1.11	1.23	1.23	1
1791489612	group	1.10	1.22	1.23	1
1791489617	group	1.09	1.22	1.23	1
1791489622	group	1.08	1.21	1.23	1
1791489627	group	1.08	1.21	1.22	1
1791489632	group	1.07	1.21	1.22	1
1791489637	group	1.06	1.20	1.22	1
1791489642	group	1.06	1.20	1.22	2
1791489647	group	1.05	1.20	1.22	1
1791489652	group	1.13	1.21	1.22	2
1791489657	group	1.36	1.26	1.24	1
1791489662	group	1.33	1.25	1.24	1
1791489667	group	1.30	1.25	1.23	1
1791489672	group	1.28	1.24	1.23	1
1791489677	group	1.26	1.24	1.23	1
1791489682	group	1.24	1.23	1.23	1
1791489687	group	1.22	1.23	1.23	1
1791489692	group	1.28	1.24	1.23	1
1791489697	group	1.26	1.24	1.23	1
1791489702	group	1.24	1.23	1.23	1
1791489707	group	1.22	1.23	1.23	1
1791489712	group	1.20	1.23	1.23	1
1791489717	group	1.18	1.22	1.23	1
1791489722	group	1.17	1.22	1.22	1
1791489727	group	1.16	1.21	1.22	1
1791489732	group	1.14	1.21	1.22	1
1791489737	group	1.13	1.21	1.22	1
1791489742	group	1.12	1.20	1.22	1
1791489747	group	1.11	1.20	1.22	1
1791489752	group	1.10	1.20	1.22	1
1791489757	group	1.09	1.19	1.21	2
1791489762	group	2.37	1.46	1.30	1
1791489767	group	2.26	1.45	1.30	1
1791489772	group	2.24	1.46	1.30	1
1791489777	group	2.30	1.48	1.31	1
1791489782	group	2.19	1.47	1.31	1
1791489787	group	2.10	1.47	1.31	1
1791489792	group	2.01	1.46	1.30	2
1791489797	group	1.93	1.45	1.30	2
1791489802	group	1.85	1.44	1.30	1
1791489807	group	1.79	1.43	1.30	1
1791489812	group	1.72	1.43	1.30	2
1791489817	group	1.66	1.42	1.29	1
1791489822	group	1.61	1.41	1.29	1
1791489827	group	1.56	1.41	1.29	1
1791489832	group	1.52	1.40	1.29	1
1791489837	group	3.00	1.71	1.39	1
1791489842	group	2.84	1.70	1.39	1
1791489847	group	2.69	1.68	1.38	1
1791489852	group	2.55	1.67	1.38	1
1791489857	group	2.43	1.66	1.38	3
1791489862	group	2.31	1.65	1.38	1
1791489867	group	2.21	1.64	1.37	2
1791489872	group	2.11	1.63	1.37	1
1791489877	group	2.02	1.62	1.37	1
1791489882	group	1.94	1.61	1.37	1
1791489887	group	1.86	1.60	1.37	1
1791489893	group	1.80	1.59	1.36	20
1791489898	group	1.73	1.58	1.36	1
1791489903	group	1.67	1.57	1.36	1
1791489908	group	1.62	1.56	1.36	1
1791489913	group	1.57	1.55	1.35	1
1791489918	group	1.52	1.54	1.35	2
1791489923	group	1.48	1.53	1.35	1
1791489928	group	1.52	1.54	1.35	1
1791489933	group	1.56	1.55	1.36	1
1791489938	group	1.52	1.54	1.36	1
1791489943	group	1.47	1.53	1.35	1
1791489948	group	1.44	1.52	1.35	1
1791489953	group	1.40	1.51	1.35	1
1791489958	group	1.37	1.50	1.35	1
1791489963	group	1.34	1.49	1.35	1
1791489968	group	1.31	1.48	1.35	1
1791489973	group	1.29	1.47	1.34	1
1791489978	group	1.26	1.47	1.34	2
1791489983	group	1.24	1.46	1.34	1
1791489988	group	1.22	1.45	1.34	1
1791489993	group	1.28	1.46	1.34	1
1791489998	group	1.26	1.45	1.34	1
1791490003	group	1.32	1.46	1.34	1
1791490008	group	1.30	1.45	1.34	1
1791490013	group	1.27	1.45	1.34	1
1791490018	group	1.25	1.44	1.34	1
1791490023	group	1.23	1.43	1.34	2
1791490028	group	1.21	1.42	1.33	1
1791490033	group	1.19	1.42	1.33	1
1791490038	group	1.18	1.41	1.33	1
1791490043	group	1.16	1.40	1.33	1
1791490048	group	1.15	1.40	1.33	1
1791490053	group	1.14	1.39	1.32	1
1791490058	group	1.13	1.38	1.32	1
1791490063	group	1.12	1.38	1.32	1
1791490068	group	1.11	1.37	1.32	1
1791490073	group	1.10	1.36	1.32	1
1791490078	group	1.09	1.36	1.31	1
1791490083	group	1.08	1.35	1.31	1
1791490088	group	1.08	1.34	1.31	2
1791490093	group	1.07	1.34	1.31	1
1791490098	group	1.06	1.33	1.31	1
1791490103	group	1.06	1.33	1.30	1
1791490108	group	1.05	1.32	1.30	1
1791490113	group	1.05	1.32	1.30	1
1791490118	group	1.04	1.31	1.30	1
1791490123	group	1.04	1.30	1.30	1
1791490128	group	1.12	1.32	1.30	1
1791490133	group	1.11	1.31	1.30	1
1791490138	group	1.10	1.31	1.30	1
1791490143	group	1.09	1.30	1.29	1
1791490148	group	1.08	1.29	1.29	1
1791490153	group	1.08	1.29	1.29	2
1791490158	group	1.07	1.28	1.29	1
1791490163	group	1.06	1.28	1.29	1
1791490168	group	1.06	1.27	1.28	1
1791490173	group	1.05	1.27	1.28	1
1791490178	group	1.05	1.27	1.28	1
1791490183	group	1.05	1.26	1.28	1
1791490188	group	1.04	1.26	1.28	1
1791490193	group	1.04	1.25	1.27	1
1791490198	group	1.12	1.26	1.28	1
1791490203	group	1.11	1.26	1.28	1
1791490208	group	1.10	1.26	1.27	1
1791490213	group	1.09	1.25	1.27	1
1791490218	group	1.16	1.26	1.28	1
1791490223	group	1.23	1.28	1.28	1
1791490228	group	1.21	1.27	1.28	1
1791490233	group	1.19	1.27	1.28	1
1791490238	group	1.26	1.28	1.28	1
1791490243	group	1.32	1.29	1.28	1
1791490248	group	1.29	1.29	1.28	1
1791490253	group	1.27	1.28	1.28	1
1791490258	group	1.25	1.28	1.28	1
1791490263	group	1.23	1.27	1.28	2
1791490268	group	1.21	1.27	1.27	1
1791490273	group	1.19	1.26	1.27	1
1791490278	group	1.18	1.26	1.27	6
1791490283	group	1.16	1.25	1.27	1
1791490288	group	1.15	1.25	1.27	1
1791490293	group	1.14	1.24	1.27	1
1791490298	group	1.12	1.24	1.27	1
1791490303	group	1.11	1.24	1.26	1
1791490308	group	1.19	1.25	1.27	1
1791490313	group	1.17	1.24	1.27	1
1791490318	group	1.16	1.24	1.27	1
1791490323	group	1.14	1.23	1.26	1
1791490328	group	1.13	1.23	1.26	1
1791490333	group	1.12	1.23	1.26	1
1791490338	group	1.11	1.22	1.26	1
1791490343	group	1.10	1.22	1.26	1
1791490348	group	1.33	1.27	1.27	1
1791490353	group	1.31	1.26	1.27	1
1791490358	group	1.28	1.26	1.27	1
1791490363	group	1.26	1.25	1.27	1
1791490368	group	1.24	1.25	1.27	1
1791490373	group	1.22	1.24	1.27	1
1791490378	group	1.20	1.24	1.26	1
1791490383	group	1.18	1.23	1.26	1
1791490388	group	1.17	1.23	1.26	1
1791490393	group	1.16	1.23	1.26	1
1791490398	group	1.14	1.22	1.26	1
1791490403	group	1.13	1.22	1.26	1
1791490408	group	1.12	1.21	1.25	1
1791490413	group	1.11	1.21	1.25	1
1791490418	group	1.10	1.21	1.25	1
1791490423	group	1.09	1.20	1.25	1
1791490428	group	1.09	1.20	1.25	1
1791490433	group	1.08	1.20	1.25	1
1791490438	group	1.07	1.19	1.25	1
1791490443	group	1.07	1.19	1.24	1
1791490448	group	1.06	1.19	1.24	1
1791490453	group	1.06	1.18	1.24	1
1791490458	group	1.05	1.18	1.24	1
1791490463	group	1.05	1.18	1.24	1
1791490468	group	1.04	1.17	1.24	3
1791490473	group	1.04	1.17	1.24	1
1791490478	group	1.04	1.17	1.23	1
1791490483	group	1.03	1.16	1.23	1
1791490488	group	1.03	1.16	1.23	1
1791490493	group	1.03	1.16	1.23	1
1791490498	group	1.02	1.16	1.23	1
1791490503	group	1.10	1.17	1.23	1
1791490508	group	1.09	1.17	1.23	1
1791490513	group	1.09	1.16	1.23	1
1791490518	group	1.08	1.16	1.23	1
1791490523	group	1.07	1.16	1.23	1
1791490528	group	1.07	1.15	1.23	1
1791490533	group	1.06	1.15	1.22	1
1791490538	group	1.14	1.17	1.23	1
1791490543	group	1.13	1.16	1.23	1
1791490548	group	1.12	1.16	1.23	1
1791490553	group	1.11	1.16	1.22	1
1791490558	group	1.10	1.15	1.22	1
1791490563	group	1.09	1.15	1.22	1
1791490568	group	1.16	1.17	1.23	2
1791490573	group	1.15	1.16	1.22	1
1791490578	group	1.14	1.16	1.22	1
1791490583	group	1.13	1.16	1.22	1
1791490588	group	1.12	1.15	1.22	1
1791490593	group	1.11	1.15	1.22	1
1791490598	group	1.10	1.15	1.22	1
1791490603	group	1.09	1.14	1.22	1
1791490608	group	1.08	1.14	1.21	1
1791490613	group	1.08	1.14	1.21	1
1791490618	group	1.07	1.14	1.21	1
1791490623	group	1.06	1.14	1.21	1
1791490628	group	1.22	1.17	1.22	1
1791490633	group	1.20	1.16	1.22	1
1791490638	group	1.27	1.18	1.22	1
1791490643	group	1.24	1.17	1.22	1
1791490648	group	1.22	1.17	1.22	1
1791490653	group	1.21	1.17	1.22	1
1791490658	group	1.19	1.17	1.22	1
1791490663	group	1.17	1.16	1.21	1
1791490668	group	1.16	1.16	1.21	1
1791490673	group	1.15	1.16	1.21	1
1791490678	group	1.13	1.15	1.21	1
1791490683	group	1.12	1.15	1.21	1
1791490688	group	1.11	1.15	1.21	2
1791490693	group	1.10	1.14	1.21	1
1791490698	group	1.10	1.14	1.20	1
1791490703	group	1.09	1.14	1.20	1
1791490708	group	1.08	1.14	1.20	1
1791490713	group	1.07	1.14	1.20	2
1791490718	group	1.07	1.13	1.20	1
1791490723	group	1.06	1.13	1.20	1
1791490728	group	1.06	1.13	1.20	1
1791490733	group	1.05	1.13	1.19	1
1791490738	group	1.05	1.12	1.19	1
1791490743	group	1.04	1.12	1.19	1
1791490748	group	1.04	1.12	1.19	1
1791490753	group	1.04	1.12	1.19	1
1791490758	group	1.03	1.11	1.19	1
1791490763	group	1.03	1.11	1.19	2
1791490768	group	1.03	1.11	1.18	1
1791490773	group	1.02	1.11	1.18	1
1791490778	group	1.02	1.11	1.18	1
1791490783	group	1.02	1.10	1.18	1
1791490788	group	1.02	1.10	1.18	1
1791490793	group	1.02	1.10	1.18	1
1791490798	group	1.02	1.10	1.18	1
1791490803	group	1.01	1.10	1.18	1
1791490808	group	1.01	1.09	1.18	1
1791490813	group	1.01	1.09	1.17	1
1791490818	group	1.01	1.09	1.17	1
1791490823	group	1.01	1.09	1.17	1
1791490828	group	1.01	1.09	1.17	2
1791490833	group	1.01	1.08	1.17	1
1791490838	group	1.01	1.08	1.17	1
1791490843	group	1.01	1.08	1.17	1
1791490848	group	1.00	1.08	1.17	1
1791490853	group	1.16	1.11	1.18	2
1791490858	group wide	1.15	1.11	1.18	2
1791490863	group wide	1.14	1.11	1.18	1
1791490868	group wide	1.13	1.11	1.17	2
1791490873	group wide	1.12	1.10	1.17	2
1791490878	group wide	1.11	1.10	1.17	1
1791490883	group wide	1.10	1.10	1.17	1
1791490888	group wide	1.09	1.10	1.17	1
1791490893	group wide	1.08	1.10	1.17	1
1791490898	group wide	1.08	1.10	1.17	2
1791490903	group wide	1.07	1.09	1.17	1
1791490908	group wide	1.06	1.09	1.17	1
1791490913	group wide	1.06	1.09	1.17	1
1791490918	group wide	1.05	1.09	1.16	1
1791490923	group wide	1.05	1.09	1.16	1
1791490929	group wide	1.05	1.08	1.16	1
1791490934	group wide	1.12	1.10	1.17	1
1791490939	group wide	1.11	1.10	1.17	1
1791490944	group wide	1.10	1.10	1.17	1
1791490949	group wide	1.09	1.09	1.16	1
1791490954	group wide	1.09	1.09	1.16	1
1791490959	group wide	1.08	1.09	1.16	1
1791490964	group wide	1.07	1.09	1.16	1
1791490969	group wide	1.07	1.09	1.16	1
1791490974	group wide	1.06	1.08	1.16	1
1791490979	group wide	1.06	1.08	1.16	1
1791490984	group wide	1.05	1.08	1.16	1
1791490989	group wide	1.05	1.08	1.16	1
1791490994	group wide	1.04	1.08	1.16	1
1791490999	group wide	1.04	1.08	1.16	1
1791491004	group wide	1.04	1.08	1.15	1
1791491009	group wide	1.03	1.07	1.15	1
1791491014	group wide	1.11	1.09	1.16	1
1791491019	group wide	1.10	1.09	1.16	1
1791491024	group wide	1.09	1.09	1.16	1
1791491029	group wide	1.08	1.08	1.16	1
1791491034	group wide	1.08	1.08	1.15	1
1791491039	group wide	1.07	1.08	1.15	1
1791491044	group wide	1.07	1.08	1.15	1
1791491049	group wide	1.06	1.08	1.15	1
1791491054	group wide	1.06	1.08	1.15	1
1791491059	group wide	1.05	1.08	1.15	1
1791491064	group wide	1.05	1.07	1.15	1
1791491069	group wide	1.04	1.07	1.15	1
1791491074	group wide	1.04	1.07	1.15	1
1791491079	group wide	1.04	1.07	1.15	1
1791491084	group wide	1.03	1.07	1.14	2
1791491089	group wide	1.11	1.08	1.15	1
1791491094	group wide	1.10	1.08	1.15	1
1791491099	group wide	1.09	1.08	1.15	1
1791491104	group wide	1.08	1.08	1.15	4
1791491109	group wide	1.08	1.08	1.15	2
1791491114	group wide	1.07	1.08	1.14	1
1791491119	group wide	1.07	1.08	1.14	1
1791491124	group wide	1.06	1.07	1.14	1
1791491129	group wide	1.06	1.07	1.14	1
1791491134	group wide	1.05	1.07	1.14	1
1791491139	group wide	1.05	1.07	1.14	1
1791491144	group wide	1.04	1.07	1.14	1
1791491149	group wide	1.04	1.07	1.14	1
1791491154	group wide	1.04	1.07	1.14	2
1791491159	group wide	1.03	1.06	1.14	1
1791491164	group wide	1.03	1.06	1.13	1
1791491169	group wide	1.03	1.06	1.13	1
1791491174	group wide	1.02	1.06	1.13	1
1791491179	group wide	1.02	1.06	1.13	1
1791491184	group wide	1.10	1.07	1.14	1
1791491189	group wide	1.09	1.07	1.14	1
1791491194	group wide	1.08	1.07	1.13	1
1791491199	group wide	1.08	1.07	1.13	1
1791491204	group wide	1.07	1.07	1.13	1
1791491209	group wide	1.07	1.07	1.13	1
1791491214	group wide	1.06	1.07	1.13	1
1791491219	group wide	1.06	1.06	1.13	1
1791491224	group wide	1.05	1.06	1.13	1
1791491229	group wide	1.05	1.06	1.13	1
1791491234	group wide	1.04	1.06	1.13	1
1791491239	group wide	1.04	1.06	1.13	1
1791491244	group wide	1.04	1.06	1.12	1
1791491249	group wide	1.03	1.06	1.12	1
1791491254	group wide	1.03	1.06	1.12	1
1791491259	group wide	1.03	1.05	1.12	1
1791491264	group wide	1.02	1.05	1.12	1
1791491269	group wide	1.02	1.05	1.12	1
1791491274	group wide	1.02	1.05	1.12	1
1791491279	group wide	1.02	1.05	1.12	2
1791491284	group wide	1.02	1.05	1.12	1
1791491289	group wide	1.02	1.05	1.12	1
1791491294	group wide	1.01	1.05	1.12	1
1791491299	group wide	1.01	1.05	1.11	1
1791491304	group wide	1.01	1.05	1.11	1
1791491309	group wide	1.01	1.04	1.11	3
1791491314	group wide	1.09	1.06	1.12	1
1791491319	group wide	1.24	1.09	1.13	1
1791491324	group wide	1.22	1.09	1.13	1
1791491329	group wide	1.20	1.09	1.13	1
1791491334	group wide	1.35	1.12	1.14	1
1791491339	group wide	1.32	1.12	1.13	1
1791491344	group wide	1.29	1.12	1.13	1
1791491349	group wide	1.27	1.11	1.13	1
1791491354	group wide	1.25	1.11	1.13	1
1791491359	group wide	1.23	1.11	1.13	1
1791491364	group wide	1.21	1.11	1.13	2
1791491369	group wide	1.19	1.11	1.13	1
1791491374	group wide	1.18	1.10	1.13	2
1791491379	group wide	1.16	1.10	1.13	1
1791491384	group wide	1.15	1.10	1.13	1
1791491389	group wide	1.14	1.10	1.12	1
1791491394	group wide	1.13	1.10	1.12	1
1791491399	group wide	1.12	1.09	1.12	1
1791491404	group wide	1.11	1.09	1.12	1
1791491409	group wide	1.10	1.09	1.12	1
1791491414	group wide	1.09	1.09	1.12	1
1791491419	group wide	1.08	1.09	1.12	1
1791491424	group wide	1.08	1.08	1.12	1
1791491429	group wide	1.07	1.08	1.12	1
1791491434	group wide	1.06	1.08	1.12	1
1791491439	group wide	1.06	1.08	1.12	1
1791491444	group wide	1.05	1.08	1.11	1
1791491449	group wide	1.05	1.08	1.11	1
1791491454	group wide	1.04	1.08	1.11	1
1791491459	group wide	1.04	1.07	1.11	2
1791491464	group wide	1.12	1.09	1.12	1
1791491469	group wide	1.19	1.11	1.12	1
1791491474	group wide	1.17	1.10	1.12	2
1791491479	group wide	1.16	1.10	1.12	1
1791491484	group wide	1.15	1.10	1.12	1
1791491489	group wide	1.13	1.10	1.12	1
1791491494	group wide	1.12	1.10	1.12	2
1791491499	group wide	1.11	1.09	1.12	1
1791491504	group wide	1.10	1.09	1.11	1
1791491509	group wide	1.10	1.09	1.11	1
1791491514	group wide	1.09	1.09	1.11	1
1791491519	group wide	1.08	1.09	1.11	2
1791491524	group wide	1.07	1.08	1.11	2
1791491529	group wide	1.07	1.08	1.11	1
1791491534	group wide	1.06	1.08	1.11	1
1791491539	group wide	1.06	1.08	1.11	1
1791491544	group wide	1.05	1.08	1.11	1
1791491549	group wide	1.05	1.08	1.11	1
1791491554	group wide	1.04	1.08	1.10	1
1791491559	group wide	1.04	1.07	1.10	1
1791491564	group wide	1.04	1.07	1.10	1
1791491569	group wide	1.03	1.07	1.10	1
1791491574	group wide	1.03	1.07	1.10	1
1791491579	group wide	1.03	1.07	1.10	1
1791491584	group wide	1.02	1.07	1.10	1
1791491589	group wide	1.02	1.07	1.10	1
1791491594	group wide	1.02	1.06	1.10	1
1791491599	group wide	1.02	1.06	1.10	1
1791491604	group wide	1.10	1.08	1.10	1
1791491609	group wide	1.09	1.08	1.10	1
1791491614	group wide	1.08	1.08	1.10	1
1791491619	group wide	1.08	1.07	1.10	1
1791491624	group wide	1.07	1.07	1.10	1
1791491629	group wide	1.06	1.07	1.10	1
1791491634	group wide	1.06	1.07	1.09	1
1791491639	group wide	1.05	1.07	1.09	1
1791491644	group wide	1.05	1.07	1.09	1
1791491649	group wide	1.04	1.07	1.09	2
1791491654	group wide	1.04	1.06	1.09	1
1791491659	group wide	1.04	1.06	1.09	1
1791491664	group wide	1.11	1.08	1.10	1
1791491669	group wide	1.10	1.08	1.09	1
1791491674	group wide	1.10	1.08	1.09	1
1791491679	group wide	1.09	1.07	1.09	1
1791491684	group wide	1.08	1.07	1.09	1
1791491689	group wide	1.07	1.07	1.09	1
1791491694	group wide	1.15	1.09	1.10	2
1791491699	group wide	1.22	1.10	1.10	1
1791491704	group wide	1.20	1.10	1.10	1
1791491709	group wide	1.18	1.10	1.10	1
1791491714	group wide	1.17	1.10	1.10	1
1791491719	group wide	1.15	1.09	1.10	2
1791491724	group wide	1.14	1.09	1.10	1
1791491729	group wide	1.13	1.09	1.10	1
1791491734	group wide	1.12	1.09	1.09	1
1791491739	group wide	1.11	1.09	1.09	1
1791491744	group wide	1.10	1.08	1.09	1
1791491749	group wide	1.09	1.08	1.09	1
1791491754	group wide	1.08	1.08	1.09	1
1791491759	group wide	1.08	1.08	1.09	1
1791491764	group wide	1.07	1.08	1.09	1
1791491769	group wide	1.31	1.13	1.11	1
1791491774	group wide	1.28	1.13	1.10	1
1791491779	group wide	1.26	1.12	1.10	1
1791491784	group wide	1.24	1.12	1.10	1
1791491789	group wide	1.22	1.12	1.10	1
1791491794	group wide	1.20	1.12	1.10	1
1791491799	group wide	1.18	1.11	1.10	1
1791491804	group wide	1.17	1.11	1.10	1
1791491809	group wide	1.24	1.13	1.10	1
1791491814	group wide	1.22	1.12	1.10	1
1791491819	group wide	1.20	1.12	1.10	1
1791491824	group wide	1.18	1.12	1.10	1
1791491829	group wide	1.17	1.12	1.10	1
1791491834	group wide	1.15	1.12	1.10	1
1791491839	group wide	1.14	1.11	1.10	1
1791491844	group wide	1.13	1.11	1.10	1
1791491849	group wide	1.12	1.11	1.10	1
1791491854	group wide	1.19	1.12	1.10	1
1791491859	group wide	1.26	1.14	1.11	1
1791491864	group wide	1.23	1.14	1.10	2
1791491869	group wide	1.22	1.13	1.10	1
1791491874	group wide	1.20	1.13	1.10	1
1791491879	group wide	1.18	1.13	1.10	1
1791491884	group wide	1.17	1.13	1.10	1
1791491889	group wide	1.15	1.12	1.10	1
1791491894	group wide	1.22	1.14	1.10	1
1791491899	group wide	1.28	1.15	1.11	1
1791491904	group wide	1.26	1.15	1.11	1
1791491909	group wide	1.24	1.15	1.11	1
1791491914	group wide	1.22	1.14	1.11	1
1791491919	group wide	1.20	1.14	1.11	1
1791491924	group wide	1.19	1.14	1.10	1
1791491929	group wide	1.17	1.14	1.10	1
1791491934	group wide	1.16	1.14	1.10	1
1791491939	group wide	1.14	1.13	1.10	1
1791491944	group wide	1.13	1.13	1.10	1
1791491949	group wide	1.12	1.13	1.10	1
1791491954	group wide	1.19	1.14	1.10	1
1791491959	group wide	1.18	1.14	1.10	1
1791491964	group wide	1.16	1.14	1.10	1
1791491969	group wide	1.15	1.14	1.10	1
1791491974	group wide	1.14	1.13	1.10	1
1791491979	group wide	1.13	1.13	1.10	1
1791491984	group wide	1.20	1.14	1.10	1
1791491990	group wide	1.18	1.14	1.10	1
1791491995	group wide	1.17	1.14	1.10	1
1791492000	group wide	1.15	1.14	1.10	1
1791492005	group wide	1.22	1.15	1.11	2
1791492010	group wide	1.28	1.17	1.11	1
1791492015	group wide	1.34	1.18	1.12	1
1791492020	group wide	1.31	1.18	1.12	1
1791492025	group wide	1.29	1.17	1.11	1
1791492030	group wide	1.42	1.20	1.12	1
1791492035	group wide	1.39	1.20	1.12	1
1791492040	group wide	1.36	1.20	1.12	1
1791492045	group wide	1.33	1.19	1.12	1
1791492050	group wide	1.30	1.19	1.12	2
1791492055	group wide	1.28	1.19	1.12	1
1791492060	group wide	1.26	1.18	1.12	1
1791492065	group wide	1.24	1.18	1.12	1
1791492070	group wide	1.22	1.18	1.12	1
1791492075	group wide	1.28	1.19	1.12	1
1791492080	group wide	1.26	1.19	1.12	1
1791492085	group wide	1.24	1.18	1.12	1
1791492090	group wide	1.22	1.18	1.12	2
1791492095	group wide	1.20	1.18	1.12	1
1791492100	group wide	1.18	1.17	1.12	1
1791492105	group wide	1.17	1.17	1.12	1
1791492110	group wide	1.15	1.17	1.11	1
1791492115	group wide	1.14	1.16	1.11	2
1791492120	group wide	1.13	1.16	1.11	1
1791492125	group wide	1.12	1.16	1.11	1
1791492130	group wide	1.19	1.17	1.12	1
1791492135	group wide	1.17	1.17	1.12	1
1791492140	group wide	1.16	1.17	1.11	1
1791492145	group wide	1.15	1.16	1.11	1
1791492150	group wide	1.13	1.16	1.11	1
1791492155	group wide	1.12	1.16	1.11	1
1791492160	group wide	1.11	1.16	1.11	1
1791492165	group wide	1.10	1.15	1.11	1
1791492170	group wide	1.10	1.15	1.11	1
1791492175	group wide	1.09	1.15	1.11	1
1791492180	group wide	1.08	1.14	1.11	1
1791492185	group wide	1.07	1.14	1.11	1
1791492190	group wide	1.07	1.14	1.10	1
1791492195	group wide	1.06	1.14	1.10	1
1791492200	group wide	1.06	1.13	1.10	1
1791492205	group wide	1.05	1.13	1.10	1
1791492210	group wide	1.05	1.13	1.10	2
1791492215	group wide	1.04	1.13	1.10	1
1791492220	group wide	1.04	1.12	1.10	1
1791492225	group wide	1.04	1.12	1.10	1
1791492230	group wide	1.03	1.12	1.10	1
1791492235	group wide	1.03	1.12	1.10	1
1791492240	group wide	1.03	1.12	1.10	1
1791492245	group wide	1.11	1.13	1.10	1
1791492250	group wide	1.10	1.13	1.10	1
1791492255	group wide	1.09	1.13	1.10	2
1791492260	group wide	1.08	1.12	1.10	1
1791492265	group wide	1.07	1.12	1.10	1
1791492270	group wide	1.07	1.12	1.10	1
1791492275	group wide	1.06	1.12	1.09	1
1791492280	group wide	1.06	1.11	1.09	1
1791492285	group wide	1.05	1.11	1.09	1
1791492290	group wide	1.05	1.11	1.09	1
1791492295	group wide	1.04	1.11	1.09	1
1791492300	group wide	1.04	1.11	1.09	2
1791492305	group wide	1.04	1.10	1.09	1
1791492310	group wide	1.03	1.10	1.09	3
1791492315	group wide	1.03	1.10	1.09	1
1791492320	group wide	1.03	1.10	1.09	1
1791492325	group wide	1.03	1.10	1.09	1
1791492330	group wide	1.02	1.09	1.09	1
1791492335	group wide	1.02	1.09	1.09	1
1791492340	group wide	1.02	1.09	1.09	1
1791492345	group wide	1.02	1.09	1.09	1
1791492350	group wide	1.02	1.09	1.08	1
1791492355	group wide	1.01	1.08	1.08	2
1791492360	group wide	1.09	1.10	1.09	1
1791492365	group wide	1.09	1.10	1.09	1
1791492370	group wide	1.08	1.10	1.09	1
1791492375	group wide	1.07	1.09	1.09	1
1791492380	group wide	1.07	1.09	1.09	1
1791492385	group wide	1.06	1.09	1.09	1
1791492390	group wide	1.06	1.09	1.09	1
1791492395	group wide	1.21	1.12	1.10	1
1791492400	group wide	1.19	1.12	1.10	1
1791492405	group wide	1.18	1.12	1.10	1
1791492410	group wide	1.16	1.11	1.09	1
1791492415	group wide	1.15	1.11	1.09	1
1791492420	group wide	1.14	1.11	1.09	1
1791492425	group wide	1.13	1.11	1.09	1
1791492430	group wide	1.12	1.11	1.09	1
1791492435	group wide	1.11	1.10	1.09	1
1791492440	group wide	1.10	1.10	1.09	1
1791492445	group wide	1.09	1.10	1.09	1
1791492450	group wide	1.08	1.10	1.09	1
1791492455	group wide	1.08	1.10	1.09	1
1791492460	group wide	1.07	1.09	1.09	1
1791492465	group wide	1.06	1.09	1.09	1
1791492470	group wide	1.06	1.09	1.09	1
1791492475	group wide	1.05	1.09	1.09	1
1791492480	group wide	1.05	1.09	1.09	1
1791492485	group wide	1.04	1.08	1.09	1
1791492490	group wide	1.04	1.08	1.08	1
1791492495	group wide	1.04	1.08	1.08	1
1791492500	group wide	1.03	1.08	1.08	1
1791492505	group wide	1.03	1.08	1.08	1
1791492510	group wide	1.03	1.08	1.08	1
1791492515	group wide	1.03	1.08	1.08	1
1791492520	group wide	1.02	1.07	1.08	1
1791492525	group wide	1.02	1.07	1.08	1
1791492530	group wide	1.02	1.07	1.08	1
1791492535	group wide	1.02	1.07	1.08	1
1791492540	group wide	1.02	1.07	1.08	1
1791492545	group wide	1.01	1.07	1.08	1
1791492550	group wide	1.09	1.08	1.08	1
1791492555	group wide	1.09	1.08	1.08	1
1791492560	group wide	1.08	1.08	1.08	1
1791492565	group wide	1.07	1.08	1.08	1
1791492570	group wide	1.07	1.08	1.08	1
1791492575	group wide	1.06	1.08	1.08	1
1791492580	group wide	1.06	1.07	1.08	1
1791492585	group wide	1.05	1.07	1.08	1
1791492590	group wide	1.05	1.07	1.08	1
1791492595	group wide	1.04	1.07	1.08	1
1791492600	group wide	1.12	1.09	1.09	1
1791492605	group wide	1.11	1.08	1.09	1
1791492610	group wide	1.10	1.08	1.08	2
1791492615	group wide	1.09	1.08	1.08	1
1791492620	group wide	1.08	1.08	1.08	1
1791492625	group wide	1.08	1.08	1.08	1
1791492630	group wide	1.07	1.08	1.08	1
1791492635	group wide	1.07	1.08	1.08	1
1791492640	group wide	1.06	1.07	1.08	1
1791492645	group wide	1.14	1.09	1.09	1
1791492650	group wide	2.33	1.34	1.17	1
1791492655	group wide	2.22	1.33	1.17	1
1791492660	group wide	2.12	1.33	1.17	1
1791492665	group wide	2.03	1.32	1.16	1
1791492670	group wide	1.95	1.31	1.16	1
1791492675	group wide	1.87	1.31	1.16	1
1791492680	group wide	1.80	1.30	1.16	1
1791492685	group wide	1.74	1.30	1.16	1
1791492690	group wide	1.68	1.29	1.16	1
1791492695	group wide	1.62	1.29	1.16	1
1791492700	group wide	1.57	1.28	1.16	1
1791492705	group wide	1.53	1.28	1.16	1
1791492710	group wide	1.48	1.27	1.16	1
1791492715	group wide	1.45	1.27	1.16	1
1791492720	group wide	1.49	1.28	1.16	1
1791492725	group wide	1.45	1.28	1.16	1
1791492730	group wide	1.50	1.29	1.16	3
1791492735	group wide	1.45	1.28	1.16	1
1791492740	group wide	1.42	1.28	1.16	1
1791492745	group wide	1.38	1.27	1.16	1
1791492750	group wide	1.35	1.27	1.16	1
1791492755	group wide	1.33	1.26	1.16	1
1791492760	group wide	1.30	1.26	1.16	1
1791492765	group wide	1.35	1.27	1.16	1
1791492770	group wide	1.33	1.27	1.16	1
1791492775	group wide	1.30	1.26	1.16	1
1791492780	group wide	1.28	1.26	1.16	1
1791492785	group wide	1.25	1.25	1.16	1
1791492790	group wide	2.43	1.50	1.24	2
1791492795	group wide	2.32	1.49	1.24	1
1791492800	group wide	2.29	1.50	1.24	1
1791492805	group wide	2.19	1.49	1.24	2
1791492810	group wide	2.17	1.50	1.25	1
1791492815	group wide	2.08	1.49	1.24	2
1791492820	group wide	1.91	1.47	1.24	1
1791492825	group wide	1.84	1.47	1.24	1
1791492830	group wide	1.77	1.46	1.24	1
1791492835	group wide	1.71	1.45	1.24	1
1791492840	group wide	1.65	1.44	1.23	1
1791492845	group wide	1.60	1.43	1.23	1
1791492850	group wide	1.55	1.43	1.23	1
1791492855	group wide	1.51	1.42	1.23	2
1791492860	group wide	1.47	1.41	1.23	1
1791492865	group wide	1.43	1.41	1.23	1
1791492870	group wide	1.39	1.40	1.23	1
1791492875	group wide	1.44	1.41	1.23	1
1791492880	group wide	1.41	1.40	1.23	1
1791492885	group wide	1.37	1.39	1.23	2
1791492890	group wide	1.34	1.39	1.23	1
1791492895	group wide	1.32	1.38	1.22	1
1791492900	group wide	1.29	1.37	1.22	3
1791492905	group wide	1.27	1.37	1.22	2
1791492910	group wide	1.25	1.36	1.22	1
1791492915	group wide	1.23	1.36	1.22	1
1791492920	group wide	1.21	1.35	1.22	2
1791492925	group wide	1.19	1.34	1.22	1
1791492930	group wide	1.18	1.34	1.21	1
1791492935	group wide	1.16	1.33	1.21	1
1791492940	group wide	1.15	1.33	1.21	1
1791492945	group wide	1.14	1.32	1.21	1
1791492950	group wide	1.12	1.31	1.21	1
1791492955	group wide	1.11	1.31	1.21	1
1791492960	group wide	1.19	1.32	1.21	1
1791492965	group wide	1.17	1.32	1.21	1
1791492970	group wide	1.16	1.31	1.21	1
1791492975	group wide	1.14	1.31	1.21	1
1791492980	group wide	1.13	1.30	1.21	2
1791492985	group wide	1.12	1.29	1.20	1
1791492990	group wide	1.11	1.29	1.20	1
1791492995	group wide	1.10	1.28	1.20	1
1791493000	group wide	1.09	1.28	1.20	1
1791493005	group wide	1.09	1.27	1.20	2
1791493010	group wide	1.08	1.27	1.20	1
1791493015	group wide	1.07	1.26	1.20	1
1791493020	group wide	1.15	1.28	1.20	2
1791493025	group wide	1.14	1.27	1.20	1
1791493030	group wide	1.12	1.27	1.20	1
1791493035	group wide	1.11	1.26	1.20	1
1791493040	group wide	1.10	1.26	1.19	2
1791493045	group wide	1.10	1.25	1.19	1
1791493050	group wide	1.09	1.25	1.19	1
1791493055	group wide	1.08	1.25	1.19	1
1791493060	group wide	1.07	1.24	1.19	1
1791493065	group wide	1.07	1.24	1.19	2
1791493071	group wide	1.06	1.23	1.18	1
1791493076	group wide	1.06	1.23	1.18	1
1791493081	group wide	1.05	1.22	1.18	1
1791493086	group wide	1.05	1.22	1.18	1
1791493091	group wide	1.12	1.23	1.19	2
1791493096	group wide	1.11	1.23	1.18	1
1791493101	group wide	1.18	1.24	1.19	1
1791493106	group wide	1.17	1.24	1.19	1
1791493111	group wide	1.16	1.23	1.19	1
1791493116	group wide	1.14	1.23	1.18	1
1791493121	group wide	1.13	1.23	1.18	2
1791493126	group wide	1.12	1.22	1.18	1
1791493131	group wide	1.11	1.22	1.18	1
1791493136	group wide	1.10	1.21	1.18	1
1791493141	group wide	1.09	1.21	1.18	1
1791493146	group wide	1.09	1.21	1.18	1
1791493151	group wide	1.08	1.20	1.18	1
1791493156	group wide	1.07	1.20	1.18	1
1791493161	group wide	1.15	1.21	1.18	1
1791493166	group wide	1.13	1.21	1.18	1
1791493171	group wide	1.12	1.20	1.18	1
1791493176	group wide	1.11	1.20	1.18	2
1791493181	group wide	1.10	1.20	1.18	1
1791493186	group wide	1.10	1.19	1.18	1
1791493191	group wide	1.09	1.19	1.17	1
1791493196	group wide	1.08	1.19	1.17	1
1791493201	group wide	1.07	1.18	1.17	1
1791493206	group wide	1.15	1.20	1.18	2
1791493211	group wide	1.14	1.19	1.18	1
1791493216	group wide	1.12	1.19	1.18	1
1791493221	group wide	1.11	1.19	1.17	1
1791493226	group wide	1.10	1.18	1.17	1
1791493231	group wide	1.26	1.21	1.18	1
1791493236	group wide	1.24	1.21	1.18	1
1791493241	group wide	1.22	1.21	1.18	1
1791493246	group wide	1.20	1.20	1.18	2
1791493251	group wide	1.26	1.22	1.18	1
1791493256	group wide	1.24	1.21	1.18	1
1791493261	group wide	1.22	1.21	1.18	1
1791493266	group wide	1.20	1.20	1.18	1
1791493271	group wide	1.19	1.20	1.18	1
1791493276	group wide	1.17	1.20	1.18	1
1791493281	group wide	1.16	1.19	1.18	1
1791493286	group wide	1.15	1.19	1.18	1
1791493291	group wide	1.13	1.19	1.18	1
1791493296	group wide	1.12	1.18	1.17	1
1791493301	group wide	1.11	1.18	1.17	1
1791493306	group wide	1.10	1.18	1.17	1
1791493311	group wide	1.10	1.17	1.17	2
1791493316	group wide	1.09	1.17	1.17	1
1791493321	group wide	1.16	1.19	1.18	1
1791493326	group wide	1.15	1.18	1.17	1
1791493331	group wide	1.14	1.18	1.17	1
1791493336	group wide	1.12	1.18	1.17	1
1791493341	group wide	1.27	1.21	1.18	1
1791493346	group wide	1.25	1.20	1.18	1
1791493351	group wide	1.31	1.22	1.19	1
1791493356	group wide	1.29	1.21	1.18	1
1791493361	group wide	1.26	1.21	1.18	1
1791493366	group wide	1.24	1.20	1.18	1
1791493371	group wide	1.22	1.20	1.18	1
1791493376	group wide	1.20	1.20	1.18	1
1791493381	group wide	1.19	1.19	1.18	1
1791493386	group wide	1.17	1.19	1.18	1
1791493391	group wide	1.16	1.19	1.18	2
1791493396	group wide	1.15	1.18	1.18	1
1791493401	group wide	1.13	1.18	1.17	1
1791493406	group wide	1.12	1.18	1.17	1
1791493411	group wide	1.35	1.22	1.19	1
1791493416	group wide	1.33	1.22	1.19	1
1791493421	group wide	1.30	1.22	1.19	1
1791493426	group wide	1.27	1.21	1.18	1
1791493431	group wide	1.25	1.21	1.18	1
1791493436	group wide	1.23	1.20	1.18	1
1791493441	group wide	1.21	1.20	1.18	2
1791493446	group wide	1.20	1.20	1.18	1
1791493451	group wide	1.18	1.19	1.18	1
1791493456	group wide	1.16	1.19	1.18	1
1791493461	group wide	1.15	1.19	1.18	1
1791493466	group wide	1.14	1.18	1.18	1
1791493471	group wide	1.13	1.18	1.17	1
1791493476	group wide	1.20	1.19	1.18	1
1791493481	group wide	1.18	1.19	1.18	1
1791493486	group wide	1.17	1.19	1.18	1
1791493491	group wide	1.15	1.18	1.18	1
1791493496	group wide	1.22	1.20	1.18	2
1791493501	group wide	1.20	1.19	1.18	1
1791493506	group wide	1.19	1.19	1.18	1
1791493511	group wide	1.17	1.19	1.18	1
1791493516	group wide	1.16	1.18	1.18	1
1791493521	group wide	1.14	1.18	1.18	1
1791493526	group wide	1.13	1.18	1.18	1
1791493531	group wide	2.80	1.52	1.29	1
1791493536	group wide	2.66	1.51	1.29	1
1791493541	group wide	2.53	1.50	1.28	2
1791493546	group wide	2.40	1.50	1.28	1
1791493551	group wide	2.29	1.49	1.28	1
1791493556	group wide	2.27	1.50	1.28	1
1791493561	group wide	2.17	1.49	1.28	1
1791493566	group wide	2.31	1.53	1.30	1
1791493571	group wide	2.21	1.52	1.29	1
1791493576	group wide	2.11	1.51	1.29	1
1791493581	group wide	2.02	1.50	1.29	2
1791493586	group wide	1.94	1.49	1.29	1
1791493591	group wide	1.86	1.49	1.29	1
1791493596	group wide	1.79	1.48	1.29	1
1791493601	group wide	1.73	1.47	1.28	1
1791493606	group wide	1.83	1.50	1.29	3
1791493611	group wide	1.85	1.50	1.30	1
1791493616	group wide	2.98	1.75	1.38	1
1791493621	group wide	2.82	1.73	1.37	1
1791493626	group wide	2.76	1.74	1.38	1
1791493631	group wide	2.61	1.72	1.37	1
1791493636	group wide	2.49	1.71	1.37	1
1791493641	group wide	2.37	1.70	1.37	1
1791493646	group wide	2.42	1.72	1.38	1
1791493651	group wide	2.30	1.71	1.38	1
1791493656	group wide	2.20	1.70	1.37	1
1791493661	group wide	3.30	1.94	1.45	1
1791493666	group wide	3.12	1.92	1.45	1
1791493671	group wide	2.95	1.90	1.45	1
1791493676	group wide	2.79	1.89	1.44	1
1791493681	group wide	2.65	1.87	1.44	1
1791493686	group wide	2.52	1.86	1.44	1
1791493691	group wide	2.40	1.84	1.44	1
1791493696	group wide	2.28	1.83	1.43	16
1791493701	group wide	2.18	1.82	1.43	2
1791493706	group wide	2.09	1.80	1.43	1
1791493711	group wide	2.00	1.79	1.43	2
1791493716	group wide	2.00	1.79	1.43	1
1791493721	group wide	1.92	1.78	1.43	1
1791493726	group wide	1.85	1.77	1.43	1
1791493731	group wide	1.78	1.75	1.42	1
1791493736	group wide	1.71	1.74	1.42	1
1791493741	group wide	1.66	1.73	1.42	1
1791493746	group wide	1.60	1.72	1.42	1
1791493751	group wide	1.56	1.70	1.41	1
1791493756	group wide	1.51	1.69	1.41	1
1791493761	group wide	1.47	1.68	1.41	1
1791493766	group wide	1.43	1.67	1.41	1
1791493771	group wide	1.40	1.66	1.40	1
1791493776	group wide	1.36	1.65	1.40	1
1791493781	group wide	1.34	1.64	1.40	1
1791493786	group wide	1.31	1.62	1.40	1
1791493791	group wide	1.28	1.61	1.39	1
1791493796	group wide	1.26	1.60	1.39	1
1791493801	group wide	1.24	1.59	1.39	1
1791493806	group wide	1.30	1.60	1.39	1
1791493811	group wide	1.28	1.59	1.39	1
1791493816	group wide	1.25	1.58	1.39	1
1791493821	group wide	1.23	1.57	1.39	1
1791493826	group wide	1.21	1.56	1.38	1
1791493831	group wide	1.20	1.55	1.38	1
1791493836	group wide	1.18	1.54	1.38	1
1791493841	group wide	1.17	1.53	1.38	1
1791493846	group wide	1.15	1.52	1.37	1
1791493851	group wide	1.14	1.51	1.37	1
1791493856	group wide	1.13	1.50	1.37	1
1791493861	group wide	1.12	1.50	1.37	1
1791493866	group wide	1.11	1.49	1.36	1
1791493871	group wide	1.10	1.48	1.36	1
1791493876	group wide	1.09	1.47	1.36	2
1791493881	group wide	1.08	1.46	1.36	1
1791493886	group wide	1.08	1.45	1.36	1
1791493891	group wide	1.07	1.45	1.35	2
1791493896	group wide	1.22	1.47	1.36	1
1791493901	group wide	1.21	1.46	1.36	2
1791493906	group wide	1.19	1.46	1.36	1
1791493911	group wide	1.17	1.45	1.36	18
1791493916	riblt mapping	1.16	1.44	1.35	1
1791493921	riblt mapping	1.15	1.43	1.35	1
1791493926	riblt mapping	1.14	1.43	1.35	1
1791493931	riblt mapping	1.12	1.42	1.35	1
1791493936	riblt mapping	1.11	1.41	1.35	1
1791493941	riblt mapping	1.10	1.40	1.35	1
1791493946	riblt mapping	1.18	1.41	1.35	1
1791493951	riblt mapping	1.16	1.41	1.35	2
1791493956	riblt mapping	1.15	1.40	1.35	1
1791493961	riblt mapping	1.14	1.39	1.34	1
1791493966	riblt mapping	1.13	1.39	1.34	1
1791493971	riblt mapping	1.12	1.38	1.34	1
1791493976	riblt mapping	1.11	1.37	1.34	1
1791493981	riblt mapping	1.26	1.40	1.35	1
1791493986	riblt mapping	1.32	1.41	1.35	1
1791493991	riblt mapping	1.29	1.40	1.35	1
1791493996	riblt mapping	1.27	1.40	1.35	1
1791494001	riblt mapping	1.25	1.39	1.34	1
1791494006	riblt mapping	1.23	1.38	1.34	1
1791494011	riblt mapping	1.21	1.38	1.34	1
1791494016	riblt mapping	1.19	1.37	1.34	1
1791494021	riblt mapping	1.18	1.36	1.34	1
1791494026	riblt mapping	1.16	1.36	1.33	1
1791494031	riblt mapping	1.15	1.35	1.33	1
1791494036	riblt mapping	1.14	1.35	1.33	1
1791494041	riblt mapping	1.12	1.34	1.33	1
1791494046	riblt mapping	1.11	1.33	1.33	1
1791494051	riblt mapping	1.10	1.33	1.33	2
1791494056	riblt mapping	1.10	1.32	1.32	1
1791494061	riblt mapping	1.17	1.33	1.33	1
1791494066	riblt mapping	1.16	1.33	1.33	1
1791494071	riblt mapping	1.14	1.32	1.32	1
1791494076	riblt mapping	1.13	1.32	1.32	1
1791494081	riblt mapping	1.12	1.31	1.32	1
1791494086	riblt mapping	1.19	1.32	1.32	1
1791494091	riblt mapping	1.18	1.32	1.32	1
1791494096	riblt mapping	1.16	1.31	1.32	1
1791494101	riblt mapping	1.15	1.31	1.32	1
1791494106	riblt mapping	1.30	1.34	1.33	1
1791494111	riblt mapping	1.27	1.33	1.32	1
1791494116	riblt mapping	1.25	1.32	1.32	1
1791494121	riblt mapping	1.23	1.32	1.32	1
1791494126	riblt mapping	1.21	1.31	1.32	1
1791494132	riblt mapping	1.19	1.31	1.32	1
1791494137	riblt mapping	1.18	1.30	1.31	3
1791494142	riblt mapping	1.16	1.30	1.31	1
1791494147	riblt mapping	1.15	1.29	1.31	1
1791494152	riblt mapping	1.14	1.29	1.31	1
1791494157	riblt mapping	1.21	1.30	1.31	1
1791494162	riblt mapping	1.19	1.29	1.31	1
1791494167	riblt mapping	1.18	1.29	1.31	1
1791494172	riblt mapping	1.16	1.28	1.31	1
1791494177	riblt mapping	1.15	1.28	1.31	1
1791494182	riblt mapping	1.14	1.27	1.30	1
1791494187	riblt mapping	1.12	1.27	1.30	1
1791494192	riblt mapping	1.11	1.26	1.30	1
1791494197	riblt mapping	1.10	1.26	1.30	1
1791494202	riblt mapping	1.10	1.25	1.30	1
1791494207	riblt mapping	1.09	1.25	1.29	1
1791494212	riblt mapping	1.08	1.25	1.29	1
1791494217	riblt mapping	1.07	1.24	1.29	1
1791494222	riblt mapping	1.07	1.24	1.29	2
1791494227	riblt mapping	1.06	1.23	1.29	1
1791494232	riblt mapping	1.06	1.23	1.28	1
1791494237	riblt mapping	1.05	1.22	1.28	1
1791494242	riblt mapping	1.05	1.22	1.28	1
1791494247	riblt mapping	1.04	1.22	1.28	1
1791494252	riblt mapping	1.04	1.21	1.28	1
1791494257	riblt mapping	1.04	1.21	1.27	1
1791494262	riblt plan	1.03	1.21	1.27	2
1791494267	riblt plan	1.03	1.20	1.27	1
1791494272	riblt plan	1.03	1.20	1.27	1
1791494277	riblt plan	1.03	1.20	1.27	1
1791494282	riblt plan	1.02	1.19	1.27	1
1791494287	riblt	1.02	1.19	1.26	1
1791494292	riblt	1.02	1.18	1.26	1
1791494297	riblt	1.02	1.18	1.26	1
1791494302	riblt	1.02	1.18	1.26	1
1791494307	riblt	1.01	1.17	1.26	1
1791494312	riblt	1.01	1.17	1.26	1
1791494317	riblt	1.01	1.17	1.26	2
1791494322	riblt	1.01	1.17	1.25	1
1791494327	riblt	1.01	1.16	1.25	1
1791494332	riblt	1.01	1.16	1.25	1
1791494337	riblt	1.01	1.16	1.25	1
1791494342	riblt	1.01	1.15	1.25	1
1791494347	riblt	1.01	1.15	1.25	2
1791494352	riblt	1.00	1.15	1.25	1
1791494357	riblt	1.00	1.15	1.24	1
1791494362	riblt	2.29	1.41	1.33	1
1791494367	riblt	2.26	1.42	1.33	1
1791494372	riblt	2.32	1.45	1.34	1
1791494377	riblt	2.22	1.44	1.34	3
1791494382	riblt	2.12	1.43	1.34	1
1791494387	riblt	2.03	1.42	1.34	1
1791494392	riblt	1.95	1.42	1.33	1
1791494397	riblt	1.87	1.41	1.33	1
1791494402	riblt	1.80	1.40	1.33	2
1791494407	riblt	1.74	1.39	1.33	1
1791494412	riblt	1.68	1.39	1.33	1
1791494417	riblt	1.62	1.38	1.32	1
1791494422	riblt	1.57	1.37	1.32	2
1791494427	riblt	1.77	1.42	1.34	1
1791494432	riblt	1.70	1.41	1.34	1
1791494437	riblt	1.65	1.40	1.33	1
1791494442	riblt	1.60	1.40	1.33	1
1791494447	riblt	1.55	1.39	1.33	1
1791494452	riblt	1.50	1.38	1.33	1
1791494457	riblt	1.54	1.39	1.33	1
1791494462	riblt	1.50	1.39	1.33	1
1791494467	riblt	1.46	1.38	1.33	1
1791494472	riblt	1.42	1.37	1.33	1
1791494477	riblt	1.39	1.37	1.32	1
1791494482	riblt	1.36	1.36	1.32	1
1791494487	riblt	1.33	1.36	1.32	1
1791494492	riblt	1.30	1.35	1.32	16
1791494497	riblt	1.28	1.34	1.32	1
1791494502	riblt	1.26	1.34	1.31	1
1791494507	riblt	1.23	1.33	1.31	1
1791494512	riblt	1.30	1.34	1.32	1
1791494517	riblt	1.27	1.34	1.31	1
1791494522	riblt	1.25	1.33	1.31	1
1791494527	riblt	1.23	1.33	1.31	1
1791494532	riblt	1.21	1.32	1.31	1
1791494537	riblt	1.19	1.31	1.31	2
1791494542	riblt	1.18	1.31	1.30	1
1791494547	riblt	1.16	1.30	1.30	1
1791494552	riblt	1.15	1.30	1.30	1
1791494557	riblt	1.14	1.29	1.30	1
1791494562	riblt	1.21	1.30	1.30	1
1791494567	riblt	1.19	1.30	1.30	1
1791494572	riblt	1.18	1.29	1.30	1
1791494577	riblt	1.16	1.29	1.30	1
1791494582	riblt	1.15	1.28	1.29	2
1791494587	riblt	1.14	1.28	1.29	1
1791494592	riblt	1.12	1.27	1.29	1
1791494597	riblt	1.11	1.27	1.29	1
1791494602	riblt	1.10	1.26	1.29	1
1791494607	riblt	1.10	1.26	1.28	1
1791494612	riblt	1.09	1.26	1.28	1
1791494617	riblt	1.08	1.25	1.28	1
1791494622	riblt	1.07	1.25	1.28	1
1791494627	riblt	1.07	1.24	1.28	1
1791494632	riblt	1.06	1.24	1.27	1
1791494637	riblt	1.06	1.23	1.27	1
1791494642	riblt	1.05	1.23	1.27	1
1791494647	riblt	1.05	1.23	1.27	1
1791494652	riblt	1.04	1.22	1.27	1
1791494657	riblt	1.04	1.22	1.27	1
1791494662	riblt	1.04	1.21	1.27	1
1791494667	riblt	1.03	1.21	1.26	1
1791494672	riblt	1.03	1.21	1.26	1
1791494677	riblt	1.03	1.20	1.26	1
1791494682	riblt	1.03	1.20	1.26	2
1791494687	riblt	1.02	1.20	1.26	1
1791494692	riblt	1.02	1.19	1.26	1
1791494697	riblt	1.02	1.19	1.25	1
1791494702	riblt	1.02	1.19	1.25	1
1791494707	riblt	1.02	1.18	1.25	2
1791494712	riblt	1.01	1.18	1.25	1
1791494717	riblt	1.01	1.18	1.25	1
1791494722	riblt	1.01	1.17	1.25	1
1791494727	riblt	1.01	1.17	1.25	1
1791494732	riblt	1.01	1.17	1.24	1
1791494737	riblt	1.01	1.16	1.24	1
1791494742	riblt	1.01	1.16	1.24	1
1791494747	riblt	1.01	1.16	1.24	1
1791494752	riblt	1.01	1.15	1.24	1
1791494757	riblt	1.00	1.15	1.24	1
1791494762	riblt	1.00	1.15	1.24	1
1791494767	riblt	1.00	1.15	1.23	1
1791494772	riblt	1.00	1.14	1.23	1
1791494777	riblt	1.00	1.14	1.23	1
1791494782	riblt	1.00	1.14	1.23	1
1791494787	riblt	1.00	1.14	1.23	1
1791494792	riblt	1.00	1.13	1.23	1
1791494797	riblt	1.00	1.13	1.23	1
1791494802	riblt	1.00	1.13	1.22	1
1791494807	riblt	1.00	1.13	1.22	1
1791494812	riblt	1.00	1.12	1.22	1
1791494817	riblt	1.00	1.12	1.22	1
1791494822	riblt	1.00	1.12	1.22	1
1791494827	riblt	1.08	1.13	1.22	1
1791494832	riblt	1.07	1.13	1.22	1
1791494837	riblt	1.07	1.13	1.22	1
1791494842	riblt	1.06	1.13	1.22	1
1791494847	riblt	1.06	1.12	1.22	1
1791494852	riblt	1.05	1.12	1.22	1
1791494857	riblt	1.05	1.12	1.21	1
1791494862	riblt	1.04	1.12	1.21	1
1791494867	riblt	1.04	1.11	1.21	1
1791494872	riblt	1.04	1.11	1.21	1
1791494877	riblt	1.03	1.11	1.21	1
1791494882	riblt	1.03	1.11	1.21	1
1791494887	riblt	1.11	1.12	1.21	1
1791494892	riblt	1.10	1.12	1.21	1
1791494897	riblt	1.09	1.12	1.21	1
1791494902	riblt	1.08	1.12	1.21	1
1791494907	riblt	1.08	1.11	1.20	1
1791494912	riblt	1.07	1.11	1.20	1
1791494917	riblt	1.06	1.11	1.20	1
1791494922	riblt	1.06	1.11	1.20	1
1791494927	riblt	1.05	1.11	1.20	1
1791494932	riblt	1.05	1.10	1.20	1
1791494937	riblt	1.05	1.10	1.20	1
1791494942	riblt	1.04	1.10	1.19	4
1791494947	riblt	1.04	1.10	1.19	1
1791494952	riblt	1.03	1.10	1.19	1
1791494957	riblt	1.03	1.10	1.19	2
1791494962	riblt	1.03	1.09	1.19	1
1791494967	riblt	1.03	1.09	1.19	2
1791494972	riblt	1.02	1.09	1.19	1
1791494977	riblt	1.02	1.09	1.18	1
1791494982	riblt	1.02	1.09	1.18	1
1791494987	riblt	1.02	1.08	1.18	1
1791494992	riblt	1.02	1.08	1.18	1
1791494997	riblt	1.10	1.10	1.19	2
1791495002	riblt	1.09	1.10	1.18	2
1791495007	riblt	1.08	1.09	1.18	1
1791495012	riblt	1.07	1.09	1.18	1
1791495017	riblt	1.07	1.09	1.18	1
1791495022	riblt	1.14	1.11	1.18	1
1791495027	riblt	1.21	1.12	1.19	1
1791495032	riblt	1.19	1.12	1.19	1
1791495037	riblt	1.18	1.12	1.19	1
1791495042	riblt	1.16	1.11	1.18	2
1791495047	riblt	1.15	1.11	1.18	1
1791495052	riblt	1.14	1.11	1.18	1
1791495057	riblt	1.13	1.11	1.18	1
1791495062	riblt	1.12	1.11	1.18	2
1791495067	riblt	1.11	1.10	1.18	1
1791495072	riblt	1.10	1.10	1.18	1
1791495077	riblt	1.09	1.10	1.18	1
1791495082	riblt	1.08	1.10	1.18	2
1791495087	riblt	1.08	1.10	1.17	1
1791495092	riblt	1.07	1.09	1.17	1
1791495097	riblt	1.06	1.09	1.17	1
1791495102	riblt	1.06	1.09	1.17	1
1791495107	riblt	1.05	1.09	1.17	2
1791495112	riblt	1.05	1.09	1.17	1
1791495117	riblt	1.12	1.10	1.17	1
1791495122	riblt	1.11	1.10	1.17	1
1791495127	riblt	1.11	1.10	1.17	1
1791495132	riblt	1.10	1.10	1.17	1
1791495137	riblt	1.09	1.09	1.17	2
1791495142	riblt	1.08	1.09	1.17	1
1791495147	riblt	1.07	1.09	1.17	1
1791495152	riblt	1.07	1.09	1.17	1
1791495157	riblt	1.06	1.09	1.17	1
1791495162	riblt	1.06	1.09	1.17	1
1791495167	riblt	1.05	1.08	1.16	1
1791495172	riblt	1.05	1.08	1.16	1
1791495178	riblt	1.04	1.08	1.16	1
1791495183	riblt	1.04	1.08	1.16	1
1791495188	riblt	1.04	1.08	1.16	1
1791495193	riblt	1.03	1.08	1.16	1
1791495198	riblt	1.03	1.08	1.16	1
1791495203	riblt	1.03	1.07	1.16	1
1791495208	riblt	1.03	1.07	1.16	2
1791495213	riblt	1.02	1.07	1.16	1
1791495218	riblt	1.02	1.07	1.16	1
1791495223	riblt	1.02	1.07	1.15	1
1791495228	riblt	1.02	1.07	1.15	1
1791495233	riblt	1.02	1.06	1.15	1
1791495238	riblt	1.09	1.08	1.16	1
1791495243	riblt	1.17	1.10	1.16	1
1791495248	riblt	1.15	1.09	1.16	1
1791495253	riblt	1.14	1.09	1.16	1
1791495258	riblt	1.21	1.11	1.16	1
1791495263	riblt	1.19	1.11	1.16	1
1791495268	riblt	1.18	1.10	1.16	1
1791495273	riblt	1.16	1.10	1.16	1
1791495278	riblt	1.15	1.10	1.16	1
1791495283	riblt	1.14	1.10	1.16	1
1791495288	riblt	1.13	1.10	1.16	1
1791495293	riblt	1.12	1.09	1.16	2
1791495298	riblt	1.11	1.09	1.16	1
1791495303	riblt	1.10	1.09	1.16	1
1791495308	riblt	1.17	1.10	1.16	1
1791495313	riblt	1.16	1.10	1.16	1
1791495318	riblt	1.14	1.10	1.16	1
1791495323	riblt	1.13	1.10	1.16	1
1791495328	riblt	1.12	1.10	1.16	1
1791495333	riblt	1.19	1.11	1.16	1
1791495338	riblt	1.18	1.11	1.16	1
1791495343	riblt	1.24	1.13	1.17	1
1791495348	riblt	1.22	1.12	1.16	3
1791495353	riblt	1.29	1.14	1.17	1
1791495358	riblt	1.26	1.14	1.17	1
1791495363	riblt	1.24	1.13	1.17	1
1791495368	riblt	1.22	1.13	1.17	1
1791495373	riblt	1.20	1.13	1.17	1
1791495378	riblt	1.19	1.13	1.16	1
1791495383	riblt	1.17	1.12	1.16	2
1791495388	riblt	1.24	1.14	1.17	1
1791495393	riblt	1.46	1.19	1.18	1
1791495398	riblt	1.42	1.18	1.18	1
1791495403	riblt	1.47	1.20	1.19	1
1791495408	riblt	1.43	1.19	1.19	2
1791495413	riblt	1.40	1.19	1.18	1
1791495418	riblt	1.36	1.19	1.18	1
1791495423	riblt	1.33	1.18	1.18	1
1791495428	riblt	1.31	1.18	1.18	1
1791495433	riblt	1.28	1.18	1.18	1
1791495438	riblt	1.26	1.17	1.18	1
1791495443	riblt	1.24	1.17	1.18	1
1791495448	riblt	1.22	1.17	1.18	1
1791495453	riblt	1.20	1.16	1.18	1
1791495458	riblt	1.18	1.16	1.17	1
1791495463	riblt	1.17	1.16	1.17	1
1791495468	riblt	1.16	1.15	1.17	1
1791495473	riblt	1.14	1.15	1.17	1
1791495478	riblt	1.21	1.17	1.18	1
1791495483	riblt	1.28	1.18	1.18	1
1791495488	riblt	1.25	1.18	1.18	2
1791495493	riblt	1.23	1.17	1.18	1
1791495498	riblt	1.21	1.17	1.18	1
1791495503	riblt	1.20	1.17	1.18	1
1791495508	riblt	1.18	1.16	1.18	1
1791495513	riblt	1.17	1.16	1.18	1
1791495518	riblt	1.15	1.16	1.17	1
1791495523	riblt	1.14	1.16	1.17	1
1791495528	riblt	1.13	1.15	1.17	1
1791495533	riblt	1.12	1.15	1.17	1
1791495538	riblt	1.19	1.16	1.18	1
1791495543	riblt	1.17	1.16	1.18	1
1791495548	riblt	1.16	1.16	1.17	1
1791495553	riblt	1.15	1.16	1.17	1
1791495558	riblt	1.13	1.15	1.17	1
1791495563	riblt	1.12	1.15	1.17	1
1791495568	riblt	1.11	1.15	1.17	1
1791495573	riblt	1.10	1.14	1.17	1
1791495578	riblt	1.10	1.14	1.17	1
1791495583	riblt	1.09	1.14	1.17	1
1791495588	riblt	1.08	1.14	1.17	1
1791495593	riblt	1.07	1.13	1.17	1
1791495598	riblt	1.07	1.13	1.16	1
1791495603	riblt	1.14	1.15	1.17	1
1791495608	riblt	1.13	1.14	1.17	1
1791495613	riblt	1.12	1.14	1.17	1
1791495618	riblt	1.11	1.14	1.17	1
1791495623	riblt	1.10	1.14	1.17	1
1791495628	riblt	1.09	1.13	1.16	1
1791495633	riblt	1.08	1.13	1.16	1
1791495638	riblt	1.08	1.13	1.16	1
1791495643	riblt	1.07	1.13	1.16	1
1791495648	riblt	1.07	1.12	1.16	1
1791495653	riblt	1.06	1.12	1.16	1
1791495658	riblt	1.06	1.12	1.16	1
1791495663	riblt	1.13	1.13	1.16	1
1791495668	riblt	1.12	1.13	1.16	1
1791495673	riblt	1.11	1.13	1.16	1
1791495678	riblt	1.10	1.13	1.16	1
1791495683	riblt	1.09	1.12	1.16	1
1791495688	riblt	1.08	1.12	1.16	1
1791495693	riblt	1.08	1.12	1.16	1
1791495698	riblt	1.07	1.12	1.16	1
1791495703	riblt	2.91	1.50	1.28	1
1791495708	riblt	2.76	1.49	1.28	1
1791495713	riblt	2.61	1.48	1.28	1
1791495718	riblt	2.49	1.47	1.27	1
1791495723	riblt	2.37	1.46	1.27	1
1791495728	riblt	2.26	1.46	1.27	1
1791495733	riblt	2.24	1.47	1.28	1
1791495738	riblt	2.14	1.46	1.27	1
1791495743	riblt	2.04	1.45	1.27	1
1791495748	riblt	1.96	1.44	1.27	1
1791495753	riblt	1.88	1.43	1.27	1
1791495758	riblt	1.81	1.43	1.27	1
1791495763	riblt	1.75	1.42	1.27	1
1791495768	riblt	1.69	1.41	1.26	2
1791495773	riblt	1.63	1.41	1.26	1
1791495778	riblt	1.58	1.40	1.26	1
1791495783	riblt	1.53	1.39	1.26	1
1791495788	riblt	1.49	1.38	1.26	1
1791495793	riblt	1.45	1.38	1.26	1
1791495798	riblt	1.42	1.37	1.26	1
1791495803	riblt	1.38	1.37	1.25	2
1791495808	riblt	1.35	1.36	1.25	1
1791495813	riblt	1.48	1.39	1.26	1
1791495818	riblt	1.52	1.40	1.27	1
1791495823	riblt	1.48	1.39	1.27	1
1791495828	riblt	1.44	1.38	1.26	1
1791495833	riblt	1.41	1.38	1.26	1
1791495838	riblt	1.37	1.37	1.26	1
1791495843	riblt	1.34	1.36	1.26	1
1791495848	riblt	1.40	1.37	1.26	1
1791495853	riblt	1.37	1.37	1.26	1
1791495858	riblt	1.34	1.36	1.26	1
1791495863	riblt	1.31	1.35	1.26	1
1791495868	riblt	1.28	1.35	1.26	1
1791495873	riblt	1.26	1.34	1.26	1
1791495878	riblt	1.24	1.34	1.25	1
1791495883	riblt	1.22	1.33	1.25	1
1791495888	riblt	1.20	1.33	1.25	2
1791495893	riblt	1.19	1.32	1.25	2
1791495898	riblt	1.17	1.31	1.25	2
1791495903	riblt	1.16	1.31	1.25	2
1791495908	riblt	1.14	1.30	1.25	2
1791495913	riblt	1.13	1.30	1.24	2
1791495918	riblt	1.12	1.29	1.24	2
1791495923	riblt	1.11	1.29	1.24	2
1791495928	riblt	1.10	1.28	1.24	3
1791495933	riblt	1.09	1.28	1.24	2
1791495938	riblt	1.09	1.27	1.24	2
1791495943	riblt	1.08	1.27	1.24	2
1791495948	riblt	1.07	1.26	1.23	4
1791495953	riblt	1.07	1.26	1.23	2
1791495958	riblt	1.06	1.25	1.23	2
1791495963	riblt	1.06	1.25	1.23	1
1791495968	riblt	1.05	1.25	1.23	2
1791495973	riblt	1.05	1.24	1.23	1
1791495978	riblt	1.04	1.24	1.23	1
1791495983	riblt	1.04	1.23	1.22	2
1791495988	riblt	1.04	1.23	1.22	1
1791495993	riblt	1.03	1.22	1.22	2
1791495998	riblt	1.03	1.22	1.22	1
1791496003	riblt	1.11	1.23	1.22	1
1791496008	riblt	1.18	1.25	1.23	1
1791496013	riblt	1.16	1.24	1.23	1
1791496018	riblt	1.23	1.26	1.23	1
1791496023	riblt	1.21	1.25	1.23	1
1791496028	riblt	1.20	1.25	1.23	1
1791496033	riblt	1.26	1.26	1.23	1
1791496038	riblt	1.24	1.25	1.23	1
1791496043	riblt	1.22	1.25	1.23	1
1791496048	riblt	1.20	1.25	1.23	1
1791496053	riblt	1.18	1.24	1.23	1
1791496058	riblt	1.17	1.24	1.23	1
1791496063	riblt	1.16	1.23	1.22	2
1791496068	riblt	1.14	1.23	1.22	1
1791496073	riblt	1.13	1.22	1.22	1
1791496078	riblt	1.12	1.22	1.22	1
1791496083	riblt	1.11	1.22	1.22	1
1791496088	riblt	1.10	1.21	1.22	1
1791496093	riblt	1.17	1.23	1.22	1
1791496098	riblt	1.16	1.22	1.22	1
1791496103	riblt	1.15	1.22	1.22	1
1791496108	riblt	1.13	1.21	1.22	1
1791496113	riblt	1.12	1.21	1.22	1
1791496118	riblt	1.11	1.21	1.21	1
1791496123	riblt	1.10	1.20	1.21	1
1791496128	riblt	1.10	1.20	1.21	1
1791496133	riblt	1.09	1.20	1.21	1
1791496138	riblt	1.08	1.19	1.21	1
1791496143	riblt	1.07	1.19	1.21	1
1791496148	riblt	1.07	1.19	1.20	1
1791496153	riblt	1.06	1.18	1.20	2
1791496158	riblt	1.06	1.18	1.20	1
1791496163	riblt	1.05	1.18	1.20	1
1791496168	riblt	1.05	1.17	1.20	1
1791496173	riblt	1.12	1.19	1.20	1
1791496178	riblt	1.11	1.18	1.20	1
1791496183	riblt	1.10	1.18	1.20	2
1791496188	riblt	1.10	1.18	1.20	1
1791496193	riblt	1.09	1.17	1.20	1
1791496198	riblt	1.08	1.17	1.20	1
1791496203	riblt	1.07	1.17	1.19	1
1791496208	riblt	1.07	1.16	1.19	1
1791496213	riblt	1.06	1.16	1.19	1
1791496218	riblt	1.06	1.16	1.19	1
1791496223	riblt	1.05	1.16	1.19	1
1791496228	riblt	1.05	1.15	1.19	1
1791496234	riblt	1.04	1.15	1.19	1
1791496239	riblt	1.04	1.15	1.18	1
1791496244	riblt	1.12	1.16	1.19	1
1791496249	riblt	1.11	1.16	1.19	1
1791496254	riblt	1.10	1.16	1.19	1
1791496259	riblt	1.17	1.17	1.19	1
1791496264	riblt	1.16	1.17	1.19	1
1791496269	riblt	1.14	1.16	1.19	1
1791496274	riblt	1.13	1.16	1.19	1
1791496279	riblt	1.12	1.16	1.18	2
1791496284	riblt	1.11	1.16	1.18	1
1791496289	riblt	1.10	1.15	1.18	1
1791496294	riblt	1.09	1.15	1.18	1
1791496299	riblt	1.09	1.15	1.18	1
1791496304	riblt	1.16	1.16	1.18	1
1791496309	riblt	1.15	1.16	1.18	1
1791496314	riblt	1.13	1.16	1.18	2
1791496319	riblt	1.12	1.15	1.18	1
1791496324	riblt	1.27	1.18	1.19	1
1791496329	riblt	1.25	1.18	1.19	1
1791496334	riblt	1.23	1.18	1.19	1
1791496339	riblt	1.29	1.19	1.19	1
1791496344	riblt	1.27	1.19	1.19	1
1791496349	riblt	1.25	1.18	1.19	1
1791496354	riblt	1.23	1.18	1.19	2
1791496359	riblt	1.21	1.18	1.19	1
1791496364	riblt	1.27	1.19	1.19	1
1791496369	riblt	1.25	1.19	1.19	1
1791496374	riblt	1.23	1.18	1.19	1
1791496379	riblt	1.21	1.18	1.19	1
1791496384	riblt	1.19	1.18	1.18	1
1791496389	riblt	1.18	1.17	1.18	1
1791496394	riblt	1.16	1.17	1.18	1
1791496399	riblt	1.15	1.17	1.18	1
1791496404	riblt	1.14	1.16	1.18	1
1791496409	riblt	1.13	1.16	1.18	1
1791496414	riblt	1.12	1.16	1.18	1
1791496419	riblt	1.11	1.16	1.18	1
1791496424	riblt	1.10	1.15	1.18	1
1791496429	riblt	1.09	1.15	1.17	1
1791496434	riblt	1.08	1.15	1.17	1
1791496439	riblt	1.08	1.14	1.17	1
1791496444	riblt	1.07	1.14	1.17	2
1791496449	riblt	1.06	1.14	1.17	1
1791496454	riblt	1.14	1.15	1.18	1
1791496459	riblt	1.13	1.15	1.17	1
1791496464	riblt	1.12	1.15	1.17	2
1791496469	riblt	1.11	1.15	1.17	2
1791496474	riblt	1.18	1.16	1.18	1
1791496479	riblt	1.16	1.16	1.18	1
1791496484	riblt	1.15	1.15	1.18	2
1791496489	riblt	1.14	1.15	1.17	1
1791496494	riblt	1.13	1.15	1.17	1
1791496499	riblt	1.20	1.16	1.18	1
1791496504	riblt	1.18	1.16	1.18	3
1791496509	riblt	1.17	1.16	1.18	1
1791496514	riblt	1.15	1.15	1.18	1
1791496519	riblt	1.14	1.15	1.17	1
1791496524	riblt	1.13	1.15	1.17	1
1791496529	riblt	1.12	1.14	1.17	1
1791496534	riblt	1.11	1.14	1.17	1
1791496539	riblt	1.10	1.14	1.17	3
1791496544	riblt	1.17	1.15	1.18	1
1791496549	riblt	1.16	1.15	1.17	1
1791496554	riblt	1.15	1.15	1.17	1
1791496559	riblt	1.21	1.16	1.18	1
1791496564	riblt	1.20	1.16	1.18	1
1791496569	riblt	1.18	1.16	1.18	1
1791496574	riblt	1.17	1.15	1.18	1
1791496579	riblt	1.15	1.15	1.17	1
1791496584	riblt	1.14	1.15	1.17	1
1791496589	riblt	1.13	1.15	1.17	1
1791496594	riblt	1.12	1.14	1.17	1
1791496599	riblt	1.11	1.14	1.17	1
1791496604	riblt	1.10	1.14	1.17	1
1791496609	riblt	1.09	1.14	1.17	1
1791496614	riblt	1.08	1.13	1.17	1
1791496619	riblt	1.08	1.13	1.17	1
1791496624	riblt	1.07	1.13	1.17	1
1791496629	riblt	1.06	1.13	1.16	1
1791496634	riblt	1.14	1.14	1.17	1
1791496639	riblt	1.13	1.14	1.17	1
1791496644	riblt	1.12	1.14	1.17	1
1791496649	riblt	1.11	1.13	1.17	1
1791496654	riblt	1.18	1.15	1.17	1
1791496659	riblt	1.17	1.14	1.17	1
1791496664	riblt	1.15	1.14	1.17	1
1791496669	riblt	1.14	1.14	1.17	2
1791496674	riblt	1.13	1.14	1.17	1
1791496679	riblt	1.12	1.14	1.17	1
1791496684	riblt	1.11	1.13	1.17	1
1791496689	riblt	1.10	1.13	1.16	1
1791496694	riblt	1.09	1.13	1.16	1
1791496699	riblt	1.08	1.13	1.16	1
1791496704	riblt	1.08	1.12	1.16	1
1791496709	riblt	1.07	1.12	1.16	1
1791496714	riblt	1.06	1.12	1.16	1
1791496719	riblt	1.06	1.12	1.16	1
1791496724	riblt	1.05	1.11	1.16	1
1791496729	riblt	1.05	1.11	1.16	2
1791496734	riblt	1.05	1.11	1.16	1
1791496739	riblt	1.04	1.11	1.16	1
1791496744	riblt	1.04	1.11	1.15	1
1791496749	riblt	1.03	1.10	1.15	1
1791496754	riblt	1.03	1.10	1.15	1
1791496759	riblt	1.03	1.10	1.15	1
1791496764	riblt	1.03	1.10	1.15	1
1791496769	riblt	1.02	1.10	1.15	1
1791496774	riblt	1.02	1.09	1.15	1
1791496779	riblt	1.02	1.09	1.15	1
1791496784	riblt	1.02	1.09	1.15	1
1791496789	riblt	1.02	1.09	1.15	1
1791496794	riblt	1.02	1.09	1.14	1
1791496799	riblt	1.01	1.08	1.14	1
1791496804	riblt	1.09	1.10	1.15	1
1791496809	riblt	1.08	1.10	1.15	1
1791496814	riblt	1.08	1.10	1.15	1
1791496819	riblt	1.07	1.09	1.15	1
1791496824	riblt	1.07	1.09	1.14	1
1791496829	riblt	1.06	1.09	1.14	1
1791496834	riblt	1.06	1.09	1.14	1
1791496839	riblt	1.05	1.09	1.14	2
1791496844	riblt	1.05	1.09	1.14	2
1791496849	riblt	1.04	1.08	1.14	2
1791496854	riblt	1.04	1.08	1.14	4
1791496859	riblt	1.04	1.08	1.14	2
1791496864	riblt	1.03	1.08	1.14	3
1791496869	riblt	1.03	1.08	1.14	4
1791496874	riblt	1.03	1.08	1.13	1
1791496879	riblt	1.27	1.13	1.15	1
1791496884	riblt	1.24	1.12	1.15	1
1791496889	riblt	1.22	1.12	1.15	1
1791496894	riblt	1.21	1.12	1.15	1
1791496899	riblt	1.19	1.12	1.15	1
1791496904	riblt	1.17	1.11	1.15	1
1791496909	riblt	1.16	1.11	1.14	1
1791496914	riblt	1.23	1.13	1.15	1
1791496919	riblt	1.21	1.12	1.15	1
1791496924	riblt	1.19	1.12	1.15	1
1791496929	riblt	1.18	1.12	1.15	1
1791496934	riblt	1.16	1.12	1.15	1
1791496939	riblt	1.15	1.12	1.14	1
1791496944	riblt	1.14	1.11	1.14	1
1791496949	riblt	1.12	1.11	1.14	1
1791496954	riblt	1.11	1.11	1.14	1
1791496959	riblt	1.11	1.11	1.14	1
1791496964	riblt	1.10	1.11	1.14	1
1791496969	riblt	1.09	1.10	1.14	1
1791496974	riblt	1.08	1.10	1.14	1
1791496979	riblt	1.07	1.10	1.14	1
1791496984	riblt	1.07	1.10	1.14	1
1791496989	riblt	1.06	1.10	1.13	1
1791496994	riblt	1.06	1.09	1.13	1
1791496999	riblt	1.05	1.09	1.13	1
1791497004	riblt	1.05	1.09	1.13	1
1791497009	riblt	1.04	1.09	1.13	1
1791497014	riblt	1.04	1.09	1.13	1
1791497019	riblt	1.04	1.08	1.13	1
1791497024	riblt	1.03	1.08	1.13	1
1791497029	riblt	1.03	1.08	1.13	1
1791497034	riblt	1.03	1.08	1.13	2
1791497039	riblt	1.03	1.08	1.12	1
1791497044	riblt	1.02	1.08	1.12	1
1791497049	riblt	1.02	1.08	1.12	1
1791497054	riblt	1.02	1.07	1.12	1
1791497059	riblt	1.10	1.09	1.13	2
1791497064	riblt	1.09	1.09	1.13	2
1791497069	riblt	1.08	1.09	1.12	1
1791497074	riblt	1.08	1.08	1.12	1
1791497079	riblt	1.07	1.08	1.12	1
1791497084	riblt	1.06	1.08	1.12	2
1791497089	riblt	1.06	1.08	1.12	1
1791497094	riblt	1.05	1.08	1.12	1
1791497099	riblt	1.05	1.08	1.12	2
1791497104	riblt	1.04	1.08	1.12	1
1791497109	riblt	1.04	1.07	1.12	1
1791497114	riblt	1.04	1.07	1.12	1
1791497119	riblt	1.03	1.07	1.12	1
1791497124	riblt	1.03	1.07	1.11	1
1791497129	riblt	1.03	1.07	1.11	1
1791497134	riblt	1.03	1.07	1.11	1
1791497139	riblt	1.02	1.07	1.11	1
1791497144	riblt	1.02	1.06	1.11	1
1791497149	riblt	1.02	1.06	1.11	1
1791497154	riblt	1.02	1.06	1.11	1
1791497159	riblt	1.02	1.06	1.11	1
1791497164	riblt	1.01	1.06	1.11	1
1791497169	riblt	1.01	1.06	1.11	1
1791497174	riblt	1.01	1.06	1.10	1
1791497179	riblt	1.01	1.06	1.10	1
1791497184	riblt	1.01	1.05	1.10	2
1791497189	riblt	1.01	1.05	1.10	1
1791497194	riblt	1.01	1.05	1.10	1
1791497199	riblt	1.01	1.05	1.10	1
1791497204	riblt	1.01	1.05	1.10	1
1791497209	riblt	1.00	1.05	1.10	1
1791497214	riblt	1.00	1.05	1.10	1
1791497219	riblt	1.00	1.05	1.10	1
1791497224	riblt	1.00	1.05	1.09	1
1791497229	riblt	1.08	1.06	1.10	1
1791497234	riblt	1.16	1.08	1.10	1
1791497239	riblt	1.14	1.08	1.10	2
1791497244	riblt	1.13	1.08	1.10	1
1791497249	riblt	1.12	1.07	1.10	1
1791497254	riblt	1.11	1.07	1.10	1
1791497259	riblt	1.10	1.07	1.10	1
1791497264	riblt	1.09	1.07	1.10	1
1791497269	riblt	1.09	1.07	1.10	1
1791497274	riblt	1.08	1.07	1.10	1
1791497279	riblt	1.07	1.07	1.10	1
1791497284	riblt	1.07	1.06	1.09	1
1791497289	riblt	1.06	1.06	1.09	1
1791497294	riblt	1.06	1.06	1.09	1
1791497300	riblt	1.05	1.06	1.09	1
1791497305	riblt	1.05	1.06	1.09	1
1791497310	riblt	1.04	1.06	1.09	1
1791497315	riblt	1.04	1.06	1.09	1
1791497320	riblt	1.04	1.06	1.09	1
1791497325	riblt	1.03	1.05	1.09	1
1791497330	riblt	1.03	1.05	1.09	1
1791497335	riblt	1.03	1.05	1.09	1
1791497340	riblt	1.02	1.05	1.09	1
1791497345	riblt	1.02	1.05	1.09	1
1791497350	riblt	1.10	1.07	1.09	1
1791497355	riblt	1.09	1.06	1.09	1
1791497360	riblt	1.08	1.06	1.09	1
1791497365	riblt	1.08	1.06	1.09	1
1791497370	riblt	1.07	1.06	1.09	1
1791497375	riblt	1.07	1.06	1.09	1
1791497380	riblt	1.14	1.07	1.09	1
1791497385	riblt	1.13	1.07	1.09	1
1791497390	riblt	1.12	1.07	1.09	1
1791497395	riblt	1.11	1.07	1.09	1
1791497400	riblt	1.10	1.07	1.09	1
1791497405	riblt	1.09	1.07	1.09	2
1791497410	riblt	1.08	1.07	1.09	1
1791497415	riblt	1.08	1.06	1.09	1
1791497420	riblt	1.07	1.06	1.09	1
1791497425	riblt	1.06	1.06	1.09	1
1791497430	riblt	1.06	1.06	1.09	1
1791497435	riblt	1.05	1.06	1.09	1
1791497440	riblt	1.05	1.06	1.09	1
1791497445	riblt	1.05	1.06	1.09	1
1791497450	riblt	1.04	1.06	1.09	1
1791497455	riblt	1.04	1.05	1.08	1
1791497460	riblt	1.04	1.05	1.08	1
1791497465	riblt	1.03	1.05	1.08	1
1791497470	riblt	1.03	1.05	1.08	1
1791497475	riblt	1.03	1.05	1.08	1
1791497480	riblt	1.02	1.05	1.08	1
1791497485	riblt	1.02	1.05	1.08	1
1791497490	riblt	1.02	1.05	1.08	1
1791497495	riblt	1.02	1.05	1.08	1
1791497500	riblt	1.02	1.05	1.08	3
1791497505	riblt	1.02	1.04	1.08	1
1791497510	riblt	1.17	1.08	1.09	1
1791497515	riblt	1.16	1.08	1.09	1
1791497520	riblt	1.15	1.07	1.09	1
1791497525	riblt	1.13	1.07	1.09	1
1791497530	riblt	1.20	1.09	1.09	1
1791497535	riblt	1.19	1.09	1.09	1
1791497540	riblt	1.17	1.09	1.09	1
1791497545	riblt	1.16	1.08	1.09	2
1791497550	riblt	1.15	1.08	1.09	1
1791497555	riblt	1.13	1.08	1.09	1
1791497560	riblt	1.12	1.08	1.09	1
1791497565	riblt	1.11	1.08	1.09	1
1791497570	riblt	1.10	1.08	1.09	1
1791497575	riblt	1.10	1.08	1.09	1
1791497580	riblt	1.09	1.07	1.09	1
1791497585	riblt	1.08	1.07	1.09	1
1791497590	riblt	1.07	1.07	1.09	1
1791497595	riblt	1.07	1.07	1.09	1
1791497600	riblt	1.06	1.07	1.09	1
1791497605	riblt	1.06	1.07	1.09	1
1791497610	riblt	1.05	1.06	1.08	1
1791497615	riblt	1.05	1.06	1.08	1
1791497620	riblt	1.04	1.06	1.08	1
1791497625	riblt	1.04	1.06	1.08	2
1791497630	riblt	1.04	1.06	1.08	1
1791497635	riblt	1.03	1.06	1.08	1
1791497640	riblt	1.11	1.07	1.09	1
1791497645	riblt	1.10	1.07	1.09	1
1791497650	riblt	1.17	1.09	1.09	1
1791497655	riblt	1.16	1.09	1.09	1
1791497660	riblt	1.15	1.08	1.09	1
1791497665	riblt	1.13	1.08	1.09	1
1791497670	riblt	1.12	1.08	1.09	1
1791497675	riblt	1.11	1.08	1.09	1
1791497680	riblt	1.10	1.08	1.09	1
1791497685	riblt	1.10	1.08	1.09	1
1791497690	riblt	1.09	1.08	1.09	1
1791497695	riblt	1.08	1.07	1.09	1
1791497700	riblt	1.07	1.07	1.09	1
1791497705	riblt	1.15	1.09	1.09	1
1791497710	riblt	1.14	1.09	1.09	1
1791497715	riblt	1.20	1.10	1.10	1
1791497720	riblt	1.19	1.10	1.10	1
1791497725	riblt	1.17	1.10	1.09	1
1791497730	riblt	1.16	1.10	1.09	1
1791497735	riblt	1.15	1.09	1.09	1
1791497740	riblt	1.13	1.09	1.09	1
1791497745	riblt	1.12	1.09	1.09	1
1791497750	riblt	1.11	1.09	1.09	1
1791497755	riblt	1.10	1.09	1.09	1
1791497760	riblt	1.18	1.10	1.09	1
1791497765	riblt	1.16	1.10	1.09	1
1791497770	riblt	1.15	1.10	1.09	1
1791497775	riblt	1.14	1.10	1.09	1
1791497780	riblt	1.12	1.09	1.09	1
1791497785	riblt	1.11	1.09	1.09	1
1791497790	riblt	1.11	1.09	1.09	1
1791497795	riblt	1.10	1.09	1.09	1
1791497800	riblt	1.09	1.09	1.09	1
1791497805	riblt	1.08	1.09	1.09	1
1791497810	riblt	1.16	1.10	1.09	1
1791497815	riblt	1.14	1.10	1.09	1
1791497820	riblt	1.13	1.10	1.09	1
1791497825	riblt	1.12	1.10	1.09	1
1791497830	riblt	1.11	1.09	1.09	1
1791497835	riblt	1.10	1.09	1.09	1
1791497840	riblt	1.09	1.09	1.09	1
1791497845	riblt	1.08	1.09	1.09	1
1791497850	riblt	1.08	1.09	1.09	1
1791497855	riblt	1.15	1.10	1.09	1
1791497860	riblt	1.14	1.10	1.09	1
1791497865	riblt	1.21	1.11	1.10	1
1791497870	riblt	1.19	1.11	1.10	1
1791497875	riblt	1.18	1.11	1.10	1
1791497880	riblt	1.16	1.11	1.09	1
1791497885	riblt	1.15	1.11	1.09	1
1791497890	riblt	1.14	1.10	1.09	1
1791497895	riblt	1.13	1.10	1.09	1
1791497900	riblt	1.12	1.10	1.09	1
1791497905	riblt	1.11	1.10	1.09	1
1791497910	riblt	1.10	1.10	1.09	1
1791497915	riblt	1.09	1.10	1.09	1
1791497920	riblt	1.08	1.09	1.09	1
1791497925	riblt	1.08	1.09	1.09	1
1791497930	riblt	1.07	1.09	1.09	1
1791497935	riblt	1.06	1.09	1.09	1
1791497940	riblt	1.06	1.09	1.09	1
1791497945	riblt	1.05	1.08	1.09	1
1791497950	riblt	1.05	1.08	1.09	5
1791497955	riblt	1.04	1.08	1.09	1
1791497960	riblt	1.04	1.08	1.08	1
1791497965	riblt	1.04	1.08	1.08	1
1791497970	riblt	1.11	1.09	1.09	1
1791497975	riblt	1.10	1.09	1.09	1
1791497980	riblt	1.10	1.09	1.09	1
1791497985	riblt	1.09	1.09	1.09	1
1791497990	riblt	1.08	1.09	1.09	1
1791497995	riblt	1.07	1.08	1.09	1
1791498000	riblt	1.07	1.08	1.09	1
1791498005	riblt	1.06	1.08	1.09	1
1791498010	riblt	1.06	1.08	1.09	1
1791498015	riblt	1.13	1.10	1.09	1
1791498020	riblt	1.12	1.09	1.09	1
1791498025	riblt	1.11	1.09	1.09	1
1791498030	riblt	1.10	1.09	1.09	1
1791498035	riblt	1.17	1.11	1.09	1
1791498040	riblt	1.16	1.10	1.09	1
1791498045	riblt	1.15	1.10	1.09	1
1791498050	riblt	1.14	1.10	1.09	1
1791498055	riblt	1.12	1.10	1.09	1
1791498060	riblt	1.11	1.10	1.09	1
1791498065	riblt	1.10	1.09	1.09	1
1791498070	riblt	1.10	1.09	1.09	1
1791498075	riblt	1.17	1.11	1.09	1
1791498080	riblt	1.15	1.10	1.09	1
1791498085	riblt	1.14	1.10	1.09	1
1791498090	riblt	1.13	1.10	1.09	1
1791498095	riblt	1.12	1.10	1.09	1
1791498100	riblt	1.11	1.10	1.09	1
1791498105	riblt	1.10	1.10	1.09	1
1791498110	riblt	1.09	1.09	1.09	1
1791498115	riblt	1.08	1.09	1.09	1
1791498120	riblt	1.08	1.09	1.09	4
1791498125	riblt	1.07	1.09	1.09	1
1791498130	riblt	1.07	1.09	1.09	1
1791498135	riblt	1.06	1.08	1.09	1
1791498140	riblt	1.14	1.10	1.09	2
1791498145	riblt	1.12	1.10	1.09	1
1791498150	riblt	1.11	1.10	1.09	1
1791498155	riblt	1.10	1.09	1.09	1
1791498160	riblt	1.10	1.09	1.09	1
1791498165	riblt	1.09	1.09	1.09	1
1791498170	riblt	1.08	1.09	1.09	1
1791498175	riblt	1.07	1.09	1.09	1
1791498180	riblt	1.07	1.08	1.09	1
1791498185	riblt	1.06	1.08	1.09	1
1791498190	riblt	1.06	1.08	1.09	1
1791498195	riblt	1.13	1.10	1.09	1
1791498200	riblt	1.12	1.10	1.09	1
1791498205	riblt	1.19	1.11	1.10	2
1791498210	riblt	2.38	1.36	1.18	1
1791498215	riblt	2.27	1.35	1.18	1
1791498220	riblt	2.17	1.35	1.17	2
1791498225	riblt	2.07	1.34	1.17	1
1791498230	riblt	2.07	1.35	1.18	1
1791498235	riblt	1.98	1.35	1.18	1
1791498240	riblt	1.90	1.34	1.18	1
1791498245	riblt	1.83	1.33	1.18	1
1791498250	riblt	1.76	1.33	1.17	1
1791498255	riblt	1.70	1.32	1.17	3
1791498260	riblt	1.64	1.32	1.17	1
1791498265	riblt	1.59	1.31	1.17	1
1791498270	riblt	1.55	1.31	1.17	1
1791498275	riblt	1.50	1.30	1.17	1
1791498280	riblt	1.46	1.30	1.17	1
1791498285	riblt	1.42	1.29	1.17	2
1791498290	riblt	1.39	1.29	1.17	1
1791498295	riblt	1.36	1.28	1.17	2
1791498300	riblt	1.33	1.28	1.16	2
1791498305	riblt	1.30	1.27	1.16	1
1791498310	riblt	1.28	1.27	1.16	1
1791498315	riblt	1.26	1.26	1.16	1
1791498320	riblt	1.24	1.26	1.16	1
1791498325	riblt	1.22	1.25	1.16	2
1791498330	riblt	1.20	1.25	1.16	1
1791498335	riblt	1.18	1.24	1.16	1
1791498340	riblt	1.17	1.24	1.16	1
1791498345	riblt	1.15	1.23	1.16	1
1791498350	riblt	1.14	1.23	1.15	1
1791498355	riblt	1.13	1.23	1.15	1
1791498360	riblt	1.12	1.22	1.15	1
1791498365	riblt	1.11	1.22	1.15	1
1791498371	riblt	1.10	1.21	1.15	1
1791498376	riblt	1.09	1.21	1.15	1
1791498381	riblt	1.08	1.21	1.15	1
1791498386	riblt	1.08	1.20	1.15	1
1791498391	riblt	1.07	1.20	1.15	1
1791498396	riblt	1.07	1.20	1.15	1
1791498401	riblt	1.06	1.19	1.14	1
1791498406	riblt	1.06	1.19	1.14	1
1791498411	riblt	1.21	1.22	1.15	2
1791498416	riblt	1.19	1.22	1.15	1
1791498421	riblt	1.18	1.21	1.15	1
1791498426	riblt	1.16	1.21	1.15	2
1791498431	riblt	1.15	1.20	1.15	1
1791498436	riblt	1.14	1.20	1.15	1
1791498441	riblt	1.21	1.21	1.15	1
1791498446	riblt	1.19	1.21	1.15	1
1791498451	riblt	1.17	1.21	1.15	1
1791498456	riblt	1.16	1.20	1.15	1
1791498461	riblt	1.15	1.20	1.15	1
1791498466	riblt	1.14	1.20	1.15	1
1791498471	riblt	1.20	1.21	1.15	1
1791498476	riblt	1.35	1.24	1.16	1
1791498481	riblt	1.32	1.23	1.16	1
1791498486	riblt	1.29	1.23	1.16	1
1791498491	riblt	1.43	1.26	1.17	3
1791498496	riblt	1.40	1.26	1.17	1
1791498501	riblt	1.36	1.25	1.17	1
1791498506	riblt	1.33	1.25	1.17	2
1791498511	riblt	1.31	1.24	1.17	1
1791498516	riblt	1.28	1.24	1.17	1
1791498521	riblt	1.34	1.25	1.17	1
1791498526	riblt	1.31	1.25	1.17	1
1791498531	riblt	1.29	1.24	1.17	2
1791498536	riblt	1.26	1.24	1.17	1
1791498541	riblt	1.24	1.23	1.17	1
1791498546	riblt	1.22	1.23	1.17	2
1791498551	riblt	1.21	1.23	1.17	1
1791498556	riblt	1.19	1.22	1.17	1
1791498561	riblt	1.17	1.22	1.16	1
1791498566	riblt	1.16	1.21	1.16	1
1791498571	riblt	1.15	1.21	1.16	1
1791498576	riblt	1.13	1.21	1.16	1
1791498581	riblt	1.20	1.22	1.17	1
1791498586	riblt	1.19	1.22	1.17	1
1791498591	riblt	1.17	1.21	1.16	1
1791498596	riblt	1.16	1.21	1.16	1
1791498601	riblt	1.14	1.20	1.16	1
1791498606	riblt	1.13	1.20	1.16	1
1791498611	riblt	1.12	1.20	1.16	1
1791498616	riblt	1.11	1.19	1.16	1
1791498621	riblt	1.10	1.19	1.16	1
1791498626	riblt	1.09	1.19	1.16	1
1791498631	riblt	1.09	1.18	1.16	1
1791498636	riblt	1.08	1.18	1.16	1
1791498641	riblt	1.07	1.18	1.16	1
1791498646	riblt	1.07	1.17	1.15	1
1791498651	riblt	1.06	1.17	1.15	1
1791498656	riblt	1.06	1.17	1.15	1
1791498661	riblt	1.05	1.16	1.15	1
1791498666	riblt	1.05	1.16	1.15	1
1791498671	riblt	1.04	1.16	1.15	2
1791498676	riblt	1.04	1.16	1.15	2
1791498681	riblt	1.04	1.15	1.15	1
1791498686	riblt	1.03	1.15	1.15	1
1791498691	riblt	1.03	1.15	1.15	1
1791498696	riblt	1.03	1.14	1.14	1
1791498701	riblt	2.23	1.39	1.22	1
1791498706	riblt	2.13	1.38	1.22	2
1791498711	riblt	2.04	1.38	1.22	1
1791498716	riblt	1.95	1.37	1.22	1
1791498721	riblt	1.88	1.37	1.22	1
1791498726	riblt	1.81	1.36	1.22	1
1791498731	riblt	1.74	1.35	1.22	1
1791498736	riblt	1.68	1.35	1.21	1
1791498741	riblt	1.63	1.34	1.21	1
1791498746	riblt	1.58	1.33	1.21	1
1791498751	riblt	1.53	1.33	1.21	1
1791498756	riblt	1.49	1.32	1.21	1
1791498761	riblt	1.45	1.32	1.21	1
1791498766	riblt	1.41	1.31	1.21	1
1791498771	riblt	1.38	1.31	1.20	1
1791498776	riblt	1.35	1.30	1.20	1
1791498781	riblt	1.32	1.30	1.20	1
1791498786	riblt	1.29	1.29	1.20	1
1791498791	riblt	1.27	1.29	1.20	1
1791498796	riblt	1.25	1.28	1.20	2
1791498801	riblt	1.31	1.29	1.20	1
1791498806	riblt	1.28	1.29	1.20	1
1791498811	riblt	1.26	1.28	1.20	1
1791498816	riblt	1.24	1.28	1.20	1
1791498821	riblt	1.22	1.27	1.20	1
1791498826	riblt	1.28	1.29	1.20	1
1791498831	riblt	1.26	1.28	1.20	1
1791498836	riblt	1.24	1.28	1.20	1
1791498841	riblt	1.22	1.27	1.20	1
1791498846	riblt	1.20	1.27	1.19	1
1791498851	riblt	1.18	1.26	1.19	1
1791498856	riblt	1.17	1.26	1.19	1
1791498861	riblt	1.16	1.25	1.19	1
1791498866	riblt	1.14	1.25	1.19	1
1791498871	riblt	1.13	1.24	1.19	1
1791498876	riblt	1.12	1.24	1.18	1
1791498881	riblt	1.11	1.24	1.18	1
1791498886	riblt	1.10	1.23	1.18	1
1791498891	riblt	1.17	1.24	1.19	1
1791498896	riblt	1.16	1.24	1.18	1
1791498901	riblt	1.15	1.24	1.18	1
1791498906	riblt	1.13	1.23	1.18	1
1791498911	riblt	1.12	1.23	1.18	1
1791498916	riblt	1.11	1.22	1.18	1
1791498921	riblt	1.10	1.22	1.18	1
1791498926	riblt	1.10	1.22	1.18	1
1791498931	riblt	1.09	1.21	1.18	2
1791498936	riblt	1.08	1.21	1.18	1
1791498941	riblt	1.07	1.20	1.17	1
1791498946	riblt	1.07	1.20	1.17	1
1791498951	riblt	1.06	1.20	1.17	1
1791498956	riblt	1.06	1.19	1.17	1
1791498961	riblt	1.05	1.19	1.17	1
1791498966	riblt	1.05	1.19	1.17	1
1791498971	riblt	1.04	1.18	1.17	1
1791498976	riblt	1.04	1.18	1.17	2
1791498981	riblt	1.12	1.19	1.17	1
1791498986	riblt	1.11	1.19	1.17	1
1791498991	riblt	1.10	1.19	1.17	2
1791498996	riblt	1.09	1.18	1.17	1
1791499001	riblt	1.08	1.18	1.17	1
1791499006	riblt	1.08	1.18	1.17	1
1791499011	riblt	1.07	1.17	1.17	1
1791499016	riblt	1.06	1.17	1.17	1
1791499021	riblt	1.06	1.17	1.16	1
1791499026	riblt	1.05	1.16	1.16	1
1791499031	riblt	1.05	1.16	1.16	1
1791499036	riblt	1.04	1.16	1.16	1
1791499041	riblt	1.04	1.16	1.16	1
1791499046	riblt	1.04	1.15	1.16	1
1791499051	riblt	1.03	1.15	1.16	1
1791499056	riblt	1.03	1.15	1.16	1
1791499061	riblt	1.11	1.16	1.16	1
1791499066	riblt	1.10	1.16	1.16	1
1791499071	riblt	1.09	1.16	1.16	1
1791499076	riblt	1.08	1.15	1.16	1
1791499081	riblt	1.08	1.15	1.16	1
1791499086	riblt	1.07	1.15	1.16	1
1791499091	riblt	1.06	1.14	1.16	1
1791499096	riblt	1.06	1.14	1.16	1
1791499101	riblt	1.14	1.16	1.16	1
1791499106	riblt	1.12	1.15	1.16	1
1791499111	riblt	1.11	1.15	1.16	1
1791499116	riblt	1.10	1.15	1.16	1
1791499121	riblt	1.10	1.14	1.16	1
1791499126	riblt	1.09	1.14	1.16	1
1791499131	riblt	1.08	1.14	1.16	1
1791499136	riblt	1.07	1.14	1.15	1
1791499141	riblt	1.07	1.14	1.15	1
1791499146	riblt	1.06	1.13	1.15	1
1791499151	riblt	1.06	1.13	1.15	1
1791499156	riblt	1.13	1.14	1.16	1
1791499161	riblt	1.12	1.14	1.16	1
1791499166	riblt	1.11	1.14	1.15	1
1791499171	riblt	1.10	1.14	1.15	1
1791499176	riblt	1.09	1.14	1.15	2
1791499181	riblt	1.09	1.13	1.15	1
1791499186	riblt	1.08	1.13	1.15	1
1791499191	riblt	1.15	1.14	1.16	1
1791499196	riblt	1.14	1.14	1.15	1
1791499201	riblt	1.13	1.14	1.15	1
1791499206	riblt	1.12	1.14	1.15	2
1791499211	riblt	1.11	1.14	1.15	1
1791499216	riblt	1.10	1.13	1.15	1
1791499221	riblt	1.09	1.13	1.15	1
1791499226	riblt	1.08	1.13	1.15	1
1791499231	riblt	1.08	1.13	1.15	2
1791499236	riblt	1.07	1.12	1.15	1
1791499241	riblt	1.15	1.14	1.15	1
1791499246	riblt	1.13	1.14	1.15	1
1791499251	riblt	1.12	1.13	1.15	1
1791499256	riblt	1.11	1.13	1.15	1
1791499261	riblt	1.10	1.13	1.15	2
1791499266	riblt	1.10	1.13	1.15	1
1791499271	riblt	1.09	1.12	1.15	1
1791499276	riblt	1.08	1.12	1.14	1
1791499281	riblt	1.07	1.12	1.14	1
1791499286	riblt	1.07	1.12	1.14	1
1791499291	riblt	1.06	1.11	1.14	1
1791499296	riblt	1.06	1.11	1.14	1
1791499301	riblt	1.05	1.11	1.14	1
1791499306	riblt	1.05	1.11	1.14	1
1791499311	riblt	1.04	1.11	1.14	1
1791499316	riblt	1.04	1.10	1.14	1
1791499321	riblt	1.04	1.10	1.14	1
1791499326	riblt	1.03	1.10	1.13	1
1791499331	riblt	1.11	1.12	1.14	1
1791499336	riblt	1.10	1.11	1.14	1
1791499341	riblt	1.09	1.11	1.14	1
1791499346	riblt	1.08	1.11	1.14	1
1791499351	riblt	1.08	1.11	1.14	1
1791499356	riblt	1.07	1.11	1.13	1
1791499361	riblt	1.07	1.10	1.13	1
1791499366	riblt	1.06	1.10	1.13	1
1791499371	riblt	1.06	1.10	1.13	1
1791499376	riblt	1.05	1.10	1.13	1
1791499381	riblt	1.05	1.10	1.13	1
1791499386	riblt	1.04	1.09	1.13	1
1791499391	riblt	1.04	1.09	1.13	1
1791499396	riblt	1.04	1.09	1.13	1
1791499401	riblt	1.03	1.09	1.13	2
1791499406	riblt	1.03	1.09	1.12	1
1791499411	riblt	1.03	1.08	1.12	2
1791499416	riblt	1.02	1.08	1.12	1
1791499422	riblt	1.02	1.08	1.12	1
1791499427	riblt	1.02	1.08	1.12	1
1791499432	riblt	1.10	1.10	1.13	2
1791499437	riblt	1.09	1.09	1.12	1
1791499442	riblt	1.08	1.09	1.12	1
1791499447	riblt	1.08	1.09	1.12	1
1791499452	riblt	1.07	1.09	1.12	1
1791499457	riblt	1.06	1.09	1.12	1
1791499462	riblt	1.06	1.08	1.12	1
1791499467	riblt	1.05	1.08	1.12	1
1791499472	riblt	1.05	1.08	1.12	1
1791499477	riblt	1.05	1.08	1.12	1
1791499482	riblt	1.04	1.08	1.12	1
1791499487	riblt	1.04	1.08	1.12	1
1791499492	riblt	1.03	1.08	1.11	1
1791499497	riblt	1.11	1.09	1.12	1
1791499502	riblt	1.10	1.09	1.12	1
1791499507	riblt	1.09	1.09	1.12	1
1791499512	riblt	1.09	1.09	1.12	1
1791499517	riblt	1.08	1.08	1.12	1
1791499522	riblt	1.07	1.08	1.11	1
1791499527	riblt	1.07	1.08	1.11	1
1791499532	riblt	1.14	1.10	1.12	1
1791499537	riblt	1.21	1.11	1.12	2
1791499542	riblt	1.18	1.11	1.12	1
1791499547	riblt	1.16	1.11	1.12	1
1791499552	riblt	1.15	1.10	1.12	1
1791499557	riblt	1.22	1.12	1.12	2
1791499562	riblt	1.20	1.12	1.12	1
1791499567	riblt	1.18	1.12	1.12	1
1791499572	riblt	1.17	1.11	1.12	1
1791499577	riblt	1.16	1.11	1.12	1
1791499582	riblt	1.14	1.11	1.12	1
1791499587	riblt	1.13	1.11	1.12	1
1791499592	riblt	1.12	1.11	1.12	1
1791499597	riblt	1.11	1.10	1.12	1
1791499602	riblt	1.10	1.10	1.12	1
1791499607	riblt	1.09	1.10	1.11	1
1791499612	riblt	1.09	1.10	1.11	1
1791499617	riblt	1.08	1.10	1.11	2
1791499622	riblt	1.07	1.09	1.11	1
1791499627	riblt	1.07	1.09	1.11	1
1791499632	riblt	1.06	1.09	1.11	1
1791499637	riblt	1.06	1.09	1.11	1
1791499642	riblt	1.05	1.09	1.11	1
1791499647	riblt	1.05	1.08	1.11	2
1791499652	riblt	1.04	1.08	1.11	1
1791499657	riblt	1.04	1.08	1.10	1
1791499662	riblt	1.12	1.10	1.11	2
1791499667	riblt	1.11	1.10	1.11	1
1791499672	riblt	1.10	1.09	1.11	1
1791499677	riblt	1.09	1.09	1.11	1
1791499682	riblt	1.08	1.09	1.11	1
1791499687	riblt	1.08	1.09	1.10	1
1791499692	riblt	1.07	1.09	1.10	1
1791499697	riblt	1.06	1.08	1.10	1
1791499702	riblt	1.06	1.08	1.10	1
1791499707	riblt	1.05	1.08	1.10	1
1791499712	riblt	1.05	1.08	1.10	1
1791499717	riblt	1.04	1.08	1.10	1
1791499722	riblt	1.04	1.08	1.10	1
1791499727	riblt	1.04	1.08	1.10	1
1791499732	riblt	1.03	1.07	1.10	1
1791499737	riblt	1.03	1.07	1.09	1
1791499742	riblt	1.03	1.07	1.09	1
1791499747	riblt	1.03	1.07	1.09	1
1791499752	riblt	1.10	1.09	1.10	1
1791499757	riblt	1.10	1.08	1.10	1
1791499762	riblt	1.09	1.08	1.10	1
1791499767	riblt	1.08	1.08	1.09	1
1791499772	riblt	1.07	1.08	1.09	1
1791499777	riblt	1.15	1.10	1.10	1
1791499782	riblt	1.14	1.09	1.10	1
1791499787	riblt	1.12	1.09	1.10	1
1791499792	riblt	1.11	1.09	1.10	1
1791499797	riblt	1.10	1.09	1.09	1
1791499802	riblt	1.18	1.10	1.10	2
1791499807	riblt	1.16	1.10	1.10	1
1791499812	riblt	1.15	1.10	1.10	1
1791499817	riblt	1.14	1.10	1.10	1
1791499822	riblt	1.13	1.10	1.10	1
1791499827	riblt	1.12	1.09	1.09	1
1791499832	riblt	1.11	1.09	1.09	1
1791499837	riblt	1.10	1.09	1.09	1
1791499842	riblt	1.09	1.09	1.09	1
1791499847	riblt	1.08	1.09	1.09	1
1791499852	riblt	1.08	1.08	1.09	1
1791499857	riblt	1.07	1.08	1.09	2
1791499862	riblt	1.06	1.08	1.09	1
1791499867	riblt	1.06	1.08	1.09	1
1791499872	riblt	1.05	1.08	1.09	1
1791499877	riblt	1.05	1.08	1.09	1
1791499882	riblt	1.04	1.08	1.09	1
1791499887	riblt	1.04	1.07	1.09	1
1791499892	riblt	1.04	1.07	1.09	1
1791499897	riblt	1.03	1.07	1.09	1
1791499902	riblt	1.03	1.07	1.09	1
1791499907	riblt	1.03	1.07	1.08	1
1791499912	riblt	1.03	1.07	1.08	2
1791499917	riblt	1.02	1.07	1.08	1
1791499922	riblt	1.02	1.06	1.08	1
1791499927	riblt	1.02	1.06	1.08	1
1791499932	riblt	1.02	1.06	1.08	1
1791499937	riblt	1.02	1.06	1.08	1
1791499942	riblt	1.01	1.06	1.08	1
1791499947	riblt	1.01	1.06	1.08	1
1791499952	riblt	1.01	1.06	1.08	1
1791499957	riblt	1.09	1.07	1.09	3
1791499962	riblt	1.08	1.07	1.09	1
1791499967	riblt	1.08	1.07	1.08	1
1791499972	riblt	1.07	1.07	1.08	2
1791499977	riblt	1.14	1.08	1.09	1
1791499982	riblt	1.13	1.08	1.09	1
1791499987	riblt	1.20	1.10	1.09	1
1791499992	riblt	1.19	1.10	1.09	1
1791499997	riblt	1.33	1.13	1.10	1
1791500002	riblt	1.31	1.13	1.10	1
1791500007	riblt	1.28	1.12	1.10	1
1791500012	riblt	1.26	1.12	1.10	1
1791500017	riblt	1.24	1.12	1.10	2
1791500022	riblt	1.22	1.12	1.10	1
1791500027	riblt	1.20	1.11	1.10	2
1791500032	riblt	1.18	1.11	1.10	1
1791500037	riblt	1.17	1.11	1.10	1
1791500042	riblt	1.16	1.11	1.10	2
1791500047	riblt	1.14	1.11	1.09	2
1791500052	riblt	1.13	1.10	1.09	1
1791500057	riblt	1.12	1.10	1.09	1
1791500062	riblt	1.11	1.10	1.09	1
1791500067	riblt	1.10	1.10	1.09	1
1791500072	riblt	1.09	1.10	1.09	1
1791500077	riblt	1.08	1.09	1.09	1
1791500082	riblt	1.08	1.09	1.09	2
1791500087	riblt	1.07	1.09	1.09	1
1791500092	riblt	1.07	1.09	1.09	1
1791500097	riblt	1.06	1.09	1.09	1
1791500102	riblt	1.06	1.08	1.09	1
1791500107	riblt	1.05	1.08	1.09	1
1791500112	riblt	1.05	1.08	1.09	1
1791500117	riblt	1.04	1.08	1.09	1
1791500122	riblt	1.04	1.08	1.08	1
1791500127	riblt	1.04	1.08	1.08	1
1791500132	riblt	1.03	1.08	1.08	1
1791500137	riblt	1.03	1.07	1.08	1
1791500142	riblt	1.03	1.07	1.08	1
1791500147	riblt	1.02	1.07	1.08	1
1791500152	riblt	1.02	1.07	1.08	1
1791500157	riblt	1.02	1.07	1.08	1
1791500162	riblt	1.02	1.07	1.08	1
1791500167	riblt	1.02	1.07	1.08	1
1791500172	riblt	1.02	1.06	1.08	1
1791500177	riblt	1.01	1.06	1.08	1
1791500182	riblt	1.01	1.06	1.08	1
1791500187	riblt	1.01	1.06	1.08	1
1791500192	riblt	1.01	1.06	1.08	1
1791500197	riblt	1.01	1.06	1.08	1
1791500202	riblt	1.01	1.06	1.08	1
1791500207	riblt	1.01	1.06	1.08	1
1791500212	riblt	1.09	1.07	1.08	2
1791500217	riblt	1.08	1.07	1.08	1
1791500222	riblt	1.07	1.07	1.08	1
1791500227	riblt	1.07	1.07	1.08	1
1791500232	riblt	1.06	1.07	1.08	2
1791500237	riblt	1.06	1.06	1.08	1
1791500242	riblt	1.05	1.06	1.08	2
1791500247	riblt	1.05	1.06	1.08	1
1791500252	riblt	1.04	1.06	1.08	1
1791500257	riblt	1.04	1.06	1.08	1
1791500262	riblt	1.04	1.06	1.08	1
1791500267	riblt	1.03	1.06	1.08	1
1791500272	riblt	1.03	1.06	1.08	1
1791500277	riblt	1.03	1.05	1.08	1
1791500282	riblt	1.02	1.05	1.08	1
1791500287	riblt	1.02	1.05	1.07	1
1791500292	riblt	1.02	1.05	1.07	1
1791500297	riblt	1.02	1.05	1.07	1
1791500302	riblt	1.02	1.05	1.07	1
1791500307	riblt	1.18	1.08	1.08	1
1791500312	riblt	1.16	1.08	1.08	1
1791500317	riblt	1.15	1.08	1.08	1
1791500322	riblt	1.14	1.08	1.08	1
1791500327	riblt	1.12	1.08	1.08	1
1791500332	riblt	1.11	1.08	1.08	1
1791500337	riblt	1.11	1.07	1.08	1
1791500342	riblt	1.10	1.07	1.08	2
1791500347	riblt	1.09	1.07	1.08	1
1791500352	riblt	1.08	1.07	1.08	1
1791500357	riblt	1.07	1.07	1.08	1
1791500362	riblt	1.07	1.07	1.08	1
1791500367	riblt	1.06	1.06	1.08	1
1791500372	riblt	1.06	1.06	1.08	1
1791500377	riblt	1.05	1.06	1.08	1
1791500382	riblt	1.05	1.06	1.08	1
1791500387	riblt	1.04	1.06	1.08	1
1791500392	riblt	1.04	1.06	1.08	1
1791500397	riblt	1.04	1.06	1.08	1
1791500402	riblt	1.03	1.06	1.07	1
1791500407	riblt	1.03	1.05	1.07	1
1791500412	riblt	1.03	1.05	1.07	2
1791500417	riblt	1.03	1.05	1.07	1
1791500422	riblt	1.02	1.05	1.07	2
1791500427	riblt	1.02	1.05	1.07	1
1791500432	riblt	1.02	1.05	1.07	1
1791500437	riblt	1.02	1.05	1.07	1
1791500442	riblt	1.02	1.05	1.07	1
1791500447	riblt	1.09	1.06	1.08	1
1791500452	riblt	1.09	1.06	1.08	1
1791500457	riblt	1.16	1.08	1.08	1
1791500462	riblt	1.15	1.08	1.08	1
1791500467	riblt	1.13	1.08	1.08	1
1791500472	riblt	1.12	1.07	1.08	1
1791500477	riblt	1.11	1.07	1.08	1
1791500482	riblt	1.10	1.07	1.08	1
1791500487	riblt	1.10	1.07	1.08	1
1791500493	riblt	1.09	1.07	1.08	1
1791500498	riblt	1.16	1.08	1.08	1
1791500503	riblt	1.15	1.08	1.08	2
1791500508	riblt	1.14	1.08	1.08	1
1791500513	riblt	1.12	1.08	1.08	1
1791500518	riblt	1.11	1.08	1.08	1
1791500523	riblt	1.10	1.08	1.08	1
1791500528	riblt	1.18	1.09	1.09	1
1791500533	riblt	1.16	1.09	1.09	1
1791500538	riblt	1.23	1.10	1.09	2
1791500543	riblt	1.21	1.10	1.09	1
1791500548	riblt	1.19	1.10	1.09	1
1791500553	riblt	1.18	1.10	1.09	1
1791500558	riblt	1.16	1.10	1.09	2
1791500563	riblt	1.15	1.10	1.09	1
1791500568	riblt	1.22	1.11	1.09	1
1791500573	riblt	1.20	1.11	1.09	1
1791500578	riblt	1.18	1.11	1.09	1
1791500583	riblt	1.17	1.10	1.09	1
1791500588	riblt	1.16	1.10	1.09	1
1791500593	riblt	1.14	1.10	1.09	1
1791500598	riblt	1.21	1.12	1.10	2
1791500603	riblt	1.20	1.11	1.09	1
1791500608	riblt	1.18	1.11	1.09	2
1791500613	riblt	1.16	1.11	1.09	1
1791500618	riblt	1.15	1.11	1.09	1
1791500623	riblt	1.14	1.11	1.09	1
1791500628	riblt	1.13	1.10	1.09	1
1791500633	riblt	1.12	1.10	1.09	1
1791500638	riblt	1.11	1.10	1.09	2
1791500643	riblt	1.10	1.10	1.09	2
1791500648	riblt	1.09	1.10	1.09	1
1791500653	riblt	1.08	1.09	1.09	1
1791500658	riblt	1.08	1.09	1.09	1
1791500663	riblt	1.07	1.09	1.09	1
1791500668	riblt	1.06	1.09	1.09	1
1791500673	riblt	1.06	1.09	1.09	1
1791500678	riblt	1.05	1.08	1.08	1
1791500683	riblt	1.05	1.08	1.08	1
1791500688	riblt	1.13	1.10	1.09	1
1791500693	riblt	1.20	1.11	1.10	1
1791500698	riblt	1.18	1.11	1.09	1
1791500703	riblt	1.17	1.11	1.09	1
1791500708	riblt	1.15	1.11	1.09	1
1791500713	riblt	1.14	1.11	1.09	1
1791500718	riblt	1.29	1.14	1.10	1
1791500723	riblt	1.27	1.14	1.10	1
1791500728	riblt	1.24	1.13	1.10	1
1791500733	riblt	1.22	1.13	1.10	1
1791500738	riblt	1.21	1.13	1.10	1
1791500743	riblt	1.27	1.14	1.10	1
1791500748	riblt	1.41	1.17	1.11	1
1791500753	riblt	1.38	1.17	1.11	1
1791500758	riblt	1.35	1.17	1.11	2
1791500763	riblt	1.32	1.17	1.11	1
1791500768	riblt	1.29	1.16	1.11	1
1791500773	riblt	1.27	1.16	1.11	1
1791500778	riblt	1.25	1.16	1.11	1
1791500783	riblt	1.23	1.15	1.11	1
1791500788	riblt	1.21	1.15	1.10	1
1791500793	riblt	1.27	1.16	1.11	1
1791500798	riblt	1.25	1.16	1.11	1
1791500803	riblt	1.39	1.19	1.12	1
1791500808	riblt	1.44	1.21	1.12	1
1791500813	riblt	1.40	1.20	1.12	1
1791500818	riblt	1.37	1.20	1.12	1
1791500823	riblt	1.34	1.20	1.12	1
1791500828	riblt	1.31	1.19	1.12	1
1791500833	riblt	1.29	1.19	1.12	1
1791500838	riblt	1.43	1.22	1.13	1
1791500843	riblt	1.47	1.23	1.13	1
1791500848	riblt	1.51	1.25	1.14	1
1791500853	riblt	1.55	1.26	1.14	1
1791500858	riblt	1.51	1.25	1.14	1
1791500863	riblt	1.47	1.25	1.14	1
1791500868	riblt	1.43	1.25	1.14	2
1791500873	riblt	1.40	1.24	1.14	1
1791500878	riblt	1.36	1.24	1.14	1
1791500883	riblt	1.33	1.23	1.14	1
1791500888	riblt	1.31	1.23	1.14	1
1791500893	riblt	1.28	1.22	1.14	1
1791500898	riblt	1.26	1.22	1.14	1
1791500903	riblt	1.24	1.22	1.13	1
1791500908	riblt	1.22	1.21	1.13	1
1791500913	riblt	1.20	1.21	1.13	2
1791500918	riblt	1.18	1.20	1.13	2
1791500923	riblt	1.17	1.20	1.13	2
1791500928	riblt	1.24	1.21	1.14	1
1791500933	riblt	1.22	1.21	1.13	1
1791500938	riblt	1.28	1.22	1.14	1
1791500943	riblt	1.26	1.22	1.14	1
1791500948	riblt	1.24	1.22	1.14	1
1791500953	agm	1.22	1.21	1.14	1
1791500958	agm	1.20	1.21	1.14	1
1791500963	agm	1.26	1.22	1.14	1
1791500968	agm	1.24	1.22	1.14	1
1791500973	agm	1.22	1.21	1.14	1
1791500978	agm	1.21	1.21	1.14	1
1791500983	agm	1.19	1.21	1.14	1
1791500988	agm	1.17	1.20	1.14	1
1791500993	agm	1.16	1.20	1.13	1
1791500998	agm	1.15	1.20	1.13	1
1791501003	agm	1.13	1.19	1.13	2
1791501008	agm	1.12	1.19	1.13	1
1791501013	agm	1.11	1.18	1.13	1
1791501018	agm	1.10	1.18	1.13	1
1791501023	agm	1.10	1.18	1.13	1
1791501028	agm	1.09	1.17	1.13	1
1791501033	agm	1.08	1.17	1.13	1
1791501038	sieve	1.07	1.17	1.13	1
1791501043	sieve	1.07	1.17	1.12	16
1791501048	sieve	1.06	1.16	1.12	1
1791501053	sieve	1.06	1.16	1.12	0
1791501058	sieve	1.05	1.16	1.12	1
1791501063	sieve	1.05	1.15	1.12	9
1791501068	sieve	1.04	1.15	1.12	1
1791501073	sieve	1.12	1.17	1.12	1
1791501078	sieve	1.19	1.18	1.13	1
1791501083	sieve	1.17	1.18	1.13	1
1791501088	sieve	1.16	1.17	1.13	1
1791501093	sieve	1.15	1.17	1.13	1
1791501098	sieve	1.14	1.17	1.13	1
1791501103	sieve	1.12	1.16	1.12	1
1791501108	sieve	1.11	1.16	1.12	2
1791501113	sieve	1.10	1.16	1.12	1
1791501118	sieve	1.10	1.16	1.12	1
1791501123	sieve	1.09	1.15	1.12	1
1791501128	sieve	1.08	1.15	1.12	2
1791501133	sieve	1.23	1.18	1.13	1
1791501138	sieve	1.22	1.18	1.13	1
1791501143	sieve	1.20	1.17	1.13	1
1791501148	sieve	1.18	1.17	1.13	1
1791501153	sieve	1.17	1.17	1.13	1
1791501158	sieve	1.15	1.16	1.12	1
1791501163	sieve	1.14	1.16	1.12	1
1791501168	sieve	1.13	1.16	1.12	1
1791501173	sieve	1.12	1.16	1.12	1
1791501178	sieve	1.11	1.15	1.12	1
1791501183	sieve	1.10	1.15	1.12	1
1791501188	sieve	1.09	1.15	1.12	1
1791501193	sieve	1.08	1.14	1.12	1
1791501198	sieve	1.08	1.14	1.12	1
1791501203	sieve	1.07	1.14	1.12	1
1791501208	sieve	1.06	1.14	1.12	1
1791501213	sieve	1.06	1.13	1.11	1
1791501218	sieve	1.05	1.13	1.11	1
1791501223	sieve	1.05	1.13	1.11	1
1791501228	sieve	1.05	1.13	1.11	2
1791501233	sieve	1.04	1.12	1.11	1
1791501238	sieve	1.04	1.12	1.11	1
1791501243	sieve	1.04	1.12	1.11	1
1791501248	sieve	1.03	1.12	1.11	1
1791501253	sieve	1.03	1.12	1.11	1
1791501258	sieve	1.03	1.11	1.11	1
1791501263	sieve	1.02	1.11	1.10	1
1791501268	sieve	1.02	1.11	1.10	1
1791501273	sieve	1.02	1.11	1.10	1
1791501278	curvegen	1.02	1.11	1.10	1
1791501283	curvegen	1.02	1.10	1.10	2
1791501288	curvegen	1.02	1.10	1.10	1
1791501293	curvegen	1.01	1.10	1.10	1
1791501298	curvegen	1.01	1.10	1.10	1
1791501303	curvegen	1.01	1.10	1.10	1
1791501308	curvegen	1.01	1.09	1.10	1
1791501313	curvegen	1.01	1.09	1.09	1
1791501318	curvegen	1.09	1.11	1.10	1
1791501323	curvegen	1.08	1.10	1.10	1
1791501328	curvegen	1.07	1.10	1.10	1
1791501333	curvegen	1.07	1.10	1.10	1
1791501338	curvegen	1.06	1.10	1.10	1
1791501343	curvegen	1.06	1.10	1.09	2
1791501348	curvegen	1.05	1.10	1.09	1
1791501353	curvegen	1.05	1.09	1.09	1
1791501358	curvegen	1.04	1.09	1.09	1
1791501363	curvegen	1.04	1.09	1.09	1
1791501368	curvegen searches	1.12	1.10	1.10	2
1791501373	curvegen searches	1.27	1.14	1.11	1
1791501378	curvegen searches	1.25	1.13	1.11	1
1791501383	curvegen searches	1.23	1.13	1.10	1
1791501388	curvegen searches	1.29	1.15	1.11	2
1791501393	curvegen searches	1.26	1.14	1.11	1
1791501398	curvegen searches	1.24	1.14	1.11	1
1791501403	curvegen searches	1.22	1.14	1.11	1
1791501408	curvegen searches	1.21	1.14	1.11	1
1791501413	curvegen searches	1.19	1.13	1.10	1
1791501418	curvegen searches	1.17	1.13	1.10	1
1791501423	curvegen searches	1.16	1.13	1.10	1
1791501428	curvegen searches	1.15	1.13	1.10	2
1791501433	curvegen searches	1.13	1.12	1.10	1
1791501438	curvegen searches	1.12	1.12	1.10	1
1791501443	curvegen searches	1.11	1.12	1.10	1
1791501448	curvegen searches	1.10	1.12	1.10	1
1791501453	curvegen searches	1.10	1.11	1.10	1
1791501458	curvegen searches	1.09	1.11	1.10	1
1791501463	curvegen searches	1.08	1.11	1.09	2
1791501468	curvegen searches	1.07	1.11	1.09	1
1791501473	curvegen searches	1.07	1.11	1.09	1
1791501478	curvegen searches	1.06	1.10	1.09	1
1791501483	curvegen searches	1.06	1.10	1.09	1
1791501488	curvegen searches	1.05	1.10	1.09	1
1791501493	curvegen searches	1.05	1.10	1.09	1
1791501498	curvegen searches	1.04	1.10	1.09	1
1791501503	curvegen searches	1.04	1.10	1.09	2
1791501508	curvegen searches	1.04	1.09	1.09	1
1791501513	curvegen searches	1.03	1.09	1.09	1
1791501518	curvegen searches	1.03	1.09	1.09	1
1791501523	curvegen searches	1.03	1.09	1.09	1
1791501528	curvegen searches	1.02	1.09	1.09	1
1791501533	curvegen searches	1.02	1.08	1.09	1
1791501538	curvegen searches	1.02	1.08	1.09	2
1791501543	curvegen searches	1.02	1.08	1.08	1
1791501548	curvegen searches	1.02	1.08	1.08	1
1791501553	curvegen searches	1.10	1.10	1.09	1
1791501559	curvegen searches	1.09	1.09	1.09	1
1791501564	curvegen searches	1.08	1.09	1.09	1
1791501569	curvegen searches	1.07	1.09	1.09	1
1791501574	curvegen searches	1.07	1.09	1.09	1
1791501579	curvegen searches	1.06	1.09	1.09	1
1791501584	curvegen searches	1.06	1.08	1.09	1
1791501589	curvegen searches	1.05	1.08	1.09	1
1791501594	curvegen searches	1.05	1.08	1.09	1
1791501599	curvegen searches	1.04	1.08	1.09	1
1791501604	curvegen searches	1.04	1.08	1.08	1
1791501609	curvegen searches	1.04	1.08	1.08	1
1791501614	curvegen searches	1.03	1.08	1.08	1
1791501619	curvegen searches	1.11	1.09	1.09	1
1791501624	curvegen searches	1.10	1.09	1.09	1
1791501629	curvegen searches	1.09	1.09	1.09	1
1791501634	curvegen searches	1.08	1.09	1.09	1
1791501639	curvegen searches	1.08	1.08	1.09	1
1791501644	curvegen searches	1.07	1.08	1.09	2
1791501649	curvegen searches	1.07	1.08	1.09	1
1791501654	curvegen searches	1.06	1.08	1.09	1
1791501659	curvegen searches	1.06	1.08	1.09	1
1791501664	curvegen searches	1.05	1.08	1.08	3
1791501669	curvegen searches	1.05	1.08	1.08	1
1791501674	curvegen searches	1.04	1.07	1.08	2
1791501679	curvegen searches	1.04	1.07	1.08	1
1791501684	curvegen searches	1.04	1.07	1.08	1
1791501689	curvegen searches	1.03	1.07	1.08	1
1791501694	curvegen searches	1.03	1.07	1.08	1
1791501699	curvegen searches	1.03	1.07	1.08	1
1791501704	curvegen searches	1.02	1.07	1.08	1
1791501709	curvegen searches	1.02	1.06	1.08	1
1791501714	curvegen searches	1.02	1.06	1.08	1
1791501719	curvegen searches	1.02	1.06	1.08	1
1791501724	curvegen searches	1.02	1.06	1.08	1
1791501729	curvegen searches	1.02	1.06	1.08	2
1791501734	idle after	1.01	1.06	1.08	0
1791501739	idle after	0.93	1.04	1.07	0
1791501744	idle after	0.86	1.02	1.07	0
1791501749	idle after	0.79	1.01	1.06	0
1791501754	idle after	0.72	0.99	1.05	0
1791501759	idle after	0.67	0.97	1.05	0
