group,function,parameter,stat,estimate_ns,ci_lo_ns,ci_hi_ns,confidence,elements,bytes
add,"edwards107/+= montgomery affine, 8 accumulators",,slope,29825.440012082858,29814.696530403984,29839.313697386482,0.95,1024,
add,edwards107/batch montgomery affine (tree sum),,slope,25066.894183094428,25049.214711102315,25084.716961544687,0.95,1024,
add,"edwards127/+= montgomery affine, 8 accumulators",,slope,41076.16978808925,41064.64082014788,41091.534379119934,0.95,1024,
add,edwards127/batch montgomery affine (tree sum),,slope,31018.35368599453,30975.58666324538,31063.98626480378,0.95,1024,
add,gf2_109/batch affine (tree sum),,slope,15236.704650532562,15228.82171972364,15244.602435291687,0.95,1024,
add,"gf2_109/extended += affine, 8 accumulators",,slope,16409.123062548,16404.57490570314,16416.124709055875,0.95,1024,
add,"gf2_109/normalize, batched",,slope,9983.263041318161,9975.082361899742,9993.555668546327,0.95,1024,
add,"gf2_122-gls/extended += affine, 8 accumulators",,slope,20560.365096340887,20553.383754319537,20570.55108404138,0.95,1024,
add,"gf2_122-gls/normalize, batched",,slope,13567.626778220656,13560.756302869835,13575.222972013646,0.95,1024,
add,gf2_122/batch affine (tree sum),,slope,16183.413339117253,16176.83505173884,16190.258590667867,0.95,1024,
add,"gf2_122/extended += affine, 8 accumulators",,slope,22718.504436234667,22714.29046425339,22722.877090367307,0.95,1024,
add,"gf2_122/normalize, batched",,slope,14551.209741220715,14546.735477057133,14556.240899783857,0.95,1024,
add,gf2_127/batch affine (tree sum),,slope,16394.16141002112,16333.058827664037,16452.9873398464,0.95,1024,
add,"gf2_127/extended += affine, 8 accumulators",,slope,19252.864835684486,19202.235450621258,19303.949963809195,0.95,1024,
add,"ristretto255/+=, 1 accumulator",,slope,65281.99964958623,65269.449868472984,65295.85042247534,0.95,1024,
add,"ristretto255/+=, 8 accumulators",,slope,66665.98505947983,66363.42644613718,67062.29903663152,0.95,1024,
add,"ristretto255/-=, 8 accumulators",,slope,65912.90268213389,65622.74515250309,66292.7834835115,0.95,1024,
add,secp256k1/combine_keys (jacobian += affine),,slope,90891.08477343257,90424.44406848503,91425.61627224677,0.95,1024,
add,weier107/batch affine (tree sum),,slope,23666.75641326606,23650.82980516848,23682.217617951268,0.95,1024,
add,weier127/batch affine (tree sum),,slope,29245.78988925495,29221.80134131507,29271.405271859167,0.95,1024,
add,"xor-sha256/xor 32B, 1 accumulator",,slope,384.45887190864863,383.8427691892321,385.0895649503455,0.95,1024,
add,"xor-sha256/xor 32B, 8 accumulators",,slope,722.4445350667207,721.0718182060308,723.8081564988174,0.95,1024,
agm,order,,slope,446011.5258686764,445235.5493219187,446767.96744279395,0.95,,
agm,tables,,slope,1634733.883858998,1630820.199357808,1643687.2956766917,0.95,,
agm,trace,,slope,424705.2396453377,424220.4356089213,425209.1430823872,0.95,,
curvegen/certify,gf2_127 agm+sieve/index 114,1,mean,23777391.66,23649585.0,23888911.932499997,0.95,,
curvegen/certify,gf2_127 agm+sieve/index 14,3,mean,2447874.590243903,2435267.780487805,2457970.2195121953,0.95,,
curvegen/certify,gf2_127 agm+sieve/index 30,0,mean,4772053.976190476,4735445.594761905,4810332.467023809,0.95,,
curvegen/certify,gf2_127 agm+sieve/index 54,2,mean,11717820.833333336,11664831.598055555,11760727.635555556,0.95,,
curvegen/count,edwards127,,mean,53813783.25,53675458.25,53940599.95,0.95,,
curvegen/count,edwards61x2,,mean,40309041.7,40109291.733333334,40485971.10999999,0.95,,
curvegen/count,gf2_127,,mean,2099811.2041666666,2083182.9916666665,2112932.991666666,0.95,,
curvegen/count,twisted-goldilocks2,,mean,49274847.233333334,49139436.13333333,49417012.53333333,0.95,,
curvegen/count,twisted61x2,,mean,44720444.46666667,44590541.850833334,44828284.766666666,0.95,,
curvegen/count,twisted64x2,,mean,51327958.3,51242705.99375,51421313.22875,0.95,,
curvegen/count,weier127,,mean,62007952.1,61839003.48375,62193131.35,0.95,,
curvegen/count,weier61x2,,mean,39463604.13333333,39337620.05083333,39585920.83333333,0.95,,
curvegen/embedding,edwards107,0,slope,30314.020468051083,30226.16878268788,30417.789762161105,0.95,,
curvegen/embedding,edwards127,0,slope,30624.604132428507,30511.045602646293,30669.399311569377,0.95,,
curvegen/embedding,edwards61x2,0,slope,30130.619901837294,29802.740203402413,30456.73037757437,0.95,,
curvegen/embedding,gf2_109,0,slope,30288.187267549725,30178.8138371035,30421.686930661235,0.95,,
curvegen/embedding,gf2_122,0,slope,30309.606712486177,30096.523600474702,30453.319558462434,0.95,,
curvegen/embedding,gf2_122-gls,0,slope,30741.020950044895,30682.32501508424,30799.556104627853,0.95,,
curvegen/embedding,gf2_127,0,slope,30527.069417957457,30430.040823920266,30607.17547329009,0.95,,
curvegen/embedding,twisted-goldilocks2,0,slope,30128.718514044096,30016.155897214037,30236.841105155927,0.95,,
curvegen/embedding,twisted128,0,slope,30382.513913419913,30189.46240766861,30575.755248183148,0.95,,
curvegen/embedding,twisted61x2,0,slope,29601.9898589859,29482.633717470108,29702.745864188357,0.95,,
curvegen/embedding,twisted64x2,0,slope,30374.766449497347,30293.878907881175,30436.77081379313,0.95,,
curvegen/embedding,weier107,0,slope,30588.44981974547,30365.443688066403,30712.63510858316,0.95,,
curvegen/embedding,weier127,0,slope,30291.619017316018,30223.217755227553,30374.657471698112,0.95,,
curvegen/embedding,weier61x2,0,slope,30505.123234240844,30275.6558809395,30694.662036506663,0.95,,
curvegen/find,gf2_127 agm+sieve/index 114,1,mean,23561944.159999996,23473803.32,23654813.3,0.95,,
curvegen/find,gf2_127 agm+sieve/index 14,3,mean,2379737.211627907,2371449.032325581,2387722.6720930235,0.95,,
curvegen/find,gf2_127 agm+sieve/index 30,0,mean,4712647.159090909,4678022.480681819,4747451.713636363,0.95,,
curvegen/find,gf2_127 agm+sieve/index 54,2,mean,11668641.222222222,11604648.671944443,11727020.86722222,0.95,,
curvegen/verify_accept,edwards107,0,slope,57595.18750773036,57236.962517051994,57966.95828688765,0.95,,
curvegen/verify_accept,edwards127,0,slope,61005.30993073593,60676.35788437593,61216.766428098075,0.95,,
curvegen/verify_accept,edwards61x2,0,slope,61159.35624375624,60700.48088867706,61451.15565217391,0.95,,
curvegen/verify_accept,gf2_109,0,slope,55161.13025118594,54728.52316771107,55376.26076473008,0.95,,
curvegen/verify_accept,gf2_122,0,slope,55161.21675363911,54787.43067033239,55415.91519688205,0.95,,
curvegen/verify_accept,gf2_122-gls,0,slope,58587.11108698376,58131.36326708441,58904.43838536103,0.95,,
curvegen/verify_accept,gf2_127,0,slope,56083.75291211856,55917.56323737612,56178.85127563588,0.95,,
curvegen/verify_accept,twisted-goldilocks2,0,slope,59887.38659569938,59425.38601538976,60407.0236619912,0.95,,
curvegen/verify_accept,twisted128,0,slope,63851.5831260289,63644.0417094859,63987.837187130615,0.95,,
curvegen/verify_accept,twisted61x2,0,slope,60284.62371316391,59922.776700822404,60543.005335157315,0.95,,
curvegen/verify_accept,twisted64x2,0,slope,64332.38108651911,63715.718169946835,64737.88471871692,0.95,,
curvegen/verify_accept,weier107,0,slope,59701.86777013836,59448.658771573864,59828.02552770129,0.95,,
curvegen/verify_accept,weier127,0,slope,67551.15191919192,67159.39685384309,67932.38802164915,0.95,,
curvegen/verify_accept,weier61x2,0,slope,63116.312676942434,62574.6338156653,63659.38790556816,0.95,,
curvegen/verify_full,edwards107/28 rejections,0,slope,142444.23104707792,142107.08577218532,142867.0526779263,0.95,,
curvegen/verify_full,edwards127/56 rejections,0,slope,255688.69895382394,253945.3719627878,257726.59580413747,0.95,,
curvegen/verify_full,edwards61x2/118 rejections,0,slope,317767.0657859382,316111.04479768785,319591.07812047214,0.95,,
curvegen/verify_full,gf2_109/198 rejections,0,slope,190053.42884483936,187853.26223047738,191578.05182854043,0.95,,
curvegen/verify_full,gf2_122-gls/60 rejections,0,slope,114012.534580947,113377.53078187797,114578.08006829355,0.95,,
curvegen/verify_full,gf2_122/4 rejections,0,slope,57134.230346456054,56814.6621943249,57500.873608754424,0.95,,
curvegen/verify_full,gf2_127/30 rejections,0,slope,75326.60991735537,74882.38402581935,75772.66199532583,0.95,,
curvegen/verify_full,twisted-goldilocks2/32 rejections,0,slope,143626.124041313,142799.52271781288,144195.2713428158,0.95,,
curvegen/verify_full,twisted128/4 rejections,0,slope,73600.26193806194,73402.7811089907,73877.70751915847,0.95,,
curvegen/verify_full,twisted61x2/344 rejections,0,slope,589390.895211039,584369.6292507637,592549.3293067227,0.95,,
curvegen/verify_full,twisted64x2/36 rejections,0,slope,160150.13340797133,158689.86364258346,161037.43725185664,0.95,,
curvegen/verify_full,weier107/519 rejections,0,slope,383866.0833874459,381662.5420833333,385327.9152900147,0.95,,
curvegen/verify_full,weier127/125 rejections,0,slope,158599.0380952381,157921.51395930492,159611.70988270512,0.95,,
curvegen/verify_full,weier61x2/123 rejections,0,slope,145721.39545454545,144656.8640101222,146712.58984719863,0.95,,
digest,edwards107/batch,,slope,803924.4963632333,802711.363076226,804978.6830251035,0.95,1024,
digest,edwards127/batch,,slope,1104784.789593616,1104221.384756223,1105432.8944734717,0.95,1024,
digest,gf2_109/batch,,slope,95222.9999819982,95159.38507214058,95295.3158552166,0.95,1024,
digest,gf2_122-gls/batch,,slope,92479.77068903905,92427.71042854323,92533.32048040522,0.95,1024,
digest,gf2_122/batch,,slope,92986.29885621398,90982.1559749685,95276.55496180657,0.95,1024,
digest,gf2_127/batch,,slope,90652.32641508926,90602.19813055184,90702.31059098568,0.95,1024,
digest,ristretto255/streaming,,mean,4930459.656363638,4923540.33534091,4937437.384704548,0.95,1024,
digest,secp256k1/try-and-increment + combine_keys,,mean,4701912.760909092,4696469.125295456,4707050.942,0.95,1024,
digest,weier107/batch,,slope,793700.0235968671,793229.6460692609,794167.1357295808,0.95,1024,
digest,weier127/batch,,slope,1071567.0555016994,1069462.342890803,1073763.3831078224,0.95,1024,
digest,xor-sha256,,slope,26332.79708336898,26185.48403477268,26485.558449812637,0.95,1024,
field,fp107 schoolbook/mul latency (dependent chain),,slope,205.09981927793365,204.6042362525688,205.60468247774548,0.95,64,
field,fp107 schoolbook/mul throughput (8 chains),,slope,73.65076813097582,73.61833170957206,73.689092154167,0.95,64,
field,fp107/add,,slope,524.9316549453395,517.1039129910749,535.1839675853519,0.95,1024,
field,fp107/batch invert (product tree),,slope,5350.605878814169,5348.308911990657,5353.31322485874,0.95,1024,
field,fp107/invert,,slope,488799.5034382543,487998.5512591973,489625.07491082296,0.95,1024,
field,fp107/mul latency (dependent chain),,slope,223.3070602028634,222.81922829611378,223.8002853366945,0.95,64,
field,fp107/mul throughput (8 chains),,slope,82.63262601156721,82.60183653657636,82.6729972614175,0.95,64,
field,fp107/neg,,slope,434.59036296082314,434.0009768618181,435.24533174260574,0.95,1024,
field,fp107/pack,,slope,681.3224728898309,681.0584968845683,681.6008981599914,0.95,1024,
field,fp107/pow_p34 (x^(2^105-1)),,slope,479966.27963844145,479165.4018466151,480980.6883056336,0.95,1024,
field,fp107/sqrt (x^(2^105)),,slope,348788.87055218953,348007.70131741045,349568.72842350806,0.95,1024,
field,fp107/sqrt_ratio,,slope,493372.7133707699,493126.26148076187,493674.12477416557,0.95,1024,
field,fp107/square latency (dependent chain),,slope,192.59539256583534,192.232849470068,192.98646373703133,0.95,64,
field,fp107/square throughput (8 chains),,slope,62.11842229761242,62.108038842862854,62.129869242746054,0.95,64,
field,fp107/unpack,,slope,523.4865026488765,522.8475430160424,524.2800876923537,0.95,1024,
field,fp127/add,,slope,852.0097078470311,851.4277266885194,852.6761048043072,0.95,1024,
field,fp127/batch invert (product tree),,slope,5775.403343517274,5773.723591543566,5777.236413969232,0.95,1024,
field,fp127/invert,,slope,532691.8271789567,530850.8009260636,534637.1607327764,0.95,1024,
field,fp127/mul latency (dependent chain),,slope,244.2251496221515,243.79177204817466,244.68692812552143,0.95,64,
field,fp127/mul throughput (8 chains),,slope,96.05904062605961,96.01824759142924,96.11167396571,0.95,64,
field,fp127/neg,,slope,674.219472557479,673.94045887969,674.515990145958,0.95,1024,
field,fp127/pack,,slope,350.1439934339654,349.94240032411443,350.37425183343544,0.95,1024,
field,fp127/pow_p34 (x^(2^125-1)),,slope,506056.0324057928,505327.6997268086,506829.19057369215,0.95,1024,
field,fp127/sqrt (x^(2^125)),,slope,481264.5838855229,479434.4159664697,483119.7790509453,0.95,1024,
field,fp127/sqrt_ratio,,slope,530234.1642544703,529233.1375789484,531245.0270746278,0.95,1024,
field,fp127/square latency (dependent chain),,slope,228.34694518994758,227.9553993697284,228.75546671851507,0.95,64,
field,fp127/square throughput (8 chains),,slope,113.95722833905545,113.77479434162515,114.1312818143634,0.95,64,
field,fp127/unpack,,slope,521.9909558332131,521.8429168362078,522.2202568577454,0.95,1024,
field,fp128/add,,slope,912.0711199206107,911.0867194413693,913.3386516800384,0.95,1024,
field,fp128/invert,,slope,955653.2857159746,954766.0499101393,956718.5971090919,0.95,1024,
field,fp128/mul latency (dependent chain),,slope,420.8978435777027,420.6939563692133,421.13445618012156,0.95,64,
field,fp128/mul throughput (8 chains),,slope,177.12325318918093,177.07266444918235,177.18727078859413,0.95,64,
field,fp128/neg,,slope,406.0862903070208,405.54004940347517,406.68427482450574,0.95,1024,
field,fp128/pack,,slope,349.79713358671177,349.71102509157424,349.88411477321966,0.95,1024,
field,fp128/sqrt,,slope,898943.5573104774,898500.3318028057,899485.2024686402,0.95,1024,
field,fp128/sqrt_ratio,,slope,954700.9095256391,954379.8490294646,955079.5259145355,0.95,1024,
field,fp128/square latency (dependent chain),,slope,407.400553909137,407.254556388987,407.5769174590872,0.95,64,
field,fp128/square throughput (8 chains),,slope,165.2614422816393,165.204480661939,165.3389204444637,0.95,64,
field,fp128/sub,,slope,618.6921449256361,618.1022805827398,619.4030426642996,0.95,1024,
field,fp128/unpack,,slope,522.7696260675567,522.4552385984798,523.207461046382,0.95,1024,
field,fp61x2/add,,slope,545.8301628875718,545.2940497779732,546.3622638445194,0.95,1024,
field,fp61x2/batch invert (product tree),,slope,4779.994225042912,4775.973165819511,4785.1571678507435,0.95,1024,
field,fp61x2/invert,,slope,162590.09992611202,162492.61561013767,162706.72887456778,0.95,1024,
field,fp61x2/mul latency (dependent chain),,slope,211.4818503889775,211.31138213221027,211.65460296866442,0.95,64,
field,fp61x2/mul throughput (8 chains),,slope,80.47011072001624,80.4207647364066,80.51703873836853,0.95,64,
field,fp61x2/neg,,slope,392.36695600534193,392.1606789562506,392.630403841839,0.95,1024,
field,fp61x2/pack,,slope,348.3371327516637,348.20346495387577,348.5045928353701,0.95,1024,
field,fp61x2/sqrt,,slope,283808.7137483375,283675.35074286314,283970.44374133187,0.95,1024,
field,fp61x2/sqrt_ratio,,slope,283987.78126348456,283827.8487049975,284162.6938518658,0.95,1024,
field,fp61x2/square latency (dependent chain),,slope,222.98399171348572,222.91389077472155,223.06517319716895,0.95,64,
field,fp61x2/square throughput (8 chains),,slope,89.29193721539058,89.24976157786784,89.33804201074551,0.95,64,
field,fp61x2/sub,,slope,559.5509756610221,558.8483574770554,560.2686374646833,0.95,1024,
field,fp61x2/unpack,,slope,739.5119845981653,739.2403355128172,739.8040440710217,0.95,1024,
field,fp64x2/add,,slope,577.8748186001915,574.2907203846095,581.7304465414522,0.95,1024,
field,fp64x2/batch invert (product tree),,slope,5911.87550293089,5908.915883242745,5915.338539416008,0.95,1024,
field,fp64x2/invert,,slope,287454.02153169794,286968.6283435547,288036.69154220866,0.95,1024,
field,fp64x2/mul latency (dependent chain),,slope,325.03415675901846,324.38418913672666,325.6375374427943,0.95,64,
field,fp64x2/mul throughput (8 chains),,slope,143.20332332850933,143.08429129912565,143.34023085939862,0.95,64,
field,fp64x2/neg,,slope,409.68103720553785,406.41646137199444,413.2258256632023,0.95,1024,
field,fp64x2/pack,,slope,349.7254350257678,349.6072980235826,349.87006849175225,0.95,1024,
field,fp64x2/sqrt,,slope,496466.4513802276,496154.57186913234,496888.44028131524,0.95,1024,
field,fp64x2/sqrt_ratio,,slope,492798.795311561,492501.2743796797,493086.4889256412,0.95,1024,
field,fp64x2/square latency (dependent chain),,slope,314.6463653753771,314.50110914649974,314.8476581558952,0.95,64,
field,fp64x2/square throughput (8 chains),,slope,143.01641544588122,142.7819448590927,143.26721303061052,0.95,64,
field,fp64x2/sub,,slope,546.5886568332753,543.7098635642304,549.6547277079997,0.95,1024,
field,fp64x2/unpack,,slope,564.2210630589827,563.8779998820047,564.6164829355573,0.95,1024,
field,gf2_109/batch invert (product tree),,slope,3577.9713261373013,3576.7397527973712,3579.4199095065696,0.95,1024,
field,gf2_109/halftrace,,slope,38105.607481101724,38090.26615124255,38121.580890395104,0.95,1024,
field,gf2_109/halftrace (byte tables),,slope,3404.442638364775,3400.798082861577,3408.74503197193,0.95,1024,
field,gf2_109/invert,,slope,349611.4548376927,347753.54845104675,351533.34171813674,0.95,1024,
field,gf2_109/mul latency (dependent chain),,slope,250.87674552838948,250.24510983989816,251.5209699361356,0.95,64,
field,gf2_109/mul throughput (8 chains),,slope,66.47351831520781,66.46194429761717,66.48671953927933,0.95,64,
field,gf2_109/normalize (to_u128),,slope,458.52212329225154,458.3718296948676,458.71565937546285,0.95,1024,
field,gf2_109/sqrt,,slope,2840.045011988646,2837.1607161126244,2843.6818971563234,0.95,1024,
field,gf2_109/square latency (dependent chain),,slope,138.66727029111198,138.3718731615097,138.9588629562908,0.95,64,
field,gf2_109/square throughput (8 chains),,slope,53.39788716242739,53.26990718237479,53.51173219492084,0.95,64,
field,gf2_109/trace,,slope,475.82114600336973,475.7236456807764,475.9443914819856,0.95,1024,
field,gf2_122/batch invert (product tree),,slope,4575.947472969596,4573.927906604907,4578.083720125282,0.95,1024,
field,gf2_122/invert,,slope,162895.55247102535,162648.05971132332,163148.8816097063,0.95,1024,
field,gf2_122/mul latency (dependent chain),,slope,313.7027504869464,313.5882598327458,313.86965460877565,0.95,64,
field,gf2_122/mul throughput (8 chains),,slope,77.55063583118779,77.37814954283992,77.72973798739108,0.95,64,
field,gf2_122/mul_base (by a GF(2^61) constant) latency (dependent chain),,slope,225.33807118441229,225.20742474930225,225.45312338150433,0.95,64,
field,gf2_122/mul_base (by a GF(2^61) constant) throughput (8 chains),,slope,73.05005977359221,73.03854779112667,73.06544714900129,0.95,64,
field,gf2_122/mul_u2 (by a^2 = 1 + a) latency (dependent chain),,slope,40.317085334035355,40.26344944179805,40.36610094343285,0.95,64,
field,gf2_122/mul_u2 (by a^2 = 1 + a) throughput (8 chains),,slope,12.64238832665407,12.6289247611963,12.656414675444488,0.95,64,
field,gf2_122/normalize (to_u128),,slope,663.8464766432197,661.3073563724682,666.7554124175067,0.95,1024,
field,"gf2_122/qsolve (z^2 + z = c, 2 base halftraces)",,slope,2749.9594506909243,2748.98804312071,2751.109945802837,0.95,1024,
field,gf2_122/sqrt,,slope,3019.1087980587286,3017.95793079413,3020.6432693022934,0.95,1024,
field,gf2_122/square latency (dependent chain),,slope,283.9455328052698,283.81087121086034,284.10489312807596,0.95,64,
field,gf2_122/square throughput (8 chains),,slope,69.52711129066537,69.50485053994808,69.56137733769334,0.95,64,
field,gf2_122/trace,,slope,353.79100988875894,352.68531902597584,355.0371428202616,0.95,1024,
field,gf2_127/batch invert (product tree),,slope,3690.559683968175,3683.1275430552414,3700.095469162672,0.95,1024,
field,gf2_127/halftrace,,slope,30697.20247126205,30646.90301481339,30748.560305827574,0.95,1024,
field,gf2_127/halftrace (byte tables),,slope,4206.416757356864,4205.570195768444,4207.409408463909,0.95,1024,
field,gf2_127/halftrace (nibble tables),,slope,17584.842647056535,17581.074794915115,17589.817300629184,0.95,1024,
field,gf2_127/invert,,slope,324727.05838702526,324155.49745385675,325343.25755250815,0.95,1024,
field,gf2_127/mul latency (dependent chain),,slope,240.19583824661808,239.24432809534105,241.34190591808348,0.95,64,
field,gf2_127/mul throughput (8 chains),,slope,77.52278145281748,77.38023012087507,77.68402260177916,0.95,64,
field,gf2_127/normalize (to_u128),,slope,415.0468605202396,414.8928890435072,415.2104824439114,0.95,1024,
field,gf2_127/sqrt,,slope,1286.2670524022028,1285.895265821361,1286.7287873730572,0.95,1024,
field,gf2_127/square latency (dependent chain),,slope,133.35473904598877,133.15856141608856,133.57563450609047,0.95,64,
field,gf2_127/square throughput (8 chains),,slope,44.847590747315834,44.79510516366529,44.89793382314665,0.95,64,
field,gf2_127/trace,,slope,335.7596161892334,335.6664971436475,335.86739407572503,0.95,1024,
field,goldilocks2/add,,slope,606.9996615429469,605.4698705506817,608.5183968584843,0.95,1024,
field,goldilocks2/batch invert (product tree),,slope,6007.5676017773,5987.5557272343685,6028.0323087353145,0.95,1024,
field,goldilocks2/invert,,slope,190181.9213719521,186396.14495972634,194416.21827857086,0.95,1024,
field,goldilocks2/mul latency (dependent chain),,slope,185.62374111499395,185.46811630878202,185.7680953128246,0.95,64,
field,goldilocks2/mul throughput (8 chains),,slope,87.19388143456668,86.33772366347922,88.02943633639661,0.95,64,
field,goldilocks2/neg,,slope,397.90796612112655,397.71037211648104,398.11269407303126,0.95,1024,
field,goldilocks2/pack,,slope,405.1129933356848,404.915766946337,405.3408353408659,0.95,1024,
field,goldilocks2/sqrt,,slope,744341.067490764,741552.7903405944,747257.1240811613,0.95,1024,
field,goldilocks2/sqrt_ratio,,slope,693077.5608231121,692051.3944220917,694149.108161276,0.95,1024,
field,goldilocks2/square latency (dependent chain),,slope,219.7218149634055,219.5101435085476,219.9050339864262,0.95,64,
field,goldilocks2/square throughput (8 chains),,slope,108.3532722097358,107.37407961858553,109.46432934833672,0.95,64,
field,goldilocks2/sub,,slope,607.142796345923,604.9060433150775,609.4908634327478,0.95,1024,
field,goldilocks2/unpack,,slope,567.7404711487528,567.4901627792885,568.001287354347,0.95,1024,
group.add,binary-lambda.109/mode=latency,,slope,24784.27826185902,24728.05637342187,24838.65249693502,0.95,1024,
group.add,binary-lambda.109/mode=throughput,,slope,12273.231037369076,12250.761469850886,12294.08674839032,0.95,1024,
group.add,binary-lambda.122-gls/mode=latency,,slope,23664.749892897606,23610.237708688495,23719.146712014408,0.95,1024,
group.add,binary-lambda.122-gls/mode=throughput,,slope,16963.169505501523,16936.043182863094,16990.560369150367,0.95,1024,
group.add,binary-lambda.122/mode=latency,,slope,23590.01780594904,23504.028809489813,23695.582694369048,0.95,1024,
group.add,binary-lambda.122/mode=throughput,,slope,16953.461685597853,16922.386074303715,16983.849099461546,0.95,1024,
group.add,binary-lambda.127/mode=latency,,slope,20658.273438993154,20616.75551427309,20699.38860402025,0.95,1024,
group.add,binary-lambda.127/mode=throughput,,slope,15277.888838685476,15248.428435220445,15304.54168194476,0.95,1024,
group.add,binary-u.109/mode=latency,,slope,19447.9097968515,19397.798678356794,19497.610437675212,0.95,1024,
group.add,binary-u.109/mode=throughput,,slope,9994.047342456037,9974.529605746857,10013.616480329905,0.95,1024,
group.add,binary-u.122-gls/mode=latency,,slope,19313.199756738017,19272.365129052418,19353.74781274062,0.95,1024,
group.add,binary-u.122-gls/mode=throughput,,slope,13408.950725304172,13383.82473531235,13433.132790600743,0.95,1024,
group.add,binary-u.122/mode=latency,,slope,19292.76116384945,19229.76063755481,19350.660548456148,0.95,1024,
group.add,binary-u.122/mode=throughput,,slope,13387.245237535097,13362.383240147721,13411.275551850229,0.95,1024,
group.add,binary-u.127/mode=latency,,slope,17897.368474793642,17830.8021412881,17956.703624280843,0.95,1024,
group.add,binary-u.127/mode=throughput,,slope,10909.44805844861,10887.753001025183,10930.384780518594,0.95,1024,
group.add,binary-w.109/mode=latency,,slope,24786.078453598344,24730.51479181469,24839.333347267715,0.95,1024,
group.add,binary-w.109/mode=throughput,,slope,12259.935149591245,12234.871706177533,12284.865734282854,0.95,1024,
group.add,binary-w.122-gls/mode=latency,,slope,23647.801772662886,23599.460624394163,23698.18164749336,0.95,1024,
group.add,binary-w.122-gls/mode=throughput,,slope,16960.680341537824,16937.96286394668,16983.904077199728,0.95,1024,
group.add,binary-w.122/mode=latency,,slope,23516.03057773368,23453.599451252394,23573.510135630437,0.95,1024,
group.add,binary-w.122/mode=throughput,,slope,16965.297462861894,16936.53488141092,16993.241414177075,0.95,1024,
group.add,binary-w.127/mode=latency,,slope,20635.730912578198,20596.732480991,20674.377441632256,0.95,1024,
group.add,binary-w.127/mode=throughput,,slope,15241.278517193166,15186.770805327533,15289.671354568773,0.95,1024,
group.add,binary.109/mode=latency,,slope,24901.75310780257,24824.35993527789,24977.299451090475,0.95,1024,
group.add,binary.109/mode=throughput,,slope,13155.173502873853,13130.157366642692,13179.270531337123,0.95,1024,
group.add,binary.122-gls/mode=latency,,slope,24308.426417225633,24222.216635794743,24400.915151719724,0.95,1024,
group.add,binary.122-gls/mode=throughput,,slope,17180.970565280662,17129.040797950805,17228.353255065085,0.95,1024,
group.add,binary.122/mode=latency,,slope,26752.857804204614,26681.854907408542,26816.69338639047,0.95,1024,
group.add,binary.122/mode=throughput,,slope,18254.072208982092,18225.15607215388,18282.090839111657,0.95,1024,
group.add,binary.127/mode=latency,,slope,22481.94463432015,22467.465478309,22494.850217918076,0.95,1024,
group.add,binary.127/mode=throughput,,slope,14391.643127196561,14387.434004171497,14396.428965757887,0.95,1024,
group.add,edwards.107/mode=latency,,slope,18821.447999029697,18761.203704621355,18876.824147009,0.95,1024,
group.add,edwards.107/mode=throughput,,slope,15847.28587927876,15800.399903559728,15887.607120759725,0.95,1024,
group.add,edwards.127/mode=latency,,slope,22742.242880019345,22704.898321555567,22779.786572992827,0.95,1024,
group.add,edwards.127/mode=throughput,,slope,20545.756827702266,20488.20461447537,20600.389457317382,0.95,1024,
group.add,edwards.61x2/mode=latency,,slope,23032.84972125328,22979.322280514905,23082.624613038715,0.95,1024,
group.add,edwards.61x2/mode=throughput,,slope,13654.571868313391,13634.911041925568,13673.023163650265,0.95,1024,
group.add,twisted.128/mode=latency,,slope,29451.582184041934,29394.507168036904,29511.093519276707,0.95,1024,
group.add,twisted.128/mode=throughput,,slope,24470.704865001244,24323.173566031,24603.740929443677,0.95,1024,
group.add,twisted.61x2/mode=latency,,slope,22840.132086193695,22793.81377022433,22884.57742155187,0.95,1024,
group.add,twisted.61x2/mode=throughput,,slope,12783.708282151094,12690.077171762061,12887.255949444843,0.95,1024,
group.add,twisted.64x2/mode=latency,,slope,29284.0929126644,29214.189895883705,29353.605548265303,0.95,1024,
group.add,twisted.64x2/mode=throughput,,slope,17653.995548572926,17623.608275466526,17681.51858881175,0.95,1024,
group.add,twisted.goldilocks2/mode=latency,,slope,19422.66853119377,19363.886803469537,19480.776483371275,0.95,1024,
group.add,twisted.goldilocks2/mode=throughput,,slope,15386.092964545134,15352.705273079588,15417.302025976933,0.95,1024,
group.add,weier-jacobian.107/mode=latency,,slope,36335.74936720218,36224.34642202842,36442.27373925612,0.95,1024,
group.add,weier-jacobian.107/mode=throughput,,slope,29362.15673901894,29301.796889569272,29417.95182832708,0.95,1024,
group.add,weier-jacobian.127/mode=latency,,slope,46434.39888496312,46213.03520463178,46709.362772246066,0.95,1024,
group.add,weier-jacobian.127/mode=throughput,,slope,38372.9116172375,38254.71344246813,38492.965423377296,0.95,1024,
group.add,weier-jacobian.61x2/mode=latency,,slope,38064.11280967591,37972.95823257081,38155.30505176541,0.95,1024,
group.add,weier-jacobian.61x2/mode=throughput,,slope,32404.522979640285,32329.946906526387,32475.32455313842,0.95,1024,
group.add,weier.107/mode=latency,,slope,33140.16589153244,33070.46866517917,33205.4508003697,0.95,1024,
group.add,weier.107/mode=throughput,,slope,31209.476594872172,31135.062784375554,31277.248741860523,0.95,1024,
group.add,weier.127/mode=latency,,slope,47770.224373183584,47665.06505673629,47874.08166857917,0.95,1024,
group.add,weier.127/mode=throughput,,slope,46486.68373295538,46378.826120574406,46593.40493214814,0.95,1024,
group.add,weier.61x2/mode=latency,,slope,37094.62668078748,37029.95075875936,37158.63709192141,0.95,1024,
group.add,weier.61x2/mode=throughput,,slope,27394.468649527316,27338.101032717455,27445.77200011236,0.95,1024,
group.decode,"binary-lambda.109/mode=batch,n=1024",,slope,14472.942709183313,14444.1645855855,14499.984164389452,0.95,1024,
group.decode,"binary-lambda.109/mode=batch,n=64",,slope,24159.777573230203,24093.003237076082,24217.909427786613,0.95,1024,
group.decode,"binary-lambda.109/mode=batch,n=8",,slope,84299.47718856214,84058.60529551574,84537.24501366423,0.95,1024,
group.decode,binary-lambda.109/mode=indep,,slope,390361.2680961529,389670.56321227725,391077.4976954165,0.95,1024,
group.decode,"binary-lambda.122-gls/mode=batch,n=1024",,slope,13543.800380662915,13526.728721743908,13560.91992043864,0.95,1024,
group.decode,"binary-lambda.122-gls/mode=batch,n=64",,slope,19905.752327294224,19871.344067412614,19939.153142081577,0.95,1024,
group.decode,"binary-lambda.122-gls/mode=batch,n=8",,slope,59119.485489964274,58969.60679485696,59268.72165995642,0.95,1024,
group.decode,binary-lambda.122-gls/mode=indep,,slope,191784.60804019507,191278.1246502518,192384.7548477528,0.95,1024,
group.decode,"binary-lambda.122/mode=batch,n=1024",,slope,13818.850840681083,13791.713061229233,13843.35767285634,0.95,1024,
group.decode,"binary-lambda.122/mode=batch,n=64",,slope,20258.386588214715,20227.996636365628,20287.760817003636,0.95,1024,
group.decode,"binary-lambda.122/mode=batch,n=8",,slope,58728.58674258295,58451.78526640557,58969.405123113815,0.95,1024,
group.decode,binary-lambda.122/mode=indep,,slope,200324.60126496232,199887.9030454405,200753.8589141894,0.95,1024,
group.decode,"binary-lambda.127/mode=batch,n=1024",,slope,14325.460686102726,14296.040744890766,14355.582549919513,0.95,1024,
group.decode,"binary-lambda.127/mode=batch,n=64",,slope,22623.94516497172,22580.25051726834,22664.918757342784,0.95,1024,
group.decode,"binary-lambda.127/mode=batch,n=8",,slope,78176.97100953723,77948.20507556484,78403.00080485134,0.95,1024,
group.decode,binary-lambda.127/mode=indep,,slope,373211.50754839665,372348.9597929773,374078.43202996906,0.95,1024,
group.decode,"binary-u.109/mode=batch,n=1024",,slope,18839.205057339866,18803.198931673625,18876.02929120188,0.95,1024,
group.decode,"binary-u.109/mode=batch,n=64",,slope,27376.311859924797,27239.46979060415,27495.36683160628,0.95,1024,
group.decode,"binary-u.109/mode=batch,n=8",,slope,89456.83824392887,89247.58390322537,89665.29487440195,0.95,1024,
group.decode,binary-u.109/mode=indep,,slope,407959.4569715778,406695.70539739996,409258.45005170983,0.95,1024,
group.decode,"binary-u.122-gls/mode=batch,n=1024",,slope,17197.46784710792,17167.428931878607,17224.73522667102,0.95,1024,
group.decode,"binary-u.122-gls/mode=batch,n=64",,slope,23122.68487488874,23079.279382035573,23163.736996860043,0.95,1024,
group.decode,"binary-u.122-gls/mode=batch,n=8",,slope,63625.929241724545,63370.68464732782,63866.598011352566,0.95,1024,
group.decode,binary-u.122-gls/mode=indep,,slope,211759.80030855624,211323.38068163526,212197.28160013232,0.95,1024,
group.decode,"binary-u.122/mode=batch,n=1024",,slope,19187.211514362687,19132.29763826702,19242.926638457473,0.95,1024,
group.decode,"binary-u.122/mode=batch,n=64",,slope,25841.632304585222,25772.221450487756,25915.101248740175,0.95,1024,
group.decode,"binary-u.122/mode=batch,n=8",,slope,67165.82265287424,66932.06796553632,67417.81749065858,0.95,1024,
group.decode,binary-u.122/mode=indep,,slope,227941.98388887246,227156.98268888955,228732.29800656758,0.95,1024,
group.decode,"binary-u.127/mode=batch,n=1024",,slope,18771.5756009045,18742.64237361073,18800.32433285358,0.95,1024,
group.decode,"binary-u.127/mode=batch,n=64",,slope,27569.917335435035,27520.96210803033,27619.02689310258,0.95,1024,
group.decode,"binary-u.127/mode=batch,n=8",,slope,84333.9671715679,84098.03582817382,84579.33105262971,0.95,1024,
group.decode,binary-u.127/mode=indep,,slope,385098.7012344219,384240.16414709925,385988.94134791836,0.95,1024,
group.decode,"binary-w.109/mode=batch,n=1024",,slope,15828.209817438033,15773.633727945,15877.363690736613,0.95,1024,
group.decode,"binary-w.109/mode=batch,n=64",,slope,25005.37877700606,24956.140066642827,25050.932856002513,0.95,1024,
group.decode,"binary-w.109/mode=batch,n=8",,slope,85891.37891138368,85705.9512967688,86082.9729879393,0.95,1024,
group.decode,binary-w.109/mode=indep,,slope,386944.295590365,385733.8337784536,388134.1258388953,0.95,1024,
group.decode,"binary-w.122-gls/mode=batch,n=1024",,slope,14650.743217821782,14621.87006900474,14678.417957654872,0.95,1024,
group.decode,"binary-w.122-gls/mode=batch,n=64",,slope,20544.854234445073,20501.916300276007,20582.784990056127,0.95,1024,
group.decode,"binary-w.122-gls/mode=batch,n=8",,slope,59793.494190144214,59661.37885127355,59925.73942450314,0.95,1024,
group.decode,binary-w.122-gls/mode=indep,,slope,195541.47351706814,195103.0165661828,195996.45963594524,0.95,1024,
group.decode,"binary-w.122/mode=batch,n=1024",,slope,14779.789976774911,14752.526928108358,14804.907179114649,0.95,1024,
group.decode,"binary-w.122/mode=batch,n=64",,slope,21126.070805871634,21089.67897149874,21161.384236276204,0.95,1024,
group.decode,"binary-w.122/mode=batch,n=8",,slope,60444.62070810769,60316.02607459696,60575.54369612765,0.95,1024,
group.decode,binary-w.122/mode=indep,,slope,197215.95475493817,196861.43167360727,197573.5528713789,0.95,1024,
group.decode,"binary-w.127/mode=batch,n=1024",,slope,15440.026834115788,15412.342227075977,15467.705974269153,0.95,1024,
group.decode,"binary-w.127/mode=batch,n=64",,slope,23505.341058007223,23458.723477188276,23545.13754697195,0.95,1024,
group.decode,"binary-w.127/mode=batch,n=8",,slope,80092.88222596083,79901.3722534607,80275.39906965526,0.95,1024,
group.decode,binary-w.127/mode=indep,,slope,370062.49908083346,369160.799269768,370966.289343088,0.95,1024,
group.decode,"binary.109/mode=batch,n=1024",,slope,14536.753579712287,14496.037042584796,14578.266468411353,0.95,1024,
group.decode,"binary.109/mode=batch,n=64",,slope,24060.350083655616,23979.152739494748,24129.740624128815,0.95,1024,
group.decode,"binary.109/mode=batch,n=8",,slope,84258.69215555883,84042.90144240789,84472.14859922038,0.95,1024,
group.decode,binary.109/mode=indep,,slope,389017.4813092951,388231.3710347815,389801.75405707577,0.95,1024,
group.decode,"binary.122-gls/mode=batch,n=1024",,slope,13519.363587960652,13494.41996831926,13542.472361956457,0.95,1024,
group.decode,binary.122-gls/mode=indep,,slope,199294.09891236885,198780.04241305313,199809.9122648554,0.95,1024,
group.decode,"binary.122/mode=batch,n=1024",,slope,13832.608157315732,13812.71470144431,13852.413191001246,0.95,1024,
group.decode,binary.122/mode=indep,,slope,201244.99971686123,200803.18190751426,201697.4310541757,0.95,1024,
group.decode,"binary.127/mode=batch,n=1024",,slope,14332.05085102071,14309.006379414885,14354.069345412478,0.95,1024,
group.decode,"binary.127/mode=batch,n=64",,slope,22638.42440419415,22601.79575642691,22672.65094181368,0.95,1024,
group.decode,"binary.127/mode=batch,n=8",,slope,78282.98367075513,78086.99312450334,78471.53989310544,0.95,1024,
group.decode,binary.127/mode=indep,,slope,375897.783089503,374917.5869678004,376857.8010137582,0.95,1024,
group.decode,"edwards.107/mode=batch,n=1024",,slope,362211.8632638786,361329.4538769602,363059.2522309775,0.95,1024,
group.decode,edwards.107/mode=indep,,slope,367793.42608738487,367266.484091904,368323.68638250796,0.95,1024,
group.decode,"edwards.127/mode=batch,n=1024",,slope,497509.47672676225,495352.10975198343,499517.1630253579,0.95,1024,
group.decode,edwards.127/mode=indep,,slope,500850.2959110389,499589.16514837206,502124.1456086859,0.95,1024,
group.decode,"edwards.61x2/mode=batch,n=1024",,slope,414035.6660785183,412973.1359125301,415114.0684183401,0.95,1024,
group.decode,edwards.61x2/mode=indep,,slope,415051.5829732526,414117.25531340815,416016.87423892086,0.95,1024,
group.decode,"twisted.128/mode=batch,n=1024",,slope,974550.2369971923,970602.4092934055,979270.2462447617,0.95,1024,
group.decode,twisted.128/mode=indep,,slope,972105.2263085563,968448.3679797145,975453.5266516943,0.95,1024,
group.decode,"twisted.61x2/mode=batch,n=1024",,slope,429858.7147963155,428776.318797914,430920.8692843499,0.95,1024,
group.decode,"twisted.61x2/mode=batch,n=64",,slope,428493.62683217577,427562.4594570821,429442.5783582013,0.95,1024,
group.decode,"twisted.61x2/mode=batch,n=8",,slope,432681.5998157726,431556.800133408,433728.58036960725,0.95,1024,
group.decode,twisted.61x2/mode=indep,,slope,435536.823909167,434981.6654425456,436116.70792749006,0.95,1024,
group.decode,"twisted.64x2/mode=batch,n=1024",,slope,735305.273290971,733718.0555283253,736771.2567929697,0.95,1024,
group.decode,twisted.64x2/mode=indep,,slope,737974.5286315945,736442.6595824993,739572.6578741645,0.95,1024,
group.decode,"twisted.goldilocks2/mode=batch,n=1024",,slope,1554552.1107226245,1550141.2082397654,1559190.3007429386,0.95,1024,
group.decode,twisted.goldilocks2/mode=indep,,slope,1568958.1399911335,1563544.888622304,1574266.950400386,0.95,1024,
group.decode,"weier-jacobian.107/mode=batch,n=1024",,slope,359976.52939264075,359074.6898967925,360859.08137770806,0.95,1024,
group.decode,weier-jacobian.107/mode=indep,,slope,359753.67194620956,358742.442894559,360733.47089846263,0.95,1024,
group.decode,"weier-jacobian.127/mode=batch,n=1024",,slope,497124.7351544259,495879.88627990393,498425.62901559606,0.95,1024,
group.decode,weier-jacobian.127/mode=indep,,slope,503555.70936308557,501910.60519714485,505265.3991067197,0.95,1024,
group.decode,"weier-jacobian.61x2/mode=batch,n=1024",,slope,422499.870588641,421587.70409602695,423445.1461092461,0.95,1024,
group.decode,weier-jacobian.61x2/mode=indep,,slope,426768.6481798926,425223.170795655,428455.179708849,0.95,1024,
group.decode,"weier.107/mode=batch,n=1024",,slope,360429.99027043005,359574.81067671155,361271.1447336906,0.95,1024,
group.decode,weier.107/mode=indep,,slope,366117.6693985518,365586.60270800703,366648.5700439241,0.95,1024,
group.decode,"weier.127/mode=batch,n=1024",,slope,496633.4217201123,494939.1079874232,498191.78426105075,0.95,1024,
group.decode,weier.127/mode=indep,,slope,500665.93234963797,499018.6520117866,502248.1802636258,0.95,1024,
group.decode,"weier.61x2/mode=batch,n=1024",,slope,422010.29545244074,420520.83027669106,423392.793547998,0.95,1024,
group.decode,weier.61x2/mode=indep,,slope,426362.19427121815,425475.4074634179,427290.5549396989,0.95,1024,
group.encode,"binary-lambda.109/mode=batch,n=1024",,slope,8328.64858518788,8312.688092607908,8343.54892923427,0.95,1024,
group.encode,"binary-lambda.109/mode=batch,n=64",,slope,17882.500335293123,17843.365852332943,17919.881890046552,0.95,1024,
group.encode,"binary-lambda.109/mode=batch,n=8",,slope,75075.35934978572,74856.05178014515,75284.8316675252,0.95,1024,
group.encode,binary-lambda.109/mode=indep,,slope,374771.7056489828,372791.9336519481,376822.7435138063,0.95,1024,
group.encode,"binary-lambda.122-gls/mode=batch,n=1024",,slope,11891.527793704743,11872.50733092907,11909.13247848869,0.95,1024,
group.encode,"binary-lambda.122-gls/mode=batch,n=64",,slope,18119.5968216344,18086.116725589553,18151.168227160175,0.95,1024,
group.encode,"binary-lambda.122-gls/mode=batch,n=8",,slope,54497.56698949235,54340.58098462541,54653.76468155855,0.95,1024,
group.encode,binary-lambda.122-gls/mode=indep,,slope,193854.9999783262,193464.37306344736,194251.53085875657,0.95,1024,
group.encode,"binary-lambda.122/mode=batch,n=1024",,slope,12214.441037168393,12195.505304576582,12232.475679049741,0.95,1024,
group.encode,"binary-lambda.122/mode=batch,n=64",,slope,18213.49592584333,18184.205751375852,18242.75664695365,0.95,1024,
group.encode,"binary-lambda.122/mode=batch,n=8",,slope,54016.43569489706,53836.33960552679,54193.44430475869,0.95,1024,
group.encode,binary-lambda.122/mode=indep,,slope,193669.62606571105,193285.9837191868,194023.21342819757,0.95,1024,
group.encode,"binary-lambda.127/mode=batch,n=1024",,slope,10365.805341463605,10315.584290583462,10417.631909620033,0.95,1024,
group.encode,"binary-lambda.127/mode=batch,n=64",,slope,18826.641773646246,18758.402515669615,18888.597290477846,0.95,1024,
group.encode,"binary-lambda.127/mode=batch,n=8",,slope,69801.98353440718,69662.86428315144,69940.69889359084,0.95,1024,
group.encode,binary-lambda.127/mode=indep,,slope,369728.8569912812,368398.0553465499,370920.89279941085,0.95,1024,
group.encode,"binary-u.109/mode=batch,n=1024",,slope,10114.595009153063,10078.744199365385,10153.951091962828,0.95,1024,
group.encode,"binary-u.109/mode=batch,n=64",,slope,19537.071357481665,19496.714535124487,19576.02479609547,0.95,1024,
group.encode,"binary-u.109/mode=batch,n=8",,slope,76338.52923781701,76115.95470285298,76554.68147708199,0.95,1024,
group.encode,binary-u.109/mode=indep,,slope,406700.5364159401,402958.91801607475,410851.644334044,0.95,1024,
group.encode,"binary-u.122-gls/mode=batch,n=1024",,slope,12603.342690981737,12580.10384554373,12626.872452875396,0.95,1024,
group.encode,"binary-u.122-gls/mode=batch,n=64",,slope,18574.526547077592,18546.86037424759,18601.354438566676,0.95,1024,
group.encode,"binary-u.122-gls/mode=batch,n=8",,slope,52416.412003142184,52303.81347146392,52535.046596712054,0.95,1024,
group.encode,binary-u.122-gls/mode=indep,,slope,200003.6950435939,199284.88947026394,200627.63635417097,0.95,1024,
group.encode,"binary-u.122/mode=batch,n=1024",,slope,12339.870518730148,12300.698538786113,12380.269145751965,0.95,1024,
group.encode,"binary-u.122/mode=batch,n=64",,slope,18514.18397161607,18471.369877805217,18553.131260497714,0.95,1024,
group.encode,"binary-u.122/mode=batch,n=8",,slope,51779.80626289346,51671.1645921425,51887.901382771444,0.95,1024,
group.encode,binary-u.122/mode=indep,,slope,211291.36500783212,210473.57153013948,212125.40105734102,0.95,1024,
group.encode,"binary-u.127/mode=batch,n=1024",,slope,9393.830627295058,9369.327288610159,9416.641282681743,0.95,1024,
group.encode,"binary-u.127/mode=batch,n=64",,slope,17582.657940158508,17541.340757191152,17625.089212559757,0.95,1024,
group.encode,"binary-u.127/mode=batch,n=8",,slope,67287.07241613713,67037.82565461028,67532.34049875077,0.95,1024,
group.encode,binary-u.127/mode=indep,,slope,363235.2030993547,362600.7850913353,363897.6695122857,0.95,1024,
group.encode,"binary-w.109/mode=batch,n=1024",,slope,10618.842814849284,10592.885155369395,10644.085491050027,0.95,1024,
group.encode,"binary-w.109/mode=batch,n=64",,slope,20187.25499447318,20148.795893672035,20223.589564504753,0.95,1024,
group.encode,"binary-w.109/mode=batch,n=8",,slope,78141.8157258642,77907.02281387112,78373.38936323508,0.95,1024,
group.encode,binary-w.109/mode=indep,,slope,367392.0922023546,365660.2972696182,369403.5086911101,0.95,1024,
group.encode,"binary-w.122-gls/mode=batch,n=1024",,slope,14796.650347708168,14774.296262573902,14818.89010232885,0.95,1024,
group.encode,"binary-w.122-gls/mode=batch,n=64",,slope,21101.28166911388,21054.133208657495,21147.252817561697,0.95,1024,
group.encode,"binary-w.122-gls/mode=batch,n=8",,slope,56819.96253205917,56723.08495299688,56919.74137937472,0.95,1024,
group.encode,binary-w.122-gls/mode=indep,,slope,209263.99486921827,208802.20659542156,209741.65729978986,0.95,1024,
group.encode,"binary-w.122/mode=batch,n=1024",,slope,14781.880703942972,14755.497904534708,14807.282651318137,0.95,1024,
group.encode,"binary-w.122/mode=batch,n=64",,slope,21100.481077902565,21061.081654300393,21141.209705228823,0.95,1024,
group.encode,"binary-w.122/mode=batch,n=8",,slope,56888.98549677356,56701.375249471435,57064.32509940357,0.95,1024,
group.encode,binary-w.122/mode=indep,,slope,209285.26759568494,208856.10300929498,209692.49544671678,0.95,1024,
group.encode,"binary-w.127/mode=batch,n=1024",,slope,10553.871884615264,10532.990022696693,10573.680694903876,0.95,1024,
group.encode,"binary-w.127/mode=batch,n=64",,slope,19038.489293574017,18998.346562768646,19078.295752529568,0.95,1024,
group.encode,"binary-w.127/mode=batch,n=8",,slope,69471.63394374661,69319.07508370726,69626.53429068031,0.95,1024,
group.encode,binary-w.127/mode=indep,,slope,369352.02036845475,368653.2556140784,370042.97542507,0.95,1024,
group.encode,"binary.109/mode=batch,n=1024",,slope,11212.213647227209,11193.899365914122,11228.925857689841,0.95,1024,
group.encode,"binary.109/mode=batch,n=64",,slope,20798.21791334171,20747.730721573458,20845.36793039227,0.95,1024,
group.encode,"binary.109/mode=batch,n=8",,slope,78442.20580532221,78219.27882521144,78671.94609310172,0.95,1024,
group.encode,binary.109/mode=indep,,slope,390564.31510763016,389893.36129764136,391268.8762604827,0.95,1024,
group.encode,"binary.122-gls/mode=batch,n=1024",,slope,15574.85542550244,15555.445120786248,15594.096906114595,0.95,1024,
group.encode,binary.122-gls/mode=indep,,slope,213674.84596542042,213214.33274008552,214159.35715721713,0.95,1024,
group.encode,"binary.122/mode=batch,n=1024",,slope,16031.713594197648,15968.541392704179,16109.500556039668,0.95,1024,
group.encode,binary.122/mode=indep,,slope,215932.04087187824,215177.67298779872,216636.5043284297,0.95,1024,
group.encode,"binary.127/mode=batch,n=1024",,slope,13423.178108309936,13355.71837548424,13488.29791141242,0.95,1024,
group.encode,"binary.127/mode=batch,n=64",,slope,22227.422739700836,22171.677730346593,22284.546689567946,0.95,1024,
group.encode,"binary.127/mode=batch,n=8",,slope,73369.02693111528,73149.68514008219,73573.34015519735,0.95,1024,
group.encode,binary.127/mode=indep,,slope,379607.12360770407,378480.0382719877,381362.6489073267,0.95,1024,
group.encode,"edwards.107/mode=batch,n=1024",,slope,20766.75506674548,20730.265643848576,20800.722856139,0.95,1024,
group.encode,edwards.107/mode=indep,,slope,518318.6335141126,516959.9147423114,519545.3385707423,0.95,1024,
group.encode,"edwards.127/mode=batch,n=1024",,slope,22479.28666003317,22445.91131487515,22513.499385152925,0.95,1024,
group.encode,edwards.127/mode=indep,,slope,562651.3791488104,560747.1280883595,564310.3333131722,0.95,1024,
group.encode,"edwards.61x2/mode=batch,n=1024",,slope,16639.796133737254,16603.046436043736,16674.50122973431,0.95,1024,
group.encode,edwards.61x2/mode=indep,,slope,185163.3045820403,184766.62736124836,185560.91798951567,0.95,1024,
group.encode,"twisted.128/mode=batch,n=1024",,slope,16366.962762102488,16336.647702408927,16396.700467676437,0.95,1024,
group.encode,twisted.128/mode=indep,,slope,961474.2539249298,959585.7951611587,963303.2274729297,0.95,1024,
group.encode,"twisted.61x2/mode=batch,n=1024",,slope,8268.112119846313,8247.316673365038,8287.238019286457,0.95,1024,
group.encode,"twisted.61x2/mode=batch,n=64",,slope,14180.117913854818,14144.066854407547,14211.421951133088,0.95,1024,
group.encode,"twisted.61x2/mode=batch,n=8",,slope,46475.8684589653,46407.38904710273,46542.05961508458,0.95,1024,
group.encode,twisted.61x2/mode=indep,,slope,182859.80065760307,182533.20011295396,183203.19952016335,0.95,1024,
group.encode,"twisted.64x2/mode=batch,n=1024",,slope,10588.013446041334,10564.614795999536,10609.503082446105,0.95,1024,
group.encode,twisted.64x2/mode=indep,,slope,297229.1340054677,296450.36341934046,298014.64859959425,0.95,1024,
group.encode,"twisted.goldilocks2/mode=batch,n=1024",,slope,11544.036322543396,11509.946903869059,11578.155788011587,0.95,1024,
group.encode,twisted.goldilocks2/mode=indep,,slope,201916.82535894783,198844.6383974042,205417.32353482555,0.95,1024,
group.encode,"weier-jacobian.107/mode=batch,n=1024",,slope,15674.142182789641,15640.506723442975,15714.511060655626,0.95,1024,
group.encode,weier-jacobian.107/mode=indep,,slope,514504.05547066644,513493.1250686674,515438.06431719306,0.95,1024,
group.encode,"weier-jacobian.127/mode=batch,n=1024",,slope,16072.435347694127,16049.860106518772,16093.60164758257,0.95,1024,
group.encode,weier-jacobian.127/mode=indep,,slope,545615.9435037683,542616.1919736726,548743.3425054663,0.95,1024,
group.encode,"weier-jacobian.61x2/mode=batch,n=1024",,slope,12005.256022084495,11987.068050504144,12024.218190215668,0.95,1024,
group.encode,weier-jacobian.61x2/mode=indep,,slope,183679.03438845376,183288.90241824224,184075.3026564235,0.95,1024,
group.encode,"weier.107/mode=batch,n=1024",,slope,11774.472341721379,11741.742070736565,11804.715443398185,0.95,1024,
group.encode,weier.107/mode=indep,,slope,508968.3222269839,508237.1881793681,509672.4025206954,0.95,1024,
group.encode,"weier.127/mode=batch,n=1024",,slope,10320.719740919776,10306.775274248585,10334.361857923586,0.95,1024,
group.encode,weier.127/mode=indep,,slope,548796.6138820748,547018.4750670054,550342.6528434713,0.95,1024,
group.encode,"weier.61x2/mode=batch,n=1024",,slope,8302.04293803261,8284.541078401238,8318.056933895856,0.95,1024,
group.encode,weier.61x2/mode=indep,,slope,173612.638657209,173107.96621656223,174060.6857681795,0.95,1024,
group.equals,binary-lambda.109/mode=match,,slope,1639.2744512853826,1634.7183754576026,1643.6019663286597,0.95,1024,
group.equals,binary-lambda.109/mode=mismatch,,slope,1639.4128431754414,1635.9024424198421,1642.8723563326569,0.95,1024,
group.equals,binary-lambda.122-gls/mode=match,,slope,3882.6896942884587,3874.806053169521,3890.2438664292986,0.95,1024,
group.equals,binary-lambda.122-gls/mode=mismatch,,slope,3882.9816339404465,3875.9995192762667,3889.691840808518,0.95,1024,
group.equals,binary-lambda.122/mode=match,,slope,3873.9870812865593,3864.524286528388,3882.4680212670983,0.95,1024,
group.equals,binary-lambda.122/mode=mismatch,,slope,3884.4926391466024,3878.8818577953357,3889.973171482759,0.95,1024,
group.equals,binary-lambda.127/mode=match,,slope,3934.535558041945,3924.7131504344516,3943.141904727706,0.95,1024,
group.equals,binary-lambda.127/mode=mismatch,,slope,3896.4132579578527,3881.759642581791,3909.4925521342448,0.95,1024,
group.equals,binary-u.109/mode=match,,slope,3545.7037203339737,3539.353694193128,3551.871279013205,0.95,1024,
group.equals,binary-u.109/mode=mismatch,,slope,3587.406863722482,3564.6702983262626,3610.530908276618,0.95,1024,
group.equals,binary-u.122-gls/mode=match,,slope,5443.442834020128,5430.26747263282,5455.087617009494,0.95,1024,
group.equals,binary-u.122-gls/mode=mismatch,,slope,5438.064560463386,5423.83266241444,5450.992655391424,0.95,1024,
group.equals,binary-u.122/mode=match,,slope,5442.530013332315,5432.187465264628,5452.2946841678995,0.95,1024,
group.equals,binary-u.122/mode=mismatch,,slope,5470.828902667035,5452.348858566195,5488.3214377905215,0.95,1024,
group.equals,binary-u.127/mode=match,,slope,4781.714322702936,4772.233214385796,4791.253613784045,0.95,1024,
group.equals,binary-u.127/mode=mismatch,,slope,4795.043086604573,4788.697116621055,4800.99295476366,0.95,1024,
group.equals,binary-w.109/mode=match,,slope,1860.3786449858337,1855.8892160776663,1864.265566787215,0.95,1024,
group.equals,binary-w.109/mode=mismatch,,slope,1862.2399882497386,1858.8651635055328,1865.5891172040883,0.95,1024,
group.equals,binary-w.122-gls/mode=match,,slope,3882.770829450366,3874.641695668798,3890.058636262279,0.95,1024,
group.equals,binary-w.122-gls/mode=mismatch,,slope,3877.4340357617853,3869.986586251775,3884.7663707279494,0.95,1024,
group.equals,binary-w.122/mode=match,,slope,3864.2890682263187,3855.9941771871463,3872.3079907116016,0.95,1024,
group.equals,binary-w.122/mode=mismatch,,slope,3879.6613607234467,3873.0830891910364,3885.7665474169676,0.95,1024,
group.equals,binary-w.127/mode=match,,slope,3955.7755560202354,3934.4897352729563,3982.999010777806,0.95,1024,
group.equals,binary-w.127/mode=mismatch,,slope,3928.0320136140804,3921.0015431296497,3934.342733113071,0.95,1024,
group.equals,binary.109/mode=match,,slope,2298.870259845791,2287.834489221049,2310.605292350556,0.95,1024,
group.equals,binary.109/mode=mismatch,,slope,2336.8816085744834,2332.7538649902303,2340.6062649190408,0.95,1024,
group.equals,binary.122-gls/mode=mismatch,,slope,3878.3784389315797,3871.4405692930154,3884.890026698305,0.95,1024,
group.equals,binary.122/mode=mismatch,,slope,3839.175306431312,3823.173755840239,3852.407825564941,0.95,1024,
group.equals,binary.127/mode=match,,slope,3051.3559755225147,3043.929362371715,3058.409769278536,0.95,1024,
group.equals,binary.127/mode=mismatch,,slope,2942.1379359950256,2940.620949713704,2944.1641363978424,0.95,1024,
group.equals,edwards.107/mode=mismatch,,slope,3125.3296911668663,3117.8273099054927,3132.834562822846,0.95,1024,
group.equals,edwards.127/mode=mismatch,,slope,2021.1261824229662,2015.5670831179636,2026.405727179691,0.95,1024,
group.equals,edwards.61x2/mode=mismatch,,slope,1688.037525404502,1680.23787631899,1695.9682301032617,0.95,1024,
group.equals,twisted.128/mode=mismatch,,slope,7689.967596967957,7668.643674628059,7709.025915053565,0.95,1024,
group.equals,twisted.61x2/mode=match,,slope,3400.546507163086,3394.143457289673,3406.755502821668,0.95,1024,
group.equals,twisted.61x2/mode=mismatch,,slope,3395.5602691951876,3387.9597287019883,3403.074644530851,0.95,1024,
group.equals,twisted.64x2/mode=mismatch,,slope,5516.044839630232,5500.60913236756,5533.648947216174,0.95,1024,
group.equals,twisted.goldilocks2/mode=mismatch,,slope,5036.017217674006,5003.420672318812,5066.963806893217,0.95,1024,
group.equals,weier-jacobian.107/mode=mismatch,,slope,6106.904402364053,6094.988867079684,6118.834641024724,0.95,1024,
group.equals,weier-jacobian.127/mode=mismatch,,slope,4640.540097297357,4631.41875720753,4648.933776479264,0.95,1024,
group.equals,weier-jacobian.61x2/mode=mismatch,,slope,3677.8875034860685,3651.636902041665,3707.7212962282983,0.95,1024,
group.equals,weier.107/mode=mismatch,,slope,3715.8868388395103,3703.004172770867,3727.0191500220308,0.95,1024,
group.equals,weier.127/mode=mismatch,,slope,2101.288609749628,2092.547509517944,2109.1856261526364,0.95,1024,
group.equals,weier.61x2/mode=mismatch,,slope,1738.4772802440607,1729.7800963977727,1746.5541259052313,0.95,1024,
group.is_identity,binary-lambda.109,,slope,570.7374278971445,568.2109093677942,573.1865896389309,0.95,1024,
group.is_identity,binary-lambda.122,,slope,793.016351228616,790.2534605012235,795.4146817995571,0.95,1024,
group.is_identity,binary-lambda.122-gls,,slope,793.8815433290772,792.4477187182308,795.1975891935077,0.95,1024,
group.is_identity,binary-lambda.127,,slope,857.1445223486869,855.0775537930068,859.1397633881393,0.95,1024,
group.is_identity,binary-u.109,,slope,569.9822328396958,567.7531617593206,572.1287425650194,0.95,1024,
group.is_identity,binary-u.122,,slope,792.0625447799463,789.8310896516372,794.1519786177165,0.95,1024,
group.is_identity,binary-u.122-gls,,slope,794.9642462238278,793.5496628219396,796.3395506226826,0.95,1024,
group.is_identity,binary-u.127,,slope,859.0256849557024,855.4880585484016,862.0066954749753,0.95,1024,
group.is_identity,binary-w.109,,slope,571.5425026359635,568.6121789479614,574.399994512295,0.95,1024,
group.is_identity,binary-w.122,,slope,792.5962530560332,789.6269944248266,795.2327642075068,0.95,1024,
group.is_identity,binary-w.122-gls,,slope,793.8852784035262,792.2315236881443,795.3838625347527,0.95,1024,
group.is_identity,binary-w.127,,slope,857.7805463955882,855.5060129659181,860.0409957264337,0.95,1024,
group.is_identity,binary.109,,slope,650.9898682640825,648.6296062800246,652.9540556923502,0.95,1024,
group.is_identity,binary.122,,slope,793.3485653918162,790.2547587310032,796.0484565062824,0.95,1024,
group.is_identity,binary.122-gls,,slope,789.7559876823551,786.9008708443969,792.1676970068725,0.95,1024,
group.is_identity,binary.127,,slope,825.7193728678633,825.4567246289236,826.0890097676212,0.95,1024,
group.is_identity,edwards.107,,slope,764.4890764245848,762.8089236005329,765.9919633733562,0.95,1024,
group.is_identity,edwards.127,,slope,389.2053359187186,386.58226480778654,391.5077334441839,0.95,1024,
group.is_identity,edwards.61x2,,slope,390.83897093270093,388.660468814358,392.7043213527842,0.95,1024,
group.is_identity,twisted.128,,slope,352.49385245924236,351.4030175680916,353.62389640893906,0.95,1024,
group.is_identity,twisted.61x2,,slope,351.83787981274526,350.08639634292416,353.6952327245483,0.95,1024,
group.is_identity,twisted.64x2,,slope,353.21881614046043,351.8537597773422,354.61135808325145,0.95,1024,
group.is_identity,twisted.goldilocks2,,slope,536.8811695369061,535.3467492514604,538.2076852702528,0.95,1024,
group.is_identity,weier-jacobian.107,,slope,861.3112743718305,859.5070181920356,863.0592780563535,0.95,1024,
group.is_identity,weier-jacobian.127,,slope,347.4690635204111,346.8598652570426,348.0519928267119,0.95,1024,
group.is_identity,weier-jacobian.61x2,,slope,536.7837127039785,535.7223941648213,537.769364181587,0.95,1024,
group.is_identity,weier.107,,slope,860.4708847709453,858.5717202020949,862.2114475481866,0.95,1024,
group.is_identity,weier.127,,slope,347.8208236396005,347.2874023547592,348.36899396723027,0.95,1024,
group.is_identity,weier.61x2,,slope,537.0820138124478,536.1600938083319,537.9211670263467,0.95,1024,
group.neg,binary-lambda.109,,slope,663.4705411222393,660.7470711421013,665.921429702968,0.95,1024,
group.neg,binary-lambda.122,,slope,667.9042153160502,666.4735083554176,669.2912060724298,0.95,1024,
group.neg,binary-lambda.122-gls,,slope,664.87835924687,662.5054183650786,667.052053248387,0.95,1024,
group.neg,binary-lambda.127,,slope,663.7454761714217,662.0588319306539,665.2726063845462,0.95,1024,
group.neg,binary-u.109,,slope,668.0157618190823,666.6947758120477,669.3158851585465,0.95,1024,
group.neg,binary-u.122,,slope,668.5347415454021,666.5289850681454,670.4253840511387,0.95,1024,
group.neg,binary-u.122-gls,,slope,667.7240158817347,666.2805403087741,669.0339985506878,0.95,1024,
group.neg,binary-u.127,,slope,652.527735358679,649.6288498908058,655.8762468996131,0.95,1024,
group.neg,binary-w.109,,slope,666.2749025209548,664.9993577706173,667.4616936464752,0.95,1024,
group.neg,binary-w.122,,slope,667.1057016723347,665.8354696453913,668.3684260240863,0.95,1024,
group.neg,binary-w.122-gls,,slope,665.2731941631974,662.8360424840926,667.4014146858298,0.95,1024,
group.neg,binary-w.127,,slope,666.5431912797081,665.4640509606975,667.5693824544277,0.95,1024,
group.neg,binary.109,,slope,1156.1771158288686,1154.009369143119,1158.3301679837557,0.95,1024,
group.neg,binary.122,,slope,1156.9579789207394,1154.9766870149135,1158.7884435276317,0.95,1024,
group.neg,binary.122-gls,,slope,1148.7662392666734,1142.1678878837417,1155.4017964260788,0.95,1024,
group.neg,binary.127,,slope,1110.4695039487922,1109.950709010611,1111.0910631366917,0.95,1024,
group.neg,edwards.107,,slope,846.9154156468751,842.5562524072088,851.0268229779444,0.95,1024,
group.neg,edwards.127,,slope,1370.2375579058712,1365.2487040935443,1374.9148068006289,0.95,1024,
group.neg,edwards.61x2,,slope,899.6860892792154,897.5983691829481,901.6444359892903,0.95,1024,
group.neg,twisted.128,,slope,874.0020092580213,870.8671665670056,876.8385977467192,0.95,1024,
group.neg,twisted.61x2,,slope,931.2177617081554,925.5106107874246,937.431983777698,0.95,1024,
group.neg,twisted.64x2,,slope,928.2663571749405,925.8580088999345,930.3742106898303,0.95,1024,
group.neg,twisted.goldilocks2,,slope,1523.3226892502855,1520.3698612023995,1526.21060582963,0.95,1024,
group.neg,weier-jacobian.107,,slope,596.8420756767779,595.606516282844,597.9837878594137,0.95,1024,
group.neg,weier-jacobian.127,,slope,706.9785321676361,705.4344420796859,708.4384032246821,0.95,1024,
group.neg,weier-jacobian.61x2,,slope,675.5123850971307,674.3174842886002,676.6294152995538,0.95,1024,
group.neg,weier.107,,slope,596.618168158754,595.4445080325701,597.7395822767223,0.95,1024,
group.neg,weier.127,,slope,704.9323916286704,702.0665271202761,707.4971482100714,0.95,1024,
group.neg,weier.61x2,,slope,674.2583584077299,672.7606250309915,675.5985800010608,0.95,1024,
group.prepare,"binary-lambda.109/mode=batch,n=1024",,slope,5290.647076825329,5278.904963823302,5301.414207666017,0.95,1024,
group.prepare,"binary-lambda.109/mode=batch,n=64",,slope,14334.328693955962,14306.09264068238,14361.744576245483,0.95,1024,
group.prepare,"binary-lambda.109/mode=batch,n=8",,slope,70367.73835082016,70168.61981484729,70580.26086391829,0.95,1024,
group.prepare,binary-lambda.109/mode=indep,,slope,357319.74896014977,356587.4249944182,357995.2682249856,0.95,1024,
group.prepare,"binary-lambda.122-gls/mode=batch,n=1024",,slope,7714.862948004624,7696.189238380514,7731.712081095047,0.95,1024,
group.prepare,"binary-lambda.122-gls/mode=batch,n=64",,slope,13442.900686079904,13410.28356423676,13473.116018248427,0.95,1024,
group.prepare,"binary-lambda.122-gls/mode=batch,n=8",,slope,48992.22706692844,48839.740620775585,49138.45562596748,0.95,1024,
group.prepare,binary-lambda.122-gls/mode=indep,,slope,171481.0841889562,171142.41590979768,171817.54056514543,0.95,1024,
group.prepare,"binary-lambda.122/mode=batch,n=1024",,slope,7726.125875824653,7712.71135381756,7740.039943056425,0.95,1024,
group.prepare,"binary-lambda.122/mode=batch,n=64",,slope,13416.101503959997,13386.32747589848,13445.278255016492,0.95,1024,
group.prepare,"binary-lambda.122/mode=batch,n=8",,slope,48018.14365710345,47891.110333176,48154.84930945194,0.95,1024,
group.prepare,binary-lambda.122/mode=indep,,slope,170351.83451455593,169948.03114192688,170758.18364183707,0.95,1024,
group.prepare,"binary-lambda.127/mode=batch,n=1024",,slope,6478.169229874699,6450.912455122814,6504.989202518795,0.95,1024,
group.prepare,"binary-lambda.127/mode=batch,n=64",,slope,14545.327249974835,14517.330908777658,14574.415144859073,0.95,1024,
group.prepare,"binary-lambda.127/mode=batch,n=8",,slope,65601.07106546476,65412.77573397641,65786.67822203056,0.95,1024,
group.prepare,binary-lambda.127/mode=indep,,slope,347914.60956406087,347248.4402611162,348630.7389089086,0.95,1024,
group.prepare,"binary-u.109/mode=batch,n=1024",,slope,496.87697602515027,489.06281105710946,504.55698517723727,0.95,1024,
group.prepare,"binary-u.109/mode=batch,n=64",,slope,520.5111783255492,519.530100129231,521.4544790515826,0.95,1024,
group.prepare,"binary-u.109/mode=batch,n=8",,slope,1449.3941089033842,1444.543013887425,1454.1270316653201,0.95,1024,
group.prepare,binary-u.109/mode=indep,,slope,643.4580088991842,641.7183223180131,645.0784557670205,0.95,1024,
group.prepare,"binary-u.122-gls/mode=batch,n=1024",,slope,488.90776367816994,483.5589732149995,494.15907794146136,0.95,1024,
group.prepare,"binary-u.122-gls/mode=batch,n=64",,slope,520.7494437270263,519.6110141105046,521.8748181017875,0.95,1024,
group.prepare,"binary-u.122-gls/mode=batch,n=8",,slope,1450.7203051327876,1444.0042364043177,1457.5269834177038,0.95,1024,
group.prepare,binary-u.122-gls/mode=indep,,slope,642.9237458095712,641.6538588440468,644.2649844633477,0.95,1024,
group.prepare,"binary-u.122/mode=batch,n=1024",,slope,489.965360117716,485.5775870173846,494.4457002305744,0.95,1024,
group.prepare,"binary-u.122/mode=batch,n=64",,slope,516.0431376537044,513.8561933731902,518.1882151537922,0.95,1024,
group.prepare,"binary-u.122/mode=batch,n=8",,slope,1445.3509357304913,1440.8630334715801,1449.85788319908,0.95,1024,
group.prepare,binary-u.122/mode=indep,,slope,629.6368828688675,625.7464043942589,633.1459532524789,0.95,1024,
group.prepare,"binary-u.127/mode=batch,n=1024",,slope,497.57648370196483,490.64215125962227,504.56666297913944,0.95,1024,
group.prepare,"binary-u.127/mode=batch,n=64",,slope,523.0423657121811,521.7043823911703,524.9218796053702,0.95,1024,
group.prepare,"binary-u.127/mode=batch,n=8",,slope,1441.5122997555388,1437.2637856176907,1446.2766629625498,0.95,1024,
group.prepare,binary-u.127/mode=indep,,slope,644.849245179938,643.6708862769685,645.9599148532956,0.95,1024,
group.prepare,"binary-w.109/mode=batch,n=1024",,slope,488.5322656047444,481.14755955662434,495.9679227067456,0.95,1024,
group.prepare,"binary-w.109/mode=batch,n=64",,slope,520.1488080045887,519.0440099532109,521.2883449136107,0.95,1024,
group.prepare,"binary-w.109/mode=batch,n=8",,slope,1436.802903041577,1431.8702876619527,1441.8082896204617,0.95,1024,
group.prepare,binary-w.109/mode=indep,,slope,628.1080395277754,624.476470098796,631.4641739804986,0.95,1024,
group.prepare,"binary-w.122-gls/mode=batch,n=1024",,slope,500.5481905247123,492.9910739548525,507.9730525124718,0.95,1024,
group.prepare,"binary-w.122-gls/mode=batch,n=64",,slope,520.4576109949043,519.7685722454564,521.1509396969145,0.95,1024,
group.prepare,"binary-w.122-gls/mode=batch,n=8",,slope,1452.4632910852258,1446.1497962793308,1459.125891383429,0.95,1024,
group.prepare,binary-w.122-gls/mode=indep,,slope,644.1122528326848,642.9887795892791,645.1868295196678,0.95,1024,
group.prepare,"binary-w.122/mode=batch,n=1024",,slope,471.6044358070071,464.51915861344935,478.5956582043111,0.95,1024,
group.prepare,"binary-w.122/mode=batch,n=64",,slope,517.7184074595882,516.7943887181584,518.6461375757766,0.95,1024,
group.prepare,"binary-w.122/mode=batch,n=8",,slope,1425.1849489081371,1418.4159745819145,1431.5202761168514,0.95,1024,
group.prepare,binary-w.122/mode=indep,,slope,644.5201127863112,643.2562489268212,645.6808939220534,0.95,1024,
group.prepare,"binary-w.127/mode=batch,n=1024",,slope,494.0767341952493,485.1962656889331,502.3044540685996,0.95,1024,
group.prepare,"binary-w.127/mode=batch,n=64",,slope,522.8294247894115,521.9142790665722,523.7255089198115,0.95,1024,
group.prepare,"binary-w.127/mode=batch,n=8",,slope,1434.6241684085176,1430.2778557548033,1439.0818117529232,0.95,1024,
group.prepare,binary-w.127/mode=indep,,slope,642.1092657011011,639.9975394346907,644.045755085622,0.95,1024,
group.prepare,"binary.109/mode=batch,n=1024",,slope,2859.7878310788624,2854.322425106127,2864.8924064125627,0.95,1024,
group.prepare,"binary.109/mode=batch,n=64",,slope,2895.315351096807,2889.725021916529,2900.815011317832,0.95,1024,
group.prepare,"binary.109/mode=batch,n=8",,slope,4096.347512649501,4086.498434098818,4105.674948373619,0.95,1024,
group.prepare,binary.109/mode=indep,,slope,2833.8131805695707,2829.3652207027067,2838.2295569902694,0.95,1024,
group.prepare,"binary.122-gls/mode=batch,n=1024",,slope,4542.445540910664,4524.119551568328,4561.452030501677,0.95,1024,
group.prepare,binary.122-gls/mode=indep,,slope,4408.588411144419,4394.8470150146495,4423.163522411999,0.95,1024,
group.prepare,"binary.122/mode=batch,n=1024",,slope,5145.324472941301,5135.0749494043785,5155.622107641993,0.95,1024,
group.prepare,binary.122/mode=indep,,slope,5034.322268023605,5020.161310479124,5046.863524538615,0.95,1024,
group.prepare,"binary.127/mode=batch,n=1024",,slope,3627.408700064036,3626.0245754356756,3628.979935955695,0.95,1024,
group.prepare,"binary.127/mode=batch,n=64",,slope,3770.2061503911586,3763.9106128604944,3776.4564340126212,0.95,1024,
group.prepare,"binary.127/mode=batch,n=8",,slope,4475.68242071686,4467.280492419288,4484.172225600458,0.95,1024,
group.prepare,binary.127/mode=indep,,slope,3975.644550093099,3962.330465241611,4003.4576215641714,0.95,1024,
group.prepare,"edwards.107/mode=batch,n=1024",,slope,23276.36786621807,23165.703287471155,23386.921653168094,0.95,1024,
group.prepare,edwards.107/mode=indep,,slope,558949.6956406088,556861.8301975479,560970.6691107427,0.95,1024,
group.prepare,"edwards.127/mode=batch,n=1024",,slope,28942.976878802594,28866.56029428844,29007.679238555684,0.95,1024,
group.prepare,edwards.127/mode=indep,,slope,595674.581900399,594448.9593201781,596931.4418183619,0.95,1024,
group.prepare,"edwards.61x2/mode=batch,n=1024",,slope,19275.435560582464,19225.011032006503,19321.252630077513,0.95,1024,
group.prepare,edwards.61x2/mode=indep,,slope,221387.1531745234,220779.9408499092,221997.5371968365,0.95,1024,
group.prepare,"twisted.128/mode=batch,n=1024",,slope,8274.479690926555,8256.510959093805,8291.523909212461,0.95,1024,
group.prepare,twisted.128/mode=indep,,slope,8436.483968686522,8413.517011991566,8459.47969779871,0.95,1024,
group.prepare,"twisted.61x2/mode=batch,n=1024",,slope,3682.230621862164,3674.0521312319556,3690.448491422005,0.95,1024,
group.prepare,"twisted.61x2/mode=batch,n=64",,slope,3889.330947545325,3881.7536844834303,3896.4623840778113,0.95,1024,
group.prepare,"twisted.61x2/mode=batch,n=8",,slope,6179.089527609477,6167.177585234828,6190.407300360365,0.95,1024,
group.prepare,twisted.61x2/mode=indep,,slope,3487.7262777721608,3481.460492209536,3494.078464541113,0.95,1024,
group.prepare,"twisted.64x2/mode=batch,n=1024",,slope,5640.819547471569,5617.669878729472,5661.428979340042,0.95,1024,
group.prepare,twisted.64x2/mode=indep,,slope,5559.984426405075,5544.949155088757,5573.719253048465,0.95,1024,
group.prepare,"twisted.goldilocks2/mode=batch,n=1024",,slope,4613.173935702261,4588.458819746372,4638.390869351731,0.95,1024,
group.prepare,twisted.goldilocks2/mode=indep,,slope,4583.3580886506015,4565.484336505186,4600.949143493243,0.95,1024,
group.prepare,"weier-jacobian.107/mode=batch,n=1024",,slope,492.7996803699151,487.253832261423,498.4565184578825,0.95,1024,
group.prepare,weier-jacobian.107/mode=indep,,slope,631.0960198703584,629.510430855697,632.5670464470553,0.95,1024,
group.prepare,"weier-jacobian.127/mode=batch,n=1024",,slope,500.66280756287927,490.8061168819128,511.43905194522637,0.95,1024,
group.prepare,weier-jacobian.127/mode=indep,,slope,631.294232122513,630.1997384631055,632.3848071381934,0.95,1024,
group.prepare,"weier-jacobian.61x2/mode=batch,n=1024",,slope,557.2265354737584,530.3483574571624,589.511560483285,0.95,1024,
group.prepare,weier-jacobian.61x2/mode=indep,,slope,643.1945926272336,641.7740874276558,644.5126740879027,0.95,1024,
group.prepare,"weier.107/mode=batch,n=1024",,slope,503.4267558810884,495.4510923794562,511.825511284762,0.95,1024,
group.prepare,weier.107/mode=indep,,slope,631.5478212582965,630.540041679122,632.5212568015645,0.95,1024,
group.prepare,"weier.127/mode=batch,n=1024",,slope,472.6428017110015,467.0116706638695,478.54616600625076,0.95,1024,
group.prepare,weier.127/mode=indep,,slope,629.7251458956563,628.1470518267058,631.2635389738494,0.95,1024,
group.prepare,"weier.61x2/mode=batch,n=1024",,slope,734.011421037178,674.2912715078237,796.0662833488724,0.95,1024,
group.prepare,weier.61x2/mode=indep,,slope,643.0495014793889,641.7969418716195,644.2936570104997,0.95,1024,
group.sub,binary-lambda.109/mode=throughput,,slope,12372.161199977834,12348.222783101179,12394.331168977544,0.95,1024,
group.sub,binary-lambda.122-gls/mode=throughput,,slope,17143.50889838291,17097.310363509612,17199.43414188261,0.95,1024,
group.sub,binary-lambda.122/mode=throughput,,slope,17135.597587531785,17098.0833352141,17180.848676025482,0.95,1024,
group.sub,binary-lambda.127/mode=throughput,,slope,15472.750721839442,15415.502819739995,15522.789376117154,0.95,1024,
group.sub,binary-u.109/mode=throughput,,slope,10114.776968210072,10095.29361411408,10134.146887159628,0.95,1024,
group.sub,binary-u.122-gls/mode=throughput,,slope,13515.055312665998,13484.471242891763,13544.82062685827,0.95,1024,
group.sub,binary-u.122/mode=throughput,,slope,13518.982115273246,13490.574379807389,13546.240768532618,0.95,1024,
group.sub,binary-u.127/mode=throughput,,slope,11018.375486757632,10984.275535617478,11050.304986850506,0.95,1024,
group.sub,binary-w.109/mode=throughput,,slope,12397.62831764445,12375.231815720625,12418.081845350047,0.95,1024,
group.sub,binary-w.122-gls/mode=throughput,,slope,17178.991330951932,17074.46338943749,17305.881543012838,0.95,1024,
group.sub,binary-w.122/mode=throughput,,slope,17482.40261604951,17137.249771396608,17954.998002696237,0.95,1024,
group.sub,binary-w.127/mode=throughput,,slope,15076.975849723205,14978.816206425598,15171.531878095895,0.95,1024,
group.sub,binary.109/mode=throughput,,slope,13544.782662244039,13518.884426241011,13570.281907824756,0.95,1024,
group.sub,binary.127/mode=throughput,,slope,15048.939938874484,15015.671712846146,15081.957686260284,0.95,1024,
group.sub,twisted.61x2/mode=throughput,,slope,13060.87043267653,13035.134368531808,13085.5474496099,0.95,1024,
h2c,"binary-lambda.109/mode=batch,n=1024",,slope,83953.60101743757,83835.70744657854,84070.554402198,0.95,1024,
h2c,"binary-lambda.109/mode=batch,n=64",,slope,141835.99293335303,141343.40938332563,142301.5819215698,0.95,1024,
h2c,"binary-lambda.109/mode=batch,n=8",,slope,368391.5566799665,367493.7925638281,369294.30079904204,0.95,1024,
h2c,binary-lambda.109/mode=indep,,slope,893885.9034121472,891766.9322077645,895931.1289353132,0.95,1024,
h2c,"binary-lambda.122-gls/mode=batch,n=1024",,slope,78289.27266803833,78178.61165588177,78397.89337368665,0.95,1024,
h2c,"binary-lambda.122-gls/mode=batch,n=64",,slope,116789.1572960281,116513.16544415345,117084.30901775576,0.95,1024,
h2c,"binary-lambda.122-gls/mode=batch,n=8",,slope,271472.88938599086,270883.5086912737,272084.73365425476,0.95,1024,
h2c,binary-lambda.122-gls/mode=indep,,slope,527532.5169602482,525803.0828069423,529211.6083366602,0.95,1024,
h2c,"binary-lambda.122/mode=batch,n=1024",,slope,76746.18996646622,76578.94787257198,76890.35549606227,0.95,1024,
h2c,"binary-lambda.122/mode=batch,n=64",,slope,112456.61381541139,112269.8804050749,112630.74816899016,0.95,1024,
h2c,"binary-lambda.122/mode=batch,n=8",,slope,254466.72397739027,253785.8669165581,255124.44928739473,0.95,1024,
h2c,binary-lambda.122/mode=indep,,slope,520841.3820659081,519579.8071903601,522152.5381013973,0.95,1024,
h2c,"binary-lambda.127/mode=batch,n=1024",,slope,77389.68317218174,77266.26556216308,77510.15309063726,0.95,1024,
h2c,"binary-lambda.127/mode=batch,n=64",,slope,129841.94982857988,129449.2253164651,130210.92635023972,0.95,1024,
h2c,"binary-lambda.127/mode=batch,n=8",,slope,325801.8568959657,324705.57143454446,326871.94464405155,0.95,1024,
h2c,binary-lambda.127/mode=indep,,slope,825491.3052578691,823144.7684004778,827839.6659447453,0.95,1024,
h2c,"binary-u.109/mode=batch,n=1024",,slope,83176.31696566672,83039.9924542495,83315.44087058699,0.95,1024,
h2c,"binary-u.109/mode=batch,n=64",,slope,138020.11455667208,137776.7419313354,138252.03050164392,0.95,1024,
h2c,"binary-u.109/mode=batch,n=8",,slope,357820.3609359145,356985.0256146749,358618.6511177026,0.95,1024,
h2c,binary-u.109/mode=indep,,slope,894522.5910004433,892847.6480272397,896328.0214878699,0.95,1024,
h2c,"binary-u.122-gls/mode=batch,n=1024",,slope,82095.74296302191,81984.09692936685,82210.57405129437,0.95,1024,
h2c,"binary-u.122-gls/mode=batch,n=64",,slope,119424.04654319164,119259.4795103519,119582.49691169459,0.95,1024,
h2c,"binary-u.122-gls/mode=batch,n=8",,slope,264114.5393645633,263543.7400337922,264718.3730581883,0.95,1024,
h2c,binary-u.122-gls/mode=indep,,slope,534920.4990852667,533250.8159119892,536512.551314641,0.95,1024,
h2c,"binary-u.122/mode=batch,n=1024",,slope,89707.2239030097,89567.8436025375,89835.22003978553,0.95,1024,
h2c,"binary-u.122/mode=batch,n=64",,slope,128314.4126647702,128096.31428234685,128536.09873923848,0.95,1024,
h2c,"binary-u.122/mode=batch,n=8",,slope,274018.94906162255,273371.085105639,274655.5878440508,0.95,1024,
h2c,binary-u.122/mode=indep,,slope,543988.7156361756,542850.8691248123,545170.4987153136,0.95,1024,
h2c,"binary-u.127/mode=batch,n=1024",,slope,87861.76371361017,87571.45894298129,88174.09520327432,0.95,1024,
h2c,"binary-u.127/mode=batch,n=64",,slope,145148.2492967975,144828.7357656582,145472.44630032984,0.95,1024,
h2c,"binary-u.127/mode=batch,n=8",,slope,359219.7046115955,358133.56262694753,360229.1024597012,0.95,1024,
h2c,binary-u.127/mode=indep,,slope,889998.5099881779,885272.0888576611,894664.3253193697,0.95,1024,
h2c,"binary-w.109/mode=batch,n=1024",,slope,81289.06969614986,81187.61023026463,81389.88947152905,0.95,1024,
h2c,"binary-w.109/mode=batch,n=64",,slope,134495.92973326438,134038.7224951354,134878.6509200331,0.95,1024,
h2c,"binary-w.109/mode=batch,n=8",,slope,354210.48849711835,353392.26782379247,355001.482506314,0.95,1024,
h2c,binary-w.109/mode=indep,,slope,875957.7397576474,874229.9568862629,877712.5293158498,0.95,1024,
h2c,"binary-w.122-gls/mode=batch,n=1024",,slope,80533.30674995169,80397.37199847441,80660.00819845262,0.95,1024,
h2c,"binary-w.122-gls/mode=batch,n=64",,slope,117699.16510089814,117534.99066265242,117864.91311844796,0.95,1024,
h2c,"binary-w.122-gls/mode=batch,n=8",,slope,261998.68509014335,261353.20135177084,262615.11064248683,0.95,1024,
h2c,binary-w.122-gls/mode=indep,,slope,521185.89605881483,519157.0941432601,523095.4808371361,0.95,1024,
h2c,"binary-w.122/mode=batch,n=1024",,slope,78603.69965488627,78423.71277709563,78774.8267059068,0.95,1024,
h2c,"binary-w.122/mode=batch,n=64",,slope,116517.78512158678,116184.15363460714,116807.6000214986,0.95,1024,
h2c,"binary-w.122/mode=batch,n=8",,slope,263391.24501699425,262703.0406281714,264083.0416709834,0.95,1024,
h2c,binary-w.122/mode=indep,,slope,529264.9540490616,528013.2098993663,530562.3667812328,0.95,1024,
h2c,"binary-w.127/mode=batch,n=1024",,slope,85306.94037313433,85154.82451670074,85452.70220628391,0.95,1024,
h2c,"binary-w.127/mode=batch,n=64",,slope,141773.09954273893,141481.7317277695,142058.98601320712,0.95,1024,
h2c,"binary-w.127/mode=batch,n=8",,slope,354458.86591694993,353630.2324091658,355258.44666007883,0.95,1024,
h2c,binary-w.127/mode=indep,,slope,885448.6612560957,883716.4005551225,887215.1781491617,0.95,1024,
h2c,"binary.109/mode=batch,n=1024",,slope,83631.68001625536,83331.04582330553,83897.45608634278,0.95,1024,
h2c,"binary.109/mode=batch,n=64",,slope,142300.45884270302,141950.61456384012,142645.48871864373,0.95,1024,
h2c,"binary.109/mode=batch,n=8",,slope,368853.48444411607,367907.13021364633,369719.92574599764,0.95,1024,
h2c,binary.109/mode=indep,,slope,890844.1241628492,889428.4683046897,892166.315728105,0.95,1024,
h2c,"binary.122-gls/mode=batch,n=1024",,slope,76521.12698070955,76329.11158200202,76715.11033959937,0.95,1024,
h2c,binary.122-gls/mode=indep,,slope,548059.1715752919,546364.0393823991,549692.9032212264,0.95,1024,
h2c,"binary.122/mode=batch,n=1024",,slope,76726.73703197644,76558.60328485406,76879.66315438614,0.95,1024,
h2c,binary.122/mode=indep,,slope,521919.98465050984,520278.1293303375,523542.84626927145,0.95,1024,
h2c,"binary.127/mode=batch,n=1024",,slope,74688.41397074035,74637.90010984227,74745.13435927879,0.95,1024,
h2c,"binary.127/mode=batch,n=64",,slope,130139.81209324664,129804.81045160074,130458.1293473356,0.95,1024,
h2c,"binary.127/mode=batch,n=8",,slope,329739.03263927886,327797.9858385982,332634.972698176,0.95,1024,
h2c,binary.127/mode=indep,,slope,797785.107515886,796242.9214157107,799295.8914340598,0.95,1024,
h2c,"edwards.107/mode=batch,n=1024",,slope,824379.2243549579,820397.8217406594,828934.4003414622,0.95,1024,
h2c,edwards.107/mode=indep,,slope,825054.1658755726,821636.4671862941,828158.3908777232,0.95,1024,
h2c,"edwards.127/mode=batch,n=1024",,slope,1094536.8586641052,1091899.618738232,1097220.0738386482,0.95,1024,
h2c,edwards.127/mode=indep,,slope,1094453.9648825182,1089793.0573283008,1098776.2428946365,0.95,1024,
h2c,"edwards.61x2/mode=batch,n=1024",,slope,635118.8092389537,631941.9479538545,637961.843748308,0.95,1024,
h2c,edwards.61x2/mode=indep,,slope,639152.651106842,636812.6791932989,641327.5069644359,0.95,1024,
h2c,"twisted.128/mode=batch,n=1024",,slope,1968659.185222403,1965392.7300226763,1972031.942982929,0.95,1024,
h2c,twisted.128/mode=indep,,slope,1970499.7197458253,1966611.2571870822,1974466.077990339,0.95,1024,
h2c,"twisted.61x2/mode=batch,n=1024",,slope,647090.2673961874,644736.422953927,649222.2265499538,0.95,1024,
h2c,"twisted.61x2/mode=batch,n=64",,slope,656233.7350007389,654494.9098986404,657930.6384166789,0.95,1024,
h2c,"twisted.61x2/mode=batch,n=8",,slope,661565.7530249741,660044.2384016016,663076.4864948163,0.95,1024,
h2c,twisted.61x2/mode=indep,,slope,645068.2991724545,643893.2522345645,646264.3336514096,0.95,1024,
h2c,"twisted.64x2/mode=batch,n=1024",,slope,1126268.6459199055,1124032.062945881,1128320.887023879,0.95,1024,
h2c,twisted.64x2/mode=indep,,slope,1125201.5263189005,1122297.0856287242,1127649.89934995,0.95,1024,
h2c,"twisted.goldilocks2/mode=batch,n=1024",,slope,1792542.5720880744,1786335.4135260668,1798470.021521746,0.95,1024,
h2c,twisted.goldilocks2/mode=indep,,slope,1772535.520659081,1762031.666675003,1782720.1302634946,0.95,1024,
h2c,"weier-jacobian.107/mode=batch,n=1024",,slope,763203.3223880597,760704.7079149267,765584.3287366256,0.95,1024,
h2c,weier-jacobian.107/mode=indep,,slope,760270.0544052017,758319.6532211455,762204.7449611017,0.95,1024,
h2c,"weier-jacobian.127/mode=batch,n=1024",,slope,1063393.0284646077,1060803.709207481,1066019.034025961,0.95,1024,
h2c,weier-jacobian.127/mode=indep,,slope,1057296.8706369144,1054831.4850426246,1059757.91010954,0.95,1024,
h2c,"weier-jacobian.61x2/mode=batch,n=1024",,slope,652864.4904699276,651424.5412340206,654331.7199184728,0.95,1024,
h2c,weier-jacobian.61x2/mode=indep,,slope,653800.5190749224,652541.8827989344,655066.0436938372,0.95,1024,
h2c,"weier.107/mode=batch,n=1024",,slope,766104.0163203783,764577.969501488,767678.545935203,0.95,1024,
h2c,weier.107/mode=indep,,slope,763551.339889168,762019.9066576408,765181.5777410482,0.95,1024,
h2c,"weier.127/mode=batch,n=1024",,slope,1060681.7458933056,1057934.0512015012,1063372.18365182,0.95,1024,
h2c,weier.127/mode=indep,,slope,1051290.8948810403,1048037.6378113363,1054363.6239386662,0.95,1024,
h2c,"weier.61x2/mode=batch,n=1024",,slope,652029.1550790601,650751.9660980898,653360.0757326882,0.95,1024,
h2c,weier.61x2/mode=indep,,slope,652295.8088118812,650421.1234233975,654065.1544864781,0.95,1024,
h2c.id,"binary-lambda.109/proj=fp127,h2c=pornin-addend,mode=batch,n=1024",,slope,37239.98385202699,37190.55194788727,37288.661377173514,0.95,1024,
h2c.id,"binary-lambda.109/proj=fp127,h2c=ti,mode=batch,n=1024",,slope,51053.67964046106,50916.752220965434,51188.33322519155,0.95,1024,
h2c.id,"binary-lambda.109/proj=fp127,h2c=ti-addend,mode=batch,n=1024",,slope,46180.67247860607,46081.42619648625,46279.57681223373,0.95,1024,
h2c.id,"binary-lambda.109/proj=fp130,h2c=pornin-addend,mode=batch,n=1024",,slope,41744.7469973154,41678.626151792974,41808.31881174477,0.95,1024,
h2c.id,"binary-lambda.109/proj=fp130,h2c=ti,mode=batch,n=1024",,slope,63552.86770854884,63372.37695711481,63719.64949027002,0.95,1024,
h2c.id,"binary-lambda.109/proj=fp130,h2c=ti-addend,mode=batch,n=1024",,slope,58693.287869505126,58559.924973463625,58819.424015571036,0.95,1024,
h2c.id,"binary-lambda.109/proj=gf2_127,h2c=pornin-addend,mode=batch,n=1024",,slope,34991.41190452653,34927.28404468987,35053.15336841344,0.95,1024,
h2c.id,"binary-lambda.109/proj=gf2_127,h2c=ti,mode=batch,n=1024",,slope,48651.27943183657,48550.55124802118,48754.909916692326,0.95,1024,
h2c.id,"binary-lambda.109/proj=gf2_127,h2c=ti-addend,mode=batch,n=1024",,slope,43873.25192654892,43745.422988093145,43985.25940832294,0.95,1024,
h2c.id,"binary-lambda.109/proj=none,h2c=pornin-addend,mode=batch,n=1024",,slope,59119.84769652031,59008.62242950268,59227.93975651238,0.95,1024,
h2c.id,"binary-lambda.109/proj=none,h2c=ti,mode=batch,n=1024",,slope,79619.32855759285,79372.45703914009,79945.30439932013,0.95,1024,
h2c.id,"binary-lambda.109/proj=none,h2c=ti-addend,mode=batch,n=1024",,slope,74298.2017619118,74155.48018997586,74438.30599823511,0.95,1024,
h2c.id,"binary-lambda.122-gls/proj=fp127,h2c=pornin-addend,mode=batch,n=1024",,slope,38830.561948483024,38768.12932915983,38889.91594524813,0.95,1024,
h2c.id,"binary-lambda.122-gls/proj=fp127,h2c=ti,mode=batch,n=1024",,slope,51802.68258421286,51708.25906367843,51906.03616160672,0.95,1024,
h2c.id,"binary-lambda.122-gls/proj=fp127,h2c=ti-addend,mode=batch,n=1024",,slope,44667.70921787961,44550.80002557698,44791.93502765821,0.95,1024,
h2c.id,"binary-lambda.122-gls/proj=fp130,h2c=pornin-addend,mode=batch,n=1024",,slope,43322.410522880644,43136.12125828182,43502.720150335415,0.95,1024,
h2c.id,"binary-lambda.122-gls/proj=fp130,h2c=ti,mode=batch,n=1024",,slope,62478.13814171716,62309.507146660224,62650.98226660223,0.95,1024,
h2c.id,"binary-lambda.122-gls/proj=fp130,h2c=ti-addend,mode=batch,n=1024",,slope,55089.493925007584,54816.58051681797,55381.38832366459,0.95,1024,
h2c.id,"binary-lambda.122-gls/proj=gf2_127,h2c=pornin-addend,mode=batch,n=1024",,slope,35845.28248590851,35761.86823365902,35925.150623970396,0.95,1024,
h2c.id,"binary-lambda.122-gls/proj=gf2_127,h2c=ti,mode=batch,n=1024",,slope,46993.20272875049,46922.061169820816,47065.23370539007,0.95,1024,
h2c.id,"binary-lambda.122-gls/proj=gf2_127,h2c=ti-addend,mode=batch,n=1024",,slope,39068.65977913176,38962.835455560555,39166.25943254052,0.95,1024,
h2c.id,"binary-lambda.122-gls/proj=none,h2c=pornin-addend,mode=batch,n=1024",,slope,60234.47599596658,60065.417009980214,60406.45726149388,0.95,1024,
h2c.id,"binary-lambda.122-gls/proj=none,h2c=ti,mode=batch,n=1024",,slope,75374.19153117017,75185.57252888616,75566.15715189322,0.95,1024,
h2c.id,"binary-lambda.122-gls/proj=none,h2c=ti-addend,mode=batch,n=1024",,slope,67980.76251022118,67808.233303937,68148.17219865773,0.95,1024,
h2c.id,"binary-lambda.122/proj=fp127,h2c=pornin-addend,mode=batch,n=1024",,slope,36825.51001844463,36720.5876471925,36918.29872582817,0.95,1024,
h2c.id,"binary-lambda.122/proj=fp127,h2c=ti,mode=batch,n=1024",,slope,54459.28287214267,54270.33997702573,54656.115074314344,0.95,1024,
h2c.id,"binary-lambda.122/proj=fp127,h2c=ti-addend,mode=batch,n=1024",,slope,46699.39516342679,46600.2100151911,46800.29018362625,0.95,1024,
h2c.id,"binary-lambda.122/proj=fp130,h2c=pornin-addend,mode=batch,n=1024",,slope,41768.262154696815,41645.16574225305,41878.07963733712,0.95,1024,
h2c.id,"binary-lambda.122/proj=fp130,h2c=ti,mode=batch,n=1024",,slope,63265.93035835673,62939.16255326207,63620.41866298573,0.95,1024,
h2c.id,"binary-lambda.122/proj=fp130,h2c=ti-addend,mode=batch,n=1024",,slope,54671.50395588498,54463.39462255529,54949.50098158065,0.95,1024,
h2c.id,"binary-lambda.122/proj=gf2_127,h2c=pornin-addend,mode=batch,n=1024",,slope,34400.26746380763,34312.88879888967,34495.17605940198,0.95,1024,
h2c.id,"binary-lambda.122/proj=gf2_127,h2c=ti,mode=batch,n=1024",,slope,46682.39678949984,46608.82961083703,46754.954916825285,0.95,1024,
h2c.id,"binary-lambda.122/proj=gf2_127,h2c=ti-addend,mode=batch,n=1024",,slope,38672.77000636573,38601.271101730286,38743.955908343974,0.95,1024,
h2c.id,"binary-lambda.122/proj=none,h2c=pornin-addend,mode=batch,n=1024",,slope,60758.09184972053,60342.7106239788,61222.71637740196,0.95,1024,
h2c.id,"binary-lambda.122/proj=none,h2c=ti,mode=batch,n=1024",,slope,78956.00394766458,78817.096927276,79081.29377261647,0.95,1024,
h2c.id,"binary-lambda.122/proj=none,h2c=ti-addend,mode=batch,n=1024",,slope,71223.26128987312,71113.26334981064,71336.1059998944,0.95,1024,
h2c.id,"binary-lambda.127/proj=fp127,h2c=pornin-addend,mode=batch,n=1024",,slope,37358.81369532973,37225.88304104826,37480.139316642526,0.95,1024,
h2c.id,"binary-lambda.127/proj=fp127,h2c=ti,mode=batch,n=1024",,slope,53686.5336255668,53569.70355682516,53808.53979201466,0.95,1024,
h2c.id,"binary-lambda.127/proj=fp127,h2c=ti-addend,mode=batch,n=1024",,slope,46509.55582586617,46416.47969955885,46606.00569974503,0.95,1024,
h2c.id,"binary-lambda.127/proj=fp130,h2c=pornin-addend,mode=batch,n=1024",,slope,41921.143615216,41785.17301023961,42078.276204923095,0.95,1024,
h2c.id,"binary-lambda.127/proj=fp130,h2c=ti,mode=batch,n=1024",,slope,64226.081836301164,64083.19539974939,64359.298597869725,0.95,1024,
h2c.id,"binary-lambda.127/proj=fp130,h2c=ti-addend,mode=batch,n=1024",,slope,57118.97213372083,56970.64946871734,57261.929331673775,0.95,1024,
h2c.id,"binary-lambda.127/proj=gf2_127,h2c=pornin-addend,mode=batch,n=1024",,slope,34873.11686867812,34727.03215398494,35016.048493710296,0.95,1024,
h2c.id,"binary-lambda.127/proj=gf2_127,h2c=ti,mode=batch,n=1024",,slope,47228.224780200835,47116.129493605644,47335.80008915709,0.95,1024,
h2c.id,"binary-lambda.127/proj=gf2_127,h2c=ti-addend,mode=batch,n=1024",,slope,40317.25338613861,40226.61579462382,40406.06480552969,0.95,1024,
h2c.id,"binary-lambda.127/proj=none,h2c=pornin-addend,mode=batch,n=1024",,slope,59794.89707612201,59607.92977812823,59966.09707486121,0.95,1024,
h2c.id,"binary-lambda.127/proj=none,h2c=ti,mode=batch,n=1024",,slope,76317.11042707256,76186.76155324576,76440.04178690359,0.95,1024,
h2c.id,"binary-lambda.127/proj=none,h2c=ti-addend,mode=batch,n=1024",,slope,69191.84409851731,69015.5619889126,69343.45652562536,0.95,1024,
h2c.id,"binary-u.109/proj=fp127,h2c=pornin-addend,mode=batch,n=1024",,slope,41222.11516082952,41157.82013170808,41284.29012862617,0.95,1024,
h2c.id,"binary-u.109/proj=fp127,h2c=ti,mode=batch,n=1024",,slope,51768.38387173045,51580.06587421305,51938.38300888844,0.95,1024,
h2c.id,"binary-u.109/proj=fp130,h2c=pornin-addend,mode=batch,n=1024",,slope,45768.55966656367,45672.77510094162,45859.806846355736,0.95,1024,
h2c.id,"binary-u.109/proj=fp130,h2c=ti,mode=batch,n=1024",,slope,61884.40430984275,61763.157900170445,62002.104942317776,0.95,1024,
h2c.id,"binary-u.109/proj=gf2_127,h2c=pornin-addend,mode=batch,n=1024",,slope,38992.88343965625,38933.154228823085,39049.1767878475,0.95,1024,
h2c.id,"binary-u.109/proj=gf2_127,h2c=ti,mode=batch,n=1024",,slope,49503.74880927752,49397.18578092692,49602.09684657032,0.95,1024,
h2c.id,"binary-u.109/proj=none,h2c=pornin-addend,mode=batch,n=1024",,slope,63055.40299486479,62944.86802175784,63162.43156971127,0.95,1024,
h2c.id,"binary-u.109/proj=none,h2c=ti,mode=batch,n=1024",,slope,80009.19309386048,79871.54111898471,80143.23987202412,0.95,1024,
h2c.id,"binary-u.122-gls/proj=fp127,h2c=pornin-addend,mode=batch,n=1024",,slope,39510.17507542258,39206.62771669778,39831.64428338333,0.95,1024,
h2c.id,"binary-u.122-gls/proj=fp127,h2c=ti,mode=batch,n=1024",,slope,47870.97376244661,47794.137347745236,47948.39401346587,0.95,1024,
h2c.id,"binary-u.122-gls/proj=fp130,h2c=pornin-addend,mode=batch,n=1024",,slope,43219.763421849,43110.42411882576,43333.31159453119,0.95,1024,
h2c.id,"binary-u.122-gls/proj=fp130,h2c=ti,mode=batch,n=1024",,slope,58501.81993428316,58398.57840546642,58605.041471296725,0.95,1024,
h2c.id,"binary-u.122-gls/proj=gf2_127,h2c=pornin-addend,mode=batch,n=1024",,slope,37017.04007158925,36793.13997580434,37256.84774257886,0.95,1024,
h2c.id,"binary-u.122-gls/proj=gf2_127,h2c=ti,mode=batch,n=1024",,slope,45439.496995393245,45345.63186416276,45534.68748610629,0.95,1024,
h2c.id,"binary-u.122-gls/proj=none,h2c=pornin-addend,mode=batch,n=1024",,slope,61673.53261850329,61550.190178863355,61800.07646820406,0.95,1024,
h2c.id,"binary-u.122-gls/proj=none,h2c=ti,mode=batch,n=1024",,slope,73644.71374506534,73494.96474590244,73843.03874144555,0.95,1024,
h2c.id,"binary-u.122/proj=fp127,h2c=pornin-addend,mode=batch,n=1024",,slope,42218.40511711246,42104.52190952152,42329.78810584804,0.95,1024,
h2c.id,"binary-u.122/proj=fp127,h2c=ti,mode=batch,n=1024",,slope,56482.60441817316,56365.40098898319,56601.067521505785,0.95,1024,
h2c.id,"binary-u.122/proj=fp130,h2c=pornin-addend,mode=batch,n=1024",,slope,46316.732588631996,46226.609929495455,46399.6464529706,0.95,1024,
h2c.id,"binary-u.122/proj=fp130,h2c=ti,mode=batch,n=1024",,slope,66383.61683621496,66227.15638229027,66533.47208841104,0.95,1024,
h2c.id,"binary-u.122/proj=gf2_127,h2c=pornin-addend,mode=batch,n=1024",,slope,39685.15503650066,39603.61205203595,39765.66607805005,0.95,1024,
h2c.id,"binary-u.122/proj=gf2_127,h2c=ti,mode=batch,n=1024",,slope,52853.08707115802,52707.06332204181,52982.805941231665,0.95,1024,
h2c.id,"binary-u.122/proj=none,h2c=pornin-addend,mode=batch,n=1024",,slope,64741.38704078617,64616.96530863913,64863.520257790755,0.95,1024,
h2c.id,"binary-u.122/proj=none,h2c=ti,mode=batch,n=1024",,slope,84351.36710827053,84209.87725442593,84477.81333706854,0.95,1024,
h2c.id,"binary-u.127/proj=fp127,h2c=pornin-addend,mode=batch,n=1024",,slope,40542.60843954485,40474.495472137794,40608.72319918784,0.95,1024,
h2c.id,"binary-u.127/proj=fp127,h2c=ti,mode=batch,n=1024",,slope,50006.114877789274,49893.83045491531,50117.434781961725,0.95,1024,
h2c.id,"binary-u.127/proj=fp130,h2c=pornin-addend,mode=batch,n=1024",,slope,44822.52368463323,44740.19283325141,44898.90661292104,0.95,1024,
h2c.id,"binary-u.127/proj=fp130,h2c=ti,mode=batch,n=1024",,slope,62564.55985000739,62438.757251207935,62687.21355106091,0.95,1024,
h2c.id,"binary-u.127/proj=gf2_127,h2c=pornin-addend,mode=batch,n=1024",,slope,38102.808543269944,38036.8849944487,38166.335981508964,0.95,1024,
h2c.id,"binary-u.127/proj=gf2_127,h2c=ti,mode=batch,n=1024",,slope,45437.078002203205,45330.107572239314,45547.99301670169,0.95,1024,
h2c.id,"binary-u.127/proj=none,h2c=pornin-addend,mode=batch,n=1024",,slope,62908.70968505246,62772.22523692361,63043.217346851285,0.95,1024,
h2c.id,"binary-u.127/proj=none,h2c=ti,mode=batch,n=1024",,slope,77467.92656352662,77279.3595636099,77633.66246707186,0.95,1024,
h2c.id,"binary-w.109/proj=fp127,h2c=pornin-addend,mode=batch,n=1024",,slope,37247.27193559157,37175.94093368683,37312.9386122926,0.95,1024,
h2c.id,"binary-w.109/proj=fp127,h2c=ti,mode=batch,n=1024",,slope,48321.369727599624,48213.85848319808,48424.78343045493,0.95,1024,
h2c.id,"binary-w.109/proj=fp130,h2c=pornin-addend,mode=batch,n=1024",,slope,41616.32957181912,41513.182346912494,41705.893878516115,0.95,1024,
h2c.id,"binary-w.109/proj=fp130,h2c=ti,mode=batch,n=1024",,slope,57904.80220202617,57770.677997545616,58035.505087004516,0.95,1024,
h2c.id,"binary-w.109/proj=gf2_127,h2c=pornin-addend,mode=batch,n=1024",,slope,35035.85843235173,34982.642422850186,35088.53292026975,0.95,1024,
h2c.id,"binary-w.109/proj=gf2_127,h2c=ti,mode=batch,n=1024",,slope,46020.2577935704,45915.96174606455,46125.2636791092,0.95,1024,
h2c.id,"binary-w.109/proj=none,h2c=pornin-addend,mode=batch,n=1024",,slope,59022.67773589826,58926.13471921152,59114.63338649296,0.95,1024,
h2c.id,"binary-w.109/proj=none,h2c=ti,mode=batch,n=1024",,slope,77571.14047879414,77425.8581658097,77703.93399079611,0.95,1024,
h2c.id,"binary-w.122-gls/proj=fp127,h2c=pornin-addend,mode=batch,n=1024",,slope,38923.005806345274,38850.53541904203,38994.95760254077,0.95,1024,
h2c.id,"binary-w.122-gls/proj=fp127,h2c=ti,mode=batch,n=1024",,slope,45519.815993524724,45410.73683906841,45626.43694982005,0.95,1024,
h2c.id,"binary-w.122-gls/proj=fp130,h2c=pornin-addend,mode=batch,n=1024",,slope,43389.25834092559,43291.66695459852,43485.47314331516,0.95,1024,
h2c.id,"binary-w.122-gls/proj=fp130,h2c=ti,mode=batch,n=1024",,slope,55815.88849876032,55702.23557785854,55925.7582323009,0.95,1024,
h2c.id,"binary-w.122-gls/proj=gf2_127,h2c=pornin-addend,mode=batch,n=1024",,slope,35703.37164464101,35626.64933838118,35777.06212573776,0.95,1024,
h2c.id,"binary-w.122-gls/proj=gf2_127,h2c=ti,mode=batch,n=1024",,slope,41900.325307497165,41829.961972483696,41965.832430378934,0.95,1024,
h2c.id,"binary-w.122-gls/proj=none,h2c=pornin-addend,mode=batch,n=1024",,slope,60750.3212983423,60538.26802585399,60947.48029426601,0.95,1024,
h2c.id,"binary-w.122-gls/proj=none,h2c=ti,mode=batch,n=1024",,slope,74390.52197850915,74245.77382321475,74558.82498028138,0.95,1024,
h2c.id,"binary-w.122/proj=fp127,h2c=pornin-addend,mode=batch,n=1024",,slope,36847.10791192552,36770.85244603798,36922.426953608294,0.95,1024,
h2c.id,"binary-w.122/proj=fp127,h2c=ti,mode=batch,n=1024",,slope,46427.126127463496,46338.018519855075,46519.379497409675,0.95,1024,
h2c.id,"binary-w.122/proj=fp130,h2c=pornin-addend,mode=batch,n=1024",,slope,41588.51378774444,41503.86413264799,41672.19451194201,0.95,1024,
h2c.id,"binary-w.122/proj=fp130,h2c=ti,mode=batch,n=1024",,slope,55814.43136544998,55709.52874272967,55920.007813453696,0.95,1024,
h2c.id,"binary-w.122/proj=gf2_127,h2c=pornin-addend,mode=batch,n=1024",,slope,33985.79740403479,33806.72460275386,34177.80989111399,0.95,1024,
h2c.id,"binary-w.122/proj=gf2_127,h2c=ti,mode=batch,n=1024",,slope,42247.741013743165,42166.05253745277,42324.470951334726,0.95,1024,
h2c.id,"binary-w.122/proj=none,h2c=pornin-addend,mode=batch,n=1024",,slope,59982.205209885346,59863.85927859253,60097.78915276811,0.95,1024,
h2c.id,"binary-w.122/proj=none,h2c=ti,mode=batch,n=1024",,slope,73223.35977453609,73119.48025001444,73323.34798428397,0.95,1024,
h2c.id,"binary-w.127/proj=fp127,h2c=pornin-addend,mode=batch,n=1024",,slope,37165.10069378082,37060.01223768917,37272.63871326513,0.95,1024,
h2c.id,"binary-w.127/proj=fp127,h2c=ti,mode=batch,n=1024",,slope,46460.20022475382,46342.613906603576,46570.79683961777,0.95,1024,
h2c.id,"binary-w.127/proj=fp130,h2c=pornin-addend,mode=batch,n=1024",,slope,41792.433193438745,41707.14826494495,41876.43143719778,0.95,1024,
h2c.id,"binary-w.127/proj=fp130,h2c=ti,mode=batch,n=1024",,slope,58414.266660176116,58264.769151548426,58563.823600310425,0.95,1024,
h2c.id,"binary-w.127/proj=gf2_127,h2c=pornin-addend,mode=batch,n=1024",,slope,34996.06990262073,34853.38614616322,35130.15557301504,0.95,1024,
h2c.id,"binary-w.127/proj=gf2_127,h2c=ti,mode=batch,n=1024",,slope,41917.4078725186,41821.81528548039,42015.07167563731,0.95,1024,
h2c.id,"binary-w.127/proj=none,h2c=pornin-addend,mode=batch,n=1024",,slope,59936.526123836265,59757.95986868851,60102.36427745582,0.95,1024,
h2c.id,"binary-w.127/proj=none,h2c=ti,mode=batch,n=1024",,slope,74472.61116954125,74342.3809061432,74600.85834592688,0.95,1024,
h2c.id,"binary.109/proj=fp127,h2c=pornin,mode=batch,n=1024",,slope,44512.440608323,44368.68569717603,44638.10518887484,0.95,1024,
h2c.id,"binary.109/proj=fp127,h2c=ti,mode=batch,n=1024",,slope,48122.598123948854,48016.09912545475,48228.085793612736,0.95,1024,
h2c.id,"binary.109/proj=fp130,h2c=pornin,mode=batch,n=1024",,slope,49244.71078919406,49160.7439688996,49326.97459625772,0.95,1024,
h2c.id,"binary.109/proj=fp130,h2c=ti,mode=batch,n=1024",,slope,60760.79563991342,60628.03706672578,60887.53133900527,0.95,1024,
h2c.id,"binary.109/proj=gf2_127,h2c=pornin,mode=batch,n=1024",,slope,42738.23945766218,42679.836591774765,42796.66959157972,0.95,1024,
h2c.id,"binary.109/proj=gf2_127,h2c=ti,mode=batch,n=1024",,slope,44955.90946827519,44726.44830479854,45177.750219760375,0.95,1024,
h2c.id,"binary.109/proj=none,h2c=pornin,mode=batch,n=1024",,slope,65750.57381280478,65629.00709795929,65870.2761972623,0.95,1024,
h2c.id,"binary.109/proj=none,h2c=ti,mode=batch,n=1024",,slope,76558.0391779109,76449.91833774121,76666.36709480933,0.95,1024,
h2c.id,"binary.127/proj=fp127,h2c=pornin,mode=batch,n=1024",,slope,42736.956304984975,42640.472584381365,42824.29470294209,0.95,1024,
h2c.id,"binary.127/proj=fp127,h2c=ti,mode=batch,n=1024",,slope,50637.280026451896,50526.8247482548,50743.681258978744,0.95,1024,
h2c.id,"binary.127/proj=fp130,h2c=pornin,mode=batch,n=1024",,slope,47036.42412012843,46917.856487805366,47150.3585469626,0.95,1024,
h2c.id,"binary.127/proj=fp130,h2c=ti,mode=batch,n=1024",,slope,61051.909197924186,60901.573246166816,61201.744742806055,0.95,1024,
h2c.id,"binary.127/proj=gf2_127,h2c=pornin,mode=batch,n=1024",,slope,40046.13754928329,39923.28068330888,40159.47278092799,0.95,1024,
h2c.id,"binary.127/proj=gf2_127,h2c=ti,mode=batch,n=1024",,slope,43985.39008526031,43856.615730645935,44106.89829079882,0.95,1024,
h2c.id,"binary.127/proj=none,h2c=pornin,mode=batch,n=1024",,slope,64140.7816848308,63967.030835285754,64295.42196394273,0.95,1024,
h2c.id,"binary.127/proj=none,h2c=ti,mode=batch,n=1024",,slope,73017.30792205872,72868.35462953392,73150.72898083572,0.95,1024,
h2c.id,"twisted.61x2/proj=fp127,h2c=elligator2,mode=batch,n=1024",,slope,902608.4017703561,900409.824475437,904834.6499480165,0.95,1024,
h2c.id,"twisted.61x2/proj=fp127,h2c=ti,mode=batch,n=1024",,slope,618083.0538539974,616636.9407343372,619420.0015906567,0.95,1024,
h2c.id,"twisted.61x2/proj=fp130,h2c=elligator2,mode=batch,n=1024",,slope,902696.867152357,900506.0522015094,904832.372822435,0.95,1024,
h2c.id,"twisted.61x2/proj=fp130,h2c=ti,mode=batch,n=1024",,slope,626222.4820230531,624906.650152394,627483.0622899014,0.95,1024,
h2c.id,"twisted.61x2/proj=gf2_127,h2c=elligator2,mode=batch,n=1024",,slope,892196.9912989507,890681.3641160484,893739.4888651521,0.95,1024,
h2c.id,"twisted.61x2/proj=gf2_127,h2c=ti,mode=batch,n=1024",,slope,607844.7636397221,606094.2008216293,609592.832985095,0.95,1024,
h2c.id,"twisted.61x2/proj=none,h2c=elligator2,mode=batch,n=1024",,slope,937825.0025993794,936224.3283240759,939515.9311443159,0.95,1024,
h2c.id,"twisted.61x2/proj=none,h2c=ti,mode=batch,n=1024",,slope,643871.4060750701,642307.798711842,645476.5484366693,0.95,1024,
h2c_parts,digest/sha512 (ristretto input),,slope,62358.413680545294,62124.855163142536,62575.794338382744,0.95,1024,
h2c_parts,ristretto255/from_uniform_bytes (2 maps + add),,mean,4890356.630909092,4878653.905022728,4901105.483704545,0.95,1024,
hash_to_curve,edwards107/edwards-native try-and-increment,,slope,1097180.016131225,1095588.4253943767,1098942.0367520126,0.95,1024,
hash_to_curve,edwards107/elligator2 x1,,slope,1090863.5875306635,1090173.2473397814,1091646.5332478061,0.95,1024,
hash_to_curve,edwards127/edwards-native try-and-increment,,slope,1128172.8415043594,1125879.7823722656,1130585.3304626485,0.95,1024,
hash_to_curve,edwards127/elligator2 x1,,slope,1316203.7261149697,1313996.8070914098,1318473.450979379,0.95,1024,
hash_to_curve,edwards61x2/elligator2 x1,,slope,751835.433382592,751175.5963638785,752607.7044858432,0.95,1024,
hash_to_curve,"gf2_109-lambda/pornin map x1 to (x, λ)",,slope,563379.9691177774,561093.5242323461,566059.4289499846,0.95,1024,
hash_to_curve,"gf2_109-lambda/pornin map x1 to (x, λ), batched",,slope,56560.75208511896,56338.42499972807,56830.338340468574,0.95,1024,
hash_to_curve,"gf2_109-lambda/try-and-increment to (x, λ)",,slope,960576.5024501256,959484.1628251934,961751.4453962448,0.95,1024,
hash_to_curve,"gf2_109-lambda/try-and-increment to (x, λ), batched",,slope,79429.28311057053,79397.09281656443,79463.31415336908,0.95,1024,
hash_to_curve,"gf2_109-u/pornin map x1 to (u, v)",,slope,545300.3365775085,544362.7915844249,546249.9773050558,0.95,1024,
hash_to_curve,"gf2_109-u/pornin map x1 to (u, v), batched",,slope,62106.15660932379,61789.59100640266,62460.50787418207,0.95,1024,
hash_to_curve,"gf2_109-w/pornin map x1 to (x, λ)",,slope,547480.8914792375,547256.2416785426,547754.8091868373,0.95,1024,
hash_to_curve,"gf2_109-w/pornin map x1 to (x, λ), batched",,slope,55775.04596341724,55759.042353322715,55792.120841896634,0.95,1024,
hash_to_curve,gf2_109/pornin map x1,,slope,573720.196236146,572676.0551203031,574802.931234462,0.95,1024,
hash_to_curve,"gf2_109/pornin map x1, batched",,slope,65263.59771390572,65192.75990913954,65344.09881779232,0.95,1024,
hash_to_curve,"gf2_122-gls-lambda/pornin map x1 to (x, λ)",,slope,322439.2814193882,321675.1205408849,323144.8437144085,0.95,1024,
hash_to_curve,"gf2_122-gls-lambda/pornin map x1 to (x, λ), batched",,slope,56767.21709439601,56715.18044315481,56821.437541116924,0.95,1024,
hash_to_curve,"gf2_122-gls-lambda/try-and-increment to (x, λ)",,slope,516553.8444643121,515463.1729695068,517598.24340841675,0.95,1024,
hash_to_curve,"gf2_122-gls-lambda/try-and-increment to (x, λ), batched",,slope,75594.14044902785,75560.07916604092,75633.21615080633,0.95,1024,
hash_to_curve,"gf2_122-gls-u/pornin map x1 to (u, v)",,slope,326665.783062657,325954.2224330542,327393.32018888224,0.95,1024,
hash_to_curve,"gf2_122-gls-u/pornin map x1 to (u, v), batched",,slope,57051.39997405711,57004.18484431163,57105.20100021557,0.95,1024,
hash_to_curve,"gf2_122-gls-w/pornin map x1 to (x, λ)",,slope,323156.8351270873,322209.7629617584,324278.5017199182,0.95,1024,
hash_to_curve,"gf2_122-gls-w/pornin map x1 to (x, λ), batched",,slope,56729.128777235936,56681.778395346824,56774.89411439723,0.95,1024,
hash_to_curve,gf2_122-gls/pornin map x1,,slope,377464.4272351116,376150.67598644085,379076.87615931535,0.95,1024,
hash_to_curve,"gf2_122-gls/pornin map x1, batched",,slope,63476.7735519802,63417.19152187642,63536.38688643437,0.95,1024,
hash_to_curve,"gf2_122-lambda/pornin map x1 to (x, λ)",,slope,334196.29438943893,333972.2563373738,334422.9849009286,0.95,1024,
hash_to_curve,"gf2_122-lambda/pornin map x1 to (x, λ), batched",,slope,55224.787539858466,55150.27483250411,55300.75547424315,0.95,1024,
hash_to_curve,"gf2_122-lambda/try-and-increment to (x, λ)",,slope,532336.398136545,531666.6492922549,532943.337660784,0.95,1024,
hash_to_curve,"gf2_122-lambda/try-and-increment to (x, λ), batched",,slope,74050.81160970255,74021.6754291401,74081.60014871905,0.95,1024,
hash_to_curve,"gf2_122-u/pornin map x1 to (u, v)",,slope,333638.00252598396,333016.37722375017,334278.1492916995,0.95,1024,
hash_to_curve,"gf2_122-u/pornin map x1 to (u, v), batched",,slope,58425.9911077113,58388.49424538158,58466.73300890942,0.95,1024,
hash_to_curve,"gf2_122-w/pornin map x1 to (x, λ)",,slope,334252.2729077385,334059.2469209764,334452.44329492043,0.95,1024,
hash_to_curve,"gf2_122-w/pornin map x1 to (x, λ), batched",,slope,55247.13810419848,55179.74515540103,55314.027567680925,0.95,1024,
hash_to_curve,gf2_122/pornin map x1,,slope,382030.1985990838,381883.8882477055,382208.7826209511,0.95,1024,
hash_to_curve,"gf2_122/pornin map x1, batched",,slope,64315.03356103148,64281.87090001556,64348.35073835768,0.95,1024,
hash_to_curve,"gf2_127-lambda/pornin map x1 to (x, λ)",,slope,466546.97518053296,465507.9596440196,467679.7207659847,0.95,1024,
hash_to_curve,"gf2_127-lambda/pornin map x1 to (x, λ), batched",,slope,54797.50562917564,54685.93451371178,54914.478092831516,0.95,1024,
hash_to_curve,"gf2_127-lambda/try-and-increment to (x, λ)",,slope,779073.2019462095,777687.761325801,780559.3072952474,0.95,1024,
hash_to_curve,"gf2_127-lambda/try-and-increment to (x, λ), batched",,slope,74577.3584164749,74527.86146461406,74624.7959788658,0.95,1024,
hash_to_curve,"gf2_127-u/pornin map x1 to (u, v)",,slope,471625.9625259839,470550.89902126254,472751.1698811341,0.95,1024,
hash_to_curve,"gf2_127-u/pornin map x1 to (u, v), batched",,slope,58591.34001738541,58548.242328247674,58632.94390607648,0.95,1024,
hash_to_curve,"gf2_127-w/pornin map x1 to (x, λ)",,slope,465888.1755411063,464842.74750018516,466997.11587891955,0.95,1024,
hash_to_curve,"gf2_127-w/pornin map x1 to (x, λ), batched",,slope,54795.82660107488,54702.69661558551,54888.08473816215,0.95,1024,
hash_to_curve,gf2_127/pornin map x1,,slope,497147.1902127974,496253.2763629335,498133.2375245381,0.95,1024,
hash_to_curve,"gf2_127/pornin map x1, batched",,slope,62934.7333244052,62866.31413272126,63003.299826074915,0.95,1024,
hash_to_curve,gf2_127/pornin map x2,,slope,937549.5482133885,935767.4677274704,939408.4893583818,0.95,1024,
hash_to_curve,ristretto255/hash_from_bytes<Sha512>,,mean,4830457.543636363,4816842.713499999,4846959.75590909,0.95,1024,
hash_to_curve,secp256k1/ellswift decode,,mean,5092593.955000001,5084044.649575002,5101125.567200001,0.95,1024,
hash_to_curve,secp256k1/try-and-increment (parse),,mean,4593312.425454545,4583958.4404545445,4602465.761,0.95,1024,
hash_to_curve,sha256 (XOR baseline),,slope,24773.017467489288,24430.800567339447,25155.61545436856,0.95,1024,
hash_to_curve,twisted-goldilocks2/elligator2 x1,,mean,2214623.9491304355,2210580.4494999996,2218617.594858695,0.95,1024,
hash_to_curve,twisted128/elligator2 x1,,mean,3401785.0833333344,3394896.5792000005,3409780.847250001,0.95,1024,
hash_to_curve,twisted61x2/elligator2 x1,,slope,913843.5419772425,912119.0954196333,915775.3608360203,0.95,1024,
hash_to_curve,twisted64x2/elligator2 x1,,slope,1563621.8734032807,1561723.2809447134,1565516.5102706726,0.95,1024,
hash_to_curve,weier107/sswu x1,,slope,1064381.7556612974,1063983.4074235098,1064949.8551770116,0.95,1024,
hash_to_curve,weier127/sswu x1,,slope,1128401.5196571597,1126673.6596800818,1130111.208311156,0.95,1024,
hash_to_curve,weier61x2/sswu x1,,slope,719617.1258223733,718235.2100438644,721010.7207588163,0.95,1024,
negate,"edwards107/extended (-X, -T)",,slope,1040.785521803178,1040.4287885793258,1041.1464626191525,0.95,1024,
negate,"edwards127/extended (-X, -T)",,slope,1473.8499466338442,1464.3896962541603,1485.3664398497697,0.95,1024,
negate,gf2_109/affine (y += x),,slope,641.4207803909507,641.0484841430801,641.8135648726108,0.95,1024,
negate,gf2_122/affine (y += x),,slope,643.17749962478,642.7940936032005,643.5428377149751,0.95,1024,
negate,gf2_127/affine (y += x),,slope,659.3115124237371,658.9585727266045,659.680657746335,0.95,1024,
negate,ristretto255/-P,,slope,6346.172139181936,6320.501752917114,6371.537119119189,0.95,1024,
negate,secp256k1/PublicKey::negate,,slope,13129.497369082155,13036.9851258766,13232.032000641673,0.95,1024,
negate,weier107/projective (-Y),,slope,817.6874404381417,817.3406573693808,818.0502051824328,0.95,1024,
negate,weier127/projective (-Y),,slope,949.781589876765,941.8883868461954,957.3240068293771,0.95,1024,
on_curve,"ristretto255/decompress (valid, inv sqrt)",,mean,2372340.3968181815,2368849.1807727264,2375790.9335000003,0.95,1024,
on_curve,secp256k1/x: parse compressed (sqrt),,mean,2300864.7486363635,2297547.190602273,2304116.0578749995,0.95,1024,
riblt.cells,binary-lambda.109,"m=12150,n=3500",slope,1033163.0023023497,1030231.3968957645,1035900.1692162382,0.95,3500,
riblt.cells,binary-lambda.109,"m=1350,n=3500",slope,828356.9208925669,827338.3369684614,829355.046119869,0.95,3500,
riblt.cells,binary-lambda.109,"m=150,n=3500",slope,625573.6691561992,624515.4504953383,626609.5992230288,0.95,3500,
riblt.cells,binary-lambda.109,"m=20,n=3500",slope,427548.05908083345,425555.14715882175,429676.49791009986,0.95,3500,
riblt.cells,binary-lambda.109,"m=5,n=3500",slope,323406.7943653022,322774.6228805428,324024.0289610983,0.95,3500,
riblt.cells,binary-lambda.122,"m=12150,n=3500",slope,1259461.92344318,1257457.9631376087,1261547.9464347214,0.95,3500,
riblt.cells,binary-lambda.122,"m=1350,n=3500",slope,993600.3196748928,991725.7264672681,995503.9913845129,0.95,3500,
riblt.cells,binary-lambda.122,"m=5,n=3500",slope,338066.904899266,337327.374002525,338749.47831509664,0.95,3500,
riblt.cells,binary-lambda.122-gls,"m=12150,n=3500",slope,1257155.1666794738,1255392.234549603,1258857.2887988694,0.95,3500,
riblt.cells,binary-lambda.122-gls,"m=1350,n=3500",slope,995666.9857248411,993502.997977518,997837.3712151045,0.95,3500,
riblt.cells,binary-lambda.122-gls,"m=5,n=3500",slope,340664.07556967635,339930.66392849234,341309.6851152072,0.95,3500,
riblt.cells,binary-lambda.127,"m=12150,n=3500",slope,1193949.2828461651,1191883.5558523112,1195897.6115489674,0.95,3500,
riblt.cells,binary-lambda.127,"m=1350,n=3500",slope,934279.7366395744,932999.548341668,935456.7225607057,0.95,3500,
riblt.cells,binary-lambda.127,"m=5,n=3500",slope,323877.4288909413,323192.60201834596,324541.8566395997,0.95,3500,
riblt.cells,binary-u.109,"m=12150,n=3500",slope,954671.4520629526,953094.3148729007,956261.1330070652,0.95,3500,
riblt.cells,binary-u.109,"m=1350,n=3500",slope,742494.5462568346,741301.8342452188,743633.2841683493,0.95,3500,
riblt.cells,binary-u.109,"m=150,n=3500",slope,562083.0609782769,560764.5388164053,563310.0166891614,0.95,3500,
riblt.cells,binary-u.109,"m=20,n=3500",slope,406179.4153214127,405135.8932239826,407207.083947868,0.95,3500,
riblt.cells,binary-u.109,"m=5,n=3500",slope,306511.1398234077,305819.3198758546,307177.75392439053,0.95,3500,
riblt.cells,binary-u.122,"m=12150,n=3500",slope,1108723.8778099602,1103383.6425253323,1114746.7928627497,0.95,3500,
riblt.cells,binary-u.122,"m=1350,n=3500",slope,859889.72527708,858562.2973435785,861124.7842741421,0.95,3500,
riblt.cells,binary-u.122,"m=5,n=3500",slope,312741.43247746414,312178.5089998943,313298.4946695198,0.95,3500,
riblt.cells,binary-u.122-gls,"m=12150,n=3500",slope,1110822.9658223733,1108667.8707328478,1112852.103080687,0.95,3500,
riblt.cells,binary-u.122-gls,"m=1350,n=3500",slope,860683.6617009015,858361.5526863647,862527.1663692797,0.95,3500,
riblt.cells,binary-u.122-gls,"m=5,n=3500",slope,312760.2001832422,312189.81994031556,313293.6958236175,0.95,3500,
riblt.cells,binary-u.127,"m=12150,n=3500",slope,1001321.8695995271,999139.9098307884,1003254.9157833946,0.95,3500,
riblt.cells,binary-u.127,"m=1350,n=3500",slope,777623.1499394119,776562.956933117,778655.6448435432,0.95,3500,
riblt.cells,binary-u.127,"m=150,n=3500",slope,586053.1301669868,584784.7144977985,587206.3515046614,0.95,3500,
riblt.cells,binary-u.127,"m=20,n=3500",slope,418385.8981478745,417713.7055585449,419000.67569762765,0.95,3500,
riblt.cells,binary-u.127,"m=5,n=3500",slope,302453.0744325403,301940.58001242444,302961.78130777826,0.95,3500,
riblt.cells,binary-w.109,"m=12150,n=3500",slope,1020601.8195241614,1015664.4315366639,1025738.2007070569,0.95,3500,
riblt.cells,binary-w.109,"m=1350,n=3500",slope,828286.2680907345,827033.5829794166,829507.2879882389,0.95,3500,
riblt.cells,binary-w.109,"m=150,n=3500",slope,622553.5170193587,620981.8108392105,623983.3794126716,0.95,3500,
riblt.cells,binary-w.109,"m=20,n=3500",slope,439297.0350081277,438487.00816953595,440119.3931958269,0.95,3500,
riblt.cells,binary-w.109,"m=5,n=3500",slope,324370.2481949165,323810.53373115393,324920.6123625245,0.95,3500,
riblt.cells,binary-w.122,"m=12150,n=3500",slope,1254751.7725048028,1252566.1663951303,1256743.3063726923,0.95,3500,
riblt.cells,binary-w.122,"m=1350,n=3500",slope,994179.1511570859,992065.8373572347,996150.3046111201,0.95,3500,
riblt.cells,binary-w.122,"m=5,n=3500",slope,337764.99990148266,337084.77054706577,338432.6924248078,0.95,3500,
riblt.cells,binary-w.122-gls,"m=12150,n=3500",slope,1256246.67055416,1254026.7270689541,1258448.1799541444,0.95,3500,
riblt.cells,binary-w.122-gls,"m=1350,n=3500",slope,992270.7698359686,990531.2194575475,994008.3316554553,0.95,3500,
riblt.cells,binary-w.122-gls,"m=5,n=3500",slope,340993.71614304715,340238.5952215055,341737.9359840951,0.95,3500,
riblt.cells,binary-w.127,"m=12150,n=3500",slope,1193560.4034077139,1191767.4874263848,1195324.6713584347,0.95,3500,
riblt.cells,binary-w.127,"m=1350,n=3500",slope,934585.3208748337,933476.6078439663,935647.8423888941,0.95,3500,
riblt.cells,binary-w.127,"m=5,n=3500",slope,323253.0025528299,322272.07039578236,324115.7901484693,0.95,3500,
riblt.cells,binary.109,"m=12150,n=3500",slope,1121818.949434018,1119122.7657059652,1124373.2504448371,0.95,3500,
riblt.cells,binary.109,"m=1350,n=3500",slope,866536.5464090438,865294.0063484228,867749.7743462166,0.95,3500,
riblt.cells,binary.109,"m=5,n=3500",slope,327787.5226910004,327206.7826715209,328391.8945275615,0.95,3500,
riblt.cells,binary.122,"m=12150,n=3500",slope,1366941.7715945027,1363493.3165024105,1370330.0978797753,0.95,3500,
riblt.cells,binary.122,"m=1350,n=3500",slope,1057425.244477612,1055568.02828898,1059302.5422801974,0.95,3500,
riblt.cells,binary.122,"m=5,n=3500",slope,352988.0101945717,352273.88980117097,353648.30171595194,0.95,3500,
riblt.cells,binary.122-gls,"m=12150,n=3500",slope,1298507.560141865,1292050.920196884,1305860.1793907706,0.95,3500,
riblt.cells,binary.122-gls,"m=1350,n=3500",slope,1017851.4884468745,1016234.1407485303,1019376.6779675082,0.95,3500,
riblt.cells,binary.122-gls,"m=5,n=3500",slope,347488.0922210729,346356.3888789997,348625.48153333407,0.95,3500,
riblt.cells,binary.127,"m=12150,n=3500",slope,1195173.4304536723,1193400.3114683712,1196899.2191597943,0.95,3500,
riblt.cells,binary.127,"m=1350,n=3500",slope,913700.3715176593,911580.6058622753,915599.5847584091,0.95,3500,
riblt.cells,binary.127,"m=5,n=3500",slope,330916.89408600563,330073.6499843838,331736.6740588866,0.95,3500,
riblt.cells,edwards.107,"m=1350,n=3500",slope,1001435.74554751,999051.3051633674,1003763.5555050889,0.95,3500,
riblt.cells,edwards.127,"m=1350,n=3500",slope,1183012.832108763,1180709.141534985,1185239.7925970135,0.95,3500,
riblt.cells,edwards.61x2,"m=1350,n=3500",slope,945295.8440963499,943683.96777513,946970.6217452581,0.95,3500,
riblt.cells,ristretto255,"m=1350,n=3500",mean,3574568.0907142865,3569315.1698749997,3579578.832160715,0.95,3500,
riblt.cells,twisted.128,"m=1350,n=3500",slope,1495636.0618767547,1488406.806113933,1503221.207264533,0.95,3500,
riblt.cells,twisted.61x2,"m=1350,n=3500",slope,875801.1111496971,873551.8950111549,877720.6545349248,0.95,3500,
riblt.cells,twisted.64x2,"m=1350,n=3500",slope,1157960.814668243,1156138.4826725847,1159686.400614522,0.95,3500,
riblt.cells,twisted.goldilocks2,"m=1350,n=3500",slope,1138503.1525491355,1134806.2798845924,1142379.603904914,0.95,3500,
riblt.cells,weier-jacobian.107,"m=1350,n=3500",slope,1537724.4237328211,1535445.636696283,1539897.7258498892,0.95,3500,
riblt.cells,weier-jacobian.127,"m=1350,n=3500",slope,1895031.6862982118,1889447.4321489355,1900186.9106253157,0.95,3500,
riblt.cells,weier-jacobian.61x2,"m=1350,n=3500",slope,1703450.9057248412,1699055.522543189,1707191.2172231616,0.95,3500,
riblt.cells,weier.107,"m=1350,n=3500",slope,1657934.2913787498,1653272.210906789,1661780.9625871107,0.95,3500,
riblt.cells,weier.127,"m=1350,n=3500",mean,2358672.420454546,2353828.8712727283,2363290.3983636363,0.95,3500,
riblt.cells,weier.61x2,"m=1350,n=3500",slope,1513154.5370947244,1510445.6789043506,1515724.3167184535,0.95,3500,
riblt.cells,xor-sha256.64,"m=1350,n=3500",slope,492099.0036283927,491132.15150222275,493011.94721790566,0.95,3500,
riblt.cells,xor-siphash.64,"m=1350,n=3500",slope,492737.5652145214,490955.0871141805,494269.2219304333,0.95,3500,
riblt.encode,binary-lambda.109,"m=12150,n=3500,h2c=pornin-addend",slope,1263793.4097650363,1260534.5604439185,1266756.5773895874,0.95,3500,
riblt.encode,binary-lambda.109,"m=12150,n=3500,h2c=pornin-addend,proj=gf2_127,mapproj=gf2_127",slope,1069101.7355814984,1066019.7672436482,1072265.3051354156,0.95,3500,
riblt.encode,binary-lambda.109,"m=1350,n=3500,h2c=pornin-addend",slope,1061972.6908408452,1059728.7661244452,1063986.3354328799,0.95,3500,
riblt.encode,binary-lambda.109,"m=1350,n=3500,h2c=pornin-addend,proj=gf2_127,mapproj=gf2_127",slope,854211.4767016403,853238.6613983909,855193.9117935708,0.95,3500,
riblt.encode,binary-lambda.109,"m=150,n=3500,h2c=pornin-addend",slope,857275.7120732969,856128.5814032523,858376.9628580803,0.95,3500,
riblt.encode,binary-lambda.109,"m=20,n=3500,h2c=pornin-addend",slope,659808.5636397222,657653.5429504465,661848.6336473771,0.95,3500,
riblt.encode,binary-lambda.109,"m=5,n=3500,h2c=pornin-addend",slope,554315.1148839958,553021.9032165416,555387.630328857,0.95,3500,
riblt.encode,binary-lambda.109,"m=5,n=3500,h2c=pornin-addend,proj=gf2_127,mapproj=gf2_127",slope,344924.01074922417,344410.3254606785,345413.96852327214,0.95,3500,
riblt.encode,binary-lambda.122,"m=12150,n=3500,h2c=pornin-addend",slope,1461232.5913078173,1458877.262754784,1463569.5397365768,0.95,3500,
riblt.encode,binary-lambda.122,"m=12150,n=3500,h2c=pornin-addend,proj=gf2_127,mapproj=gf2_127",slope,1253149.926703118,1250868.1768879476,1255263.509140277,0.95,3500,
riblt.encode,binary-lambda.122,"m=1350,n=3500,h2c=pornin-addend",slope,1193371.4920555637,1191127.6156900232,1195422.9032777643,0.95,3500,
riblt.encode,binary-lambda.122,"m=1350,n=3500,h2c=pornin-addend,proj=gf2_127,mapproj=gf2_127",slope,995152.2728683316,991788.5110753217,998164.3144955068,0.95,3500,
riblt.encode,binary-lambda.122,"m=5,n=3500,h2c=pornin-addend",slope,539354.995282991,538150.9412152708,540364.6961500918,0.95,3500,
riblt.encode,binary-lambda.122,"m=5,n=3500,h2c=pornin-addend,proj=gf2_127,mapproj=gf2_127",slope,347457.1968444904,346924.4006830979,347970.4300667016,0.95,3500,
riblt.encode,binary-lambda.122-gls,"m=12150,n=3500,h2c=pornin-addend",slope,1459014.7167873504,1456012.8374242794,1461855.9695106212,0.95,3500,
riblt.encode,binary-lambda.122-gls,"m=12150,n=3500,h2c=pornin-addend,proj=gf2_127,mapproj=gf2_127",slope,1252744.5566011528,1250217.7142164446,1255168.372701559,0.95,3500,
riblt.encode,binary-lambda.122-gls,"m=1350,n=3500,h2c=pornin-addend",slope,1195630.3164060884,1193271.1495822035,1197940.1804804495,0.95,3500,
riblt.encode,binary-lambda.122-gls,"m=1350,n=3500,h2c=pornin-addend,proj=gf2_127,mapproj=gf2_127",slope,1000160.7113107729,998652.274140692,1001681.1552207654,0.95,3500,
riblt.encode,binary-lambda.122-gls,"m=5,n=3500,h2c=pornin-addend",slope,540564.4731697945,539732.9527602472,541320.8935236285,0.95,3500,
riblt.encode,binary-lambda.122-gls,"m=5,n=3500,h2c=pornin-addend,proj=gf2_127,mapproj=gf2_127",slope,346510.9757046451,345979.42326840543,347032.72557370237,0.95,3500,
riblt.encode,binary-lambda.127,"m=12150,n=3500,h2c=pornin-addend",slope,1397324.048000591,1395165.3464282209,1399328.517037555,0.95,3500,
riblt.encode,binary-lambda.127,"m=12150,n=3500,h2c=pornin-addend,proj=gf2_127,mapproj=gf2_127",slope,1194166.9168523718,1191829.4883401927,1196645.7759374515,0.95,3500,
riblt.encode,binary-lambda.127,"m=1350,n=3500,h2c=pornin-addend",slope,1139537.4789389686,1137320.6491946976,1141782.8915051664,0.95,3500,
riblt.encode,binary-lambda.127,"m=1350,n=3500,h2c=pornin-addend,proj=gf2_127,mapproj=gf2_127",slope,937382.1160174375,935957.1709971748,938624.9789833365,0.95,3500,
riblt.encode,binary-lambda.127,"m=5,n=3500,h2c=pornin-addend",slope,528101.3808630117,527308.6412281449,528855.777279503,0.95,3500,
riblt.encode,binary-lambda.127,"m=5,n=3500,h2c=pornin-addend,proj=gf2_127,mapproj=gf2_127",slope,337533.3400581252,337052.31418887584,338002.4188728842,0.95,3500,
riblt.encode,binary-u.109,"m=12150,n=3500,h2c=pornin-addend",slope,1194194.4021131964,1190733.615031076,1197277.817325066,0.95,3500,
riblt.encode,binary-u.109,"m=12150,n=3500,h2c=pornin-addend,proj=gf2_127,mapproj=gf2_127",slope,1014601.4955844539,1011612.8857283092,1017408.4552551415,0.95,3500,
riblt.encode,binary-u.109,"m=1350,n=3500,h2c=pornin-addend",slope,986311.6463750554,985003.6305739067,987606.6689315969,0.95,3500,
riblt.encode,binary-u.109,"m=1350,n=3500,h2c=pornin-addend,proj=gf2_127,mapproj=gf2_127",slope,778491.7959258164,777007.7826616213,779938.5633375816,0.95,3500,
riblt.encode,binary-u.109,"m=150,n=3500,h2c=pornin-addend",slope,802388.5431786611,801276.2429817078,803389.0098976368,0.95,3500,
riblt.encode,binary-u.109,"m=20,n=3500,h2c=pornin-addend",slope,646495.2645780996,645625.2616866701,647399.9072818318,0.95,3500,
riblt.encode,binary-u.109,"m=5,n=3500,h2c=pornin-addend",slope,549231.4359612827,548390.9896594378,550010.927703161,0.95,3500,
riblt.encode,binary-u.109,"m=5,n=3500,h2c=pornin-addend,proj=gf2_127,mapproj=gf2_127",slope,330715.64359292644,330105.80745946715,331294.5420816345,0.95,3500,
riblt.encode,binary-u.122,"m=12150,n=3500,h2c=pornin-addend",slope,1323438.5737254322,1315721.6469973328,1332669.3272903725,0.95,3500,
riblt.encode,binary-u.122,"m=12150,n=3500,h2c=pornin-addend,proj=gf2_127,mapproj=gf2_127",slope,1139191.3090675336,1136989.6330198473,1141437.7155696787,0.95,3500,
riblt.encode,binary-u.122,"m=1350,n=3500,h2c=pornin-addend",slope,1078470.984279592,1076605.3575127195,1080212.145502342,0.95,3500,
riblt.encode,binary-u.122,"m=1350,n=3500,h2c=pornin-addend,proj=gf2_127,mapproj=gf2_127",slope,885135.8520865968,883492.2620122052,886597.4527727987,0.95,3500,
riblt.encode,binary-u.122,"m=5,n=3500,h2c=pornin-addend",slope,531191.6420333973,530010.0224967864,532237.4912573869,0.95,3500,
riblt.encode,binary-u.122,"m=5,n=3500,h2c=pornin-addend,proj=gf2_127,mapproj=gf2_127",slope,329951.3483828383,328209.98404981947,331508.0242674511,0.95,3500,
riblt.encode,binary-u.122-gls,"m=12150,n=3500,h2c=pornin-addend",slope,1321350.3378513374,1319176.2108038608,1323357.6033646318,0.95,3500,
riblt.encode,binary-u.122-gls,"m=12150,n=3500,h2c=pornin-addend,proj=gf2_127,mapproj=gf2_127",slope,1136459.63254618,1134264.5266739465,1138562.951725529,0.95,3500,
riblt.encode,binary-u.122-gls,"m=1350,n=3500,h2c=pornin-addend",slope,1071365.4625506133,1069238.8233174863,1073397.1641603506,0.95,3500,
riblt.encode,binary-u.122-gls,"m=1350,n=3500,h2c=pornin-addend,proj=gf2_127,mapproj=gf2_127",slope,880900.3373887986,878859.8556726761,882702.813952698,0.95,3500,
riblt.encode,binary-u.122-gls,"m=5,n=3500,h2c=pornin-addend",slope,526620.0629688193,525255.344146703,527898.9419397641,0.95,3500,
riblt.encode,binary-u.122-gls,"m=5,n=3500,h2c=pornin-addend,proj=gf2_127,mapproj=gf2_127",slope,330809.67705236195,330251.6335147837,331354.97943597153,0.95,3500,
riblt.encode,binary-u.127,"m=12150,n=3500,h2c=pornin-addend",slope,1227254.460830501,1223247.5472099604,1230860.1982866756,0.95,3500,
riblt.encode,binary-u.127,"m=12150,n=3500,h2c=pornin-addend,proj=gf2_127,mapproj=gf2_127",slope,1028589.2845160337,1026340.99077538,1030889.8026371627,0.95,3500,
riblt.encode,binary-u.127,"m=1350,n=3500,h2c=pornin-addend",slope,1006641.6356908527,1004603.8600212426,1008523.2642308951,0.95,3500,
riblt.encode,binary-u.127,"m=1350,n=3500,h2c=pornin-addend,proj=gf2_127,mapproj=gf2_127",slope,795364.0253007241,793961.6405165233,796791.7956473213,0.95,3500,
riblt.encode,binary-u.127,"m=150,n=3500,h2c=pornin-addend",slope,809810.023487513,808729.0150351231,810921.598744313,0.95,3500,
riblt.encode,binary-u.127,"m=20,n=3500,h2c=pornin-addend",slope,642084.3899896557,640513.04845263,643399.7693974433,0.95,3500,
riblt.encode,binary-u.127,"m=5,n=3500,h2c=pornin-addend",slope,530444.7285813506,529391.9674887635,531441.6865831552,0.95,3500,
riblt.encode,binary-u.127,"m=5,n=3500,h2c=pornin-addend,proj=gf2_127,mapproj=gf2_127",slope,316864.2574471701,316427.0500090096,317298.71556226263,0.95,3500,
riblt.encode,binary-w.109,"m=12150,n=3500,h2c=pornin-addend",slope,1263108.8246460767,1259673.9498230515,1266086.354885756,0.95,3500,
riblt.encode,binary-w.109,"m=12150,n=3500,h2c=pornin-addend,proj=gf2_127,mapproj=gf2_127",slope,1055807.1719314319,1053257.7541927495,1058170.1400911177,0.95,3500,
riblt.encode,binary-w.109,"m=1350,n=3500,h2c=pornin-addend",slope,1057811.532767844,1055603.7232106128,1059946.9863964315,0.95,3500,
riblt.encode,binary-w.109,"m=1350,n=3500,h2c=pornin-addend,proj=gf2_127,mapproj=gf2_127",slope,837945.0103738732,833451.1053353407,842348.0133637163,0.95,3500,
riblt.encode,binary-w.109,"m=150,n=3500,h2c=pornin-addend",slope,855912.7652859465,854545.7934415112,857220.8966264987,0.95,3500,
riblt.encode,binary-w.109,"m=20,n=3500,h2c=pornin-addend",slope,670481.8182651101,669325.8398767378,671595.7739360491,0.95,3500,
riblt.encode,binary-w.109,"m=5,n=3500,h2c=pornin-addend",slope,555327.5248869514,554458.5367204439,556143.6431260894,0.95,3500,
riblt.encode,binary-w.109,"m=5,n=3500,h2c=pornin-addend,proj=gf2_127,mapproj=gf2_127",slope,343971.04405891337,343444.6653881416,344468.125879336,0.95,3500,
riblt.encode,binary-w.122,"m=12150,n=3500,h2c=pornin-addend",slope,1459909.7809250776,1457830.9093243002,1461892.833502483,0.95,3500,
riblt.encode,binary-w.122,"m=12150,n=3500,h2c=pornin-addend,proj=gf2_127,mapproj=gf2_127",slope,1262756.9703413625,1259678.952896406,1265682.9050300953,0.95,3500,
riblt.encode,binary-w.122,"m=1350,n=3500,h2c=pornin-addend",slope,1193144.1773636767,1190311.35181518,1195578.4850408002,0.95,3500,
riblt.encode,binary-w.122,"m=1350,n=3500,h2c=pornin-addend,proj=gf2_127,mapproj=gf2_127",slope,998622.7667504064,996469.2164316234,1000703.6602751778,0.95,3500,
riblt.encode,binary-w.122,"m=5,n=3500,h2c=pornin-addend",slope,538876.7263543668,537599.6033719098,540107.832719674,0.95,3500,
riblt.encode,binary-w.122,"m=5,n=3500,h2c=pornin-addend,proj=gf2_127,mapproj=gf2_127",slope,347763.672648638,347296.4431422175,348249.7759822949,0.95,3500,
riblt.encode,binary-w.122-gls,"m=12150,n=3500,h2c=pornin-addend",slope,1458511.9440608837,1456788.4630157258,1460200.703096858,0.95,3500,
riblt.encode,binary-w.122-gls,"m=12150,n=3500,h2c=pornin-addend,proj=gf2_127,mapproj=gf2_127",slope,1259430.168597606,1257055.8997511324,1261791.0211806288,0.95,3500,
riblt.encode,binary-w.122-gls,"m=1350,n=3500,h2c=pornin-addend",slope,1191129.438406975,1188444.9237046908,1193764.4443818366,0.95,3500,
riblt.encode,binary-w.122-gls,"m=1350,n=3500,h2c=pornin-addend,proj=gf2_127,mapproj=gf2_127",slope,984932.9084852963,980699.4252324288,989181.4666334317,0.95,3500,
riblt.encode,binary-w.122-gls,"m=5,n=3500,h2c=pornin-addend",slope,539889.5857647407,539029.1430781552,540736.8583250483,0.95,3500,
riblt.encode,binary-w.122-gls,"m=5,n=3500,h2c=pornin-addend,proj=gf2_127,mapproj=gf2_127",slope,345381.7459228609,344769.5564443858,345983.6034944949,0.95,3500,
riblt.encode,binary-w.127,"m=12150,n=3500,h2c=pornin-addend",slope,1392935.2055386435,1390030.059057754,1395637.1533381206,0.95,3500,
riblt.encode,binary-w.127,"m=12150,n=3500,h2c=pornin-addend,proj=gf2_127,mapproj=gf2_127",slope,1192883.909883257,1190679.9390555448,1194821.3047700739,0.95,3500,
riblt.encode,binary-w.127,"m=1350,n=3500,h2c=pornin-addend",slope,1138005.9817230678,1136457.8503827157,1139608.2666350158,0.95,3500,
riblt.encode,binary-w.127,"m=1350,n=3500,h2c=pornin-addend,proj=gf2_127,mapproj=gf2_127",slope,937403.0305512043,936475.4847972064,938326.8044103474,0.95,3500,
riblt.encode,binary-w.127,"m=5,n=3500,h2c=pornin-addend",slope,528668.1386788829,527811.3344554737,529524.908780476,0.95,3500,
riblt.encode,binary-w.127,"m=5,n=3500,h2c=pornin-addend,proj=gf2_127,mapproj=gf2_127",slope,335595.4939904438,334529.75630941655,336503.98287640425,0.95,3500,
riblt.encode,binary.109,"m=12150,n=3500,h2c=pornin",slope,1393039.8360721148,1389455.6441258504,1396195.8162958778,0.95,3500,
riblt.encode,binary.109,"m=12150,n=3500,h2c=pornin,proj=gf2_127,mapproj=gf2_127",slope,1180734.3822432393,1177750.060082223,1183579.296599256,0.95,3500,
riblt.encode,binary.109,"m=1350,n=3500,h2c=pornin",slope,1134279.5778808927,1131680.6402593304,1136639.4340148058,0.95,3500,
riblt.encode,binary.109,"m=1350,n=3500,h2c=pornin,proj=gf2_127,mapproj=gf2_127",slope,927003.2860440372,925481.7008137645,928379.5227910981,0.95,3500,
riblt.encode,binary.109,"m=5,n=3500,h2c=pornin",slope,602895.759434018,602013.3363884502,603729.6358272728,0.95,3500,
riblt.encode,binary.109,"m=5,n=3500,h2c=pornin,proj=gf2_127,mapproj=gf2_127",slope,379786.08531894983,379365.5091718154,380210.4861292284,0.95,3500,
riblt.encode,binary.122,"m=12150,n=3500,h2c=pornin",slope,1620397.0082488547,1618364.1415348062,1622233.9963955074,0.95,3500,
riblt.encode,binary.122,"m=1350,n=3500,h2c=pornin",slope,1299275.1756110536,1296084.6304035054,1302216.458020339,0.95,3500,
riblt.encode,binary.122,"m=5,n=3500,h2c=pornin",slope,589919.7261666913,588291.3647605057,591506.0351121838,0.95,3500,
riblt.encode,binary.122-gls,"m=12150,n=3500,h2c=pornin",slope,1559561.124034284,1557267.5721210092,1561766.1476658683,0.95,3500,
riblt.encode,binary.122-gls,"m=1350,n=3500,h2c=pornin",slope,1254186.5899069011,1252337.9857930273,1255999.8964546926,0.95,3500,
riblt.encode,binary.122-gls,"m=5,n=3500,h2c=pornin",slope,582960.8355401212,582245.3843759353,583620.3553838141,0.95,3500,
riblt.encode,binary.127,"m=12150,n=3500,h2c=pornin",slope,1438449.7075602186,1434605.856347939,1441925.54150125,0.95,3500,
riblt.encode,binary.127,"m=12150,n=3500,h2c=pornin,map=mcg64",slope,1439724.6763558446,1437843.042269615,1441596.8174760547,0.95,3500,
riblt.encode,binary.127,"m=12150,n=3500,h2c=pornin,proj=gf2_127,mapproj=gf2_127",slope,1233107.8706635141,1231347.966420514,1234784.1271134398,0.95,3500,
riblt.encode,binary.127,"m=1350,n=3500,h2c=pornin",slope,1150596.8611230974,1144390.5047903059,1157008.172109961,0.95,3500,
riblt.encode,binary.127,"m=1350,n=3500,h2c=pornin,map=mcg64",slope,1156719.1883109207,1153203.4075921893,1159850.4209714117,0.95,3500,
riblt.encode,binary.127,"m=1350,n=3500,h2c=pornin,proj=gf2_127,mapproj=gf2_127",slope,954021.942767844,952688.6869928712,955341.3819333168,0.95,3500,
riblt.encode,binary.127,"m=150,n=3500,h2c=pornin,map=mcg64",slope,906662.797232156,904771.770690934,908274.5962830371,0.95,3500,
riblt.encode,binary.127,"m=20,n=3500,h2c=pornin,map=mcg64",slope,690420.7543520024,688365.696553825,692185.7841780724,0.95,3500,
riblt.encode,binary.127,"m=5,n=3500,h2c=pornin",slope,563106.404409635,560254.9729803215,566265.4066258934,0.95,3500,
riblt.encode,binary.127,"m=5,n=3500,h2c=pornin,map=mcg64",slope,554574.7890675336,553842.0700873184,555282.1906611234,0.95,3500,
riblt.encode,binary.127,"m=5,n=3500,h2c=pornin,proj=gf2_127,mapproj=gf2_127",slope,357956.597388306,357588.2564838042,358328.08983763657,0.95,3500,
riblt.encode,edwards.107,"m=1350,n=3500,h2c=ti",mean,3804638.8735714285,3797128.0999999996,3812076.381482141,0.95,3500,
riblt.encode,edwards.127,"m=1350,n=3500,h2c=ti",mean,5028630.580000001,5016373.306175001,5040331.040999999,0.95,3500,
riblt.encode,edwards.61x2,"m=1350,n=3500,h2c=ti",mean,3290035.761875,3283943.2966250004,3296097.0333125,0.95,3500,
riblt.encode,ristretto255,"m=12150,n=3500",mean,21550842.37333333,21500847.66691667,21597151.097916666,0.95,3500,
riblt.encode,ristretto255,"m=12150,n=3500,map=mcg64",mean,22228455.690000005,22140341.068083324,22321797.43941666,0.95,3500,
riblt.encode,ristretto255,"m=1350,n=3500",mean,20448572.35000001,20409547.349666666,20487622.630833343,0.95,3500,
riblt.encode,ristretto255,"m=1350,n=3500,map=mcg64",mean,20842510.70333333,20728372.387249995,20963810.28575,0.95,3500,
riblt.encode,ristretto255,"m=150,n=3500",mean,19337553.616666663,19302863.994583327,19372113.73433332,0.95,3500,
riblt.encode,ristretto255,"m=150,n=3500,map=mcg64",mean,19209781.523333337,19162775.741166674,19254919.333499998,0.95,3500,
riblt.encode,ristretto255,"m=20,n=3500",mean,18361952.363333333,18320339.640999995,18401467.967833336,0.95,3500,
riblt.encode,ristretto255,"m=20,n=3500,map=mcg64",mean,18393468.46333333,18344309.241166666,18443023.040499996,0.95,3500,
riblt.encode,ristretto255,"m=5,n=3500",mean,17873300.546666667,17843973.536500003,17901623.229999997,0.95,3500,
riblt.encode,ristretto255,"m=5,n=3500,map=mcg64",mean,17793229.586666666,17764330.41933333,17822149.789916668,0.95,3500,
riblt.encode,twisted.128,"m=1350,n=3500,h2c=ti",mean,8290056.811666667,8260422.741499998,8318715.157791666,0.95,3500,
riblt.encode,twisted.61x2,"m=1350,n=3500,h2c=ti",mean,3149365.96375,3142997.15278125,3155758.1732343747,0.95,3500,
riblt.encode,twisted.64x2,"m=1350,n=3500,h2c=ti",mean,5073709.705000001,5062442.621225,5085079.089350001,0.95,3500,
riblt.encode,twisted.goldilocks2,"m=1350,n=3500,h2c=ti",mean,7623529.287142859,7605649.550892861,7642081.962964284,0.95,3500,
riblt.encode,weier-jacobian.107,"m=1350,n=3500,h2c=ti",mean,4230574.272499998,4222562.4576875,4238310.504,0.95,3500,
riblt.encode,weier-jacobian.127,"m=1350,n=3500,h2c=ti",mean,5570533.612222222,5558882.330194443,5582051.828249999,0.95,3500,
riblt.encode,weier-jacobian.61x2,"m=1350,n=3500,h2c=ti",mean,3878552.656923077,3862467.754711539,3895352.881846155,0.95,3500,
riblt.encode,weier.107,"m=1350,n=3500,h2c=ti",mean,4351450.414166669,4339707.2404375,4362680.630270835,0.95,3500,
riblt.encode,weier.127,"m=1350,n=3500,h2c=ti",mean,6088695.096666669,6074364.95925,6102517.630111113,0.95,3500,
riblt.encode,weier.61x2,"m=1350,n=3500,h2c=ti",mean,3792054.195714286,3781109.657232143,3802774.296428571,0.95,3500,
riblt.encode,xor-sha256.64,"m=12150,n=3500",slope,696132.0092951086,694998.7106068623,697268.871787073,0.95,3500,
riblt.encode,xor-sha256.64,"m=1350,n=3500",slope,579008.4827028225,577732.4980548338,580265.218038679,0.95,3500,
riblt.encode,xor-sha256.64,"m=150,n=3500",slope,487390.83509876364,486271.4656963287,488502.4367805422,0.95,3500,
riblt.encode,xor-sha256.64,"m=20,n=3500",slope,405045.58677700604,403967.3078775043,406051.8829268338,0.95,3500,
riblt.encode,xor-sha256.64,"m=5,n=3500",slope,333330.7180592089,332516.02711461403,334197.28153318784,0.95,3500,
riblt.encode,xor-siphash.64,"m=12150,n=3500",slope,657152.0780951678,655860.070655616,658454.4292589932,0.95,3500,
riblt.encode,xor-siphash.64,"m=12150,n=3500,map=mcg64",slope,640190.3872026008,638719.9085791301,641651.5391604549,0.95,3500,
riblt.encode,xor-siphash.64,"m=1350,n=3500",slope,541483.641746712,540350.3428270415,542588.9633681065,0.95,3500,
riblt.encode,xor-siphash.64,"m=1350,n=3500,map=mcg64",slope,522369.73356731195,521156.34442654246,523649.75639201293,0.95,3500,
riblt.encode,xor-siphash.64,"m=150,n=3500",slope,452388.8667553323,450983.66960198974,454086.75688051,0.95,3500,
riblt.encode,xor-siphash.64,"m=150,n=3500,map=mcg64",slope,432658.8226166199,431465.5261944037,433801.6092938072,0.95,3500,
riblt.encode,xor-siphash.64,"m=20,n=3500",slope,364778.5830747254,363826.797898292,365722.2630225467,0.95,3500,
riblt.encode,xor-siphash.64,"m=20,n=3500,map=mcg64",slope,347405.4997743954,346564.65677425603,348246.96571592276,0.95,3500,
riblt.encode,xor-siphash.64,"m=5,n=3500",slope,299930.3024804197,299101.58358162415,300667.5105135565,0.95,3500,
riblt.encode,xor-siphash.64,"m=5,n=3500,map=mcg64",slope,287008.2015952416,286150.21947033977,287872.60949860624,0.95,3500,
riblt.mapping,chacha8,"item,m=12150",slope,1011522.0300724102,1009724.9892739288,1013294.9575015223,0.95,3500,
riblt.mapping,chacha8,"item,m=1350",slope,883393.5834224916,880690.8355194252,885691.8968267903,0.95,3500,
riblt.mapping,chacha8,"item,m=150",slope,756512.5809428107,754436.5117405943,758581.4064802998,0.95,3500,
riblt.mapping,chacha8,"item,m=20",slope,642503.9758578396,641433.33219144,643643.2927731754,0.95,3500,
riblt.mapping,chacha8,"item,m=5",slope,565561.1852903798,564680.7920032326,566385.2453491185,0.95,3500,
riblt.mapping,chacha8,next,slope,10712.112431041853,10693.240771540004,10730.916967996694,0.95,1024,
riblt.mapping,mcg64,"item,m=12150",slope,152319.32400810657,151452.46872031022,153256.2108647265,0.95,3500,
riblt.mapping,mcg64,"item,m=1350",slope,87422.75133226755,86938.63842737606,88008.23829941434,0.95,3500,
riblt.mapping,mcg64,"item,m=150",slope,47208.70343283582,47001.90852735244,47444.153670360145,0.95,3500,
riblt.mapping,mcg64,"item,m=20",slope,24195.567251979657,24121.524436568212,24271.146721755085,0.95,3500,
riblt.mapping,mcg64,"item,m=5",slope,12508.05862856416,12472.895949957496,12543.312904756536,0.95,3500,
riblt.mapping,mcg64,next,slope,5811.616305306886,5798.086984653106,5825.30448204361,0.95,1024,
riblt.mapping,projection-fp127,digest of id,slope,33618.23180060096,33557.54663702752,33677.68689229049,0.95,3500,
riblt.mapping,projection-fp127,keys,slope,266.1331522598372,265.5317221289696,266.7478935199032,0.95,1,
riblt.mapping,projection-fp130,digest of id,slope,57652.97091003921,57021.67071180993,58366.91948871775,0.95,3500,
riblt.mapping,projection-fp130,keys,slope,320.60227214774466,319.8077095755801,321.4053895467321,0.95,1,
riblt.mapping,projection-gf2_127,digest of id,slope,17890.44656146425,17855.51704368571,17926.46472157996,0.95,3500,
riblt.mapping,projection-gf2_127,keys,slope,257.4229788180077,256.7845756241446,258.0521356438462,0.95,1,
riblt.mapping,salted-sha256,digest,slope,120936.9016944978,118454.78683500258,123531.49806296393,0.95,3500,
riblt.mapping,salted-sha256,digest of id,slope,115583.61456085907,115048.79129046414,116109.42850344068,0.95,3500,
riblt.mapping,salted-sha256,keys,slope,74.74092006419377,74.43381563688324,75.03735270837805,0.95,1,
riblt.mapping,sha256,id,slope,115726.06934042658,115424.26779765486,116016.06943107664,0.95,3500,
riblt.mapping,sha256-ctr,"item,m=12150",slope,693190.8145928772,691432.9174600743,694845.8910738842,0.95,3500,
riblt.mapping,sha256-ctr,"item,m=1350",slope,549812.4703901286,547322.3130983362,552517.6465468268,0.95,3500,
riblt.mapping,sha256-ctr,"item,m=150",slope,417481.22147973004,416629.7904949917,418330.8564960695,0.95,3500,
riblt.mapping,sha256-ctr,"item,m=20",slope,232316.05114289938,231603.40620895597,232980.77211938612,0.95,3500,
riblt.mapping,sha256-ctr,"item,m=5",slope,122264.08424938016,121855.02072658617,122654.17287747239,0.95,3500,
riblt.mapping,sha256-ctr,next,slope,8671.683066506965,8649.209368791253,8692.628472912387,0.95,1024,
riblt.mapping,xoshiro256pp,"item,m=12150",slope,194146.5157046451,193336.50676406053,194920.23389330576,0.95,3500,
riblt.mapping,xoshiro256pp,"item,m=1350",slope,119691.9330998473,119100.5990192587,120284.31742897487,0.95,3500,
riblt.mapping,xoshiro256pp,"item,m=150",slope,69468.36946505099,69127.10195594339,69800.9407094278,0.95,3500,
riblt.mapping,xoshiro256pp,"item,m=20",slope,35096.13122752574,34863.34250102233,35325.98208794878,0.95,3500,
riblt.mapping,xoshiro256pp,"item,m=5",slope,16975.57307648462,16859.775399529593,17094.616996306595,0.95,3500,
riblt.mapping,xoshiro256pp,next,slope,5795.1633167085365,5780.981750572523,5809.214161698132,0.95,1024,
riblt.peel,binary-lambda.109,"d=10000,m=20000,prefilter=false,batch=false,h2c=pornin-addend",mean,17276557.773333333,17230377.66791667,17320318.509416666,0.95,10000,
riblt.peel,binary-lambda.109,"d=10000,m=20000,prefilter=false,batch=true,h2c=pornin-addend",mean,8972741.653333334,8959479.76754167,8985228.264749996,0.95,10000,
riblt.peel,binary-lambda.109,"d=10000,m=20000,prefilter=true,batch=false,h2c=pornin-addend",mean,15979268.3375,15940577.580125,16016737.557750002,0.95,10000,
riblt.peel,binary-lambda.109,"d=10000,m=20000,prefilter=true,batch=true,h2c=pornin-addend",mean,11232458.326,11201677.292149998,11261467.993250003,0.95,10000,
riblt.peel,binary-lambda.109,"d=10000,m=20000,prefilter=true,batch=true,h2c=pornin-addend,proj=gf2_127,mapproj=gf2_127",mean,9566475.288333332,9547178.01929167,9583982.417458335,0.95,10000,
riblt.peel,binary-lambda.109,"d=1350,m=2700,prefilter=false,batch=false,h2c=pornin-addend",mean,2147224.0907999994,2128855.7172299996,2166426.3916200004,0.95,1350,
riblt.peel,binary-lambda.109,"d=1350,m=2700,prefilter=false,batch=true,h2c=pornin-addend",slope,921414.1363366337,917841.1422749425,925418.4314169714,0.95,1350,
riblt.peel,binary-lambda.109,"d=1350,m=2700,prefilter=true,batch=false,h2c=pornin-addend",slope,1850348.7121767402,1841527.9274165728,1860317.7676951769,0.95,1350,
riblt.peel,binary-lambda.109,"d=1350,m=2700,prefilter=true,batch=true,h2c=pornin-addend",slope,1118475.0109620215,1114546.1827185203,1122980.126729121,0.95,1350,
riblt.peel,binary-lambda.109,"d=1350,m=2700,prefilter=true,batch=true,h2c=pornin-addend,proj=gf2_127,mapproj=gf2_127",slope,790171.1668494163,788607.5405490166,791875.3046170948,0.95,1350,
riblt.peel,binary-lambda.109,"d=150,m=300,prefilter=false,batch=false,h2c=pornin-addend",slope,210268.21354514555,209727.6397716914,210787.12588883823,0.95,150,
riblt.peel,binary-lambda.109,"d=150,m=300,prefilter=false,batch=true,h2c=pornin-addend",slope,83457.16632284124,83305.63622462892,83600.92952722298,0.95,150,
riblt.peel,binary-lambda.109,"d=150,m=300,prefilter=true,batch=false,h2c=pornin-addend",slope,170329.19022658982,169835.87615373955,170809.76705823705,0.95,150,
riblt.peel,binary-lambda.109,"d=150,m=300,prefilter=true,batch=true,h2c=pornin-addend",slope,97475.82981071241,97314.54477560017,97628.70181720144,0.95,150,
riblt.peel,binary-lambda.109,"d=20,m=40,prefilter=false,batch=false,h2c=pornin-addend",slope,23036.282836061462,22955.900412498944,23115.245421110158,0.95,20,
riblt.peel,binary-lambda.109,"d=20,m=40,prefilter=false,batch=true,h2c=pornin-addend",slope,10387.035585057783,10368.836763203502,10405.14491166291,0.95,20,
riblt.peel,binary-lambda.109,"d=20,m=40,prefilter=true,batch=false,h2c=pornin-addend",slope,19698.79364882518,19637.96120119788,19761.931169348147,0.95,20,
riblt.peel,binary-lambda.109,"d=20,m=40,prefilter=true,batch=true,h2c=pornin-addend",slope,11781.774786107635,11758.322603680397,11805.524443024657,0.95,20,
riblt.peel,binary-lambda.109,"d=4,m=10,prefilter=true,batch=true,h2c=pornin-addend,proj=gf2_127,mapproj=gf2_127",slope,2792.677454486282,2787.124451506344,2798.305521221434,0.95,4,
riblt.peel,binary-lambda.109,"d=4,m=8,prefilter=false,batch=false,h2c=pornin-addend",slope,2974.774424802429,2966.5605870977583,2983.1912014980344,0.95,4,
riblt.peel,binary-lambda.109,"d=4,m=8,prefilter=false,batch=true,h2c=pornin-addend",slope,2144.475967289607,2138.877591043236,2150.1954503090333,0.95,4,
riblt.peel,binary-lambda.109,"d=4,m=8,prefilter=true,batch=false,h2c=pornin-addend",slope,3177.528026260517,3169.3783682979833,3185.887678107865,0.95,4,
riblt.peel,binary-lambda.109,"d=4,m=8,prefilter=true,batch=true,h2c=pornin-addend",slope,2345.403187650254,2338.624263991348,2351.982539680586,0.95,4,
riblt.peel,binary-lambda.122,"d=10000,m=20000,prefilter=true,batch=true,h2c=pornin-addend",mean,12122249.08,12097923.662050001,12146056.152900001,0.95,10000,
riblt.peel,binary-lambda.122,"d=10000,m=20000,prefilter=true,batch=true,h2c=pornin-addend,proj=gf2_127,mapproj=gf2_127",mean,10210099.321999999,10186052.08425,10234488.161499996,0.95,10000,
riblt.peel,binary-lambda.122,"d=1350,m=2700,prefilter=true,batch=true,h2c=pornin-addend",slope,1186893.7811615192,1183290.0033365765,1190855.1455032236,0.95,1350,
riblt.peel,binary-lambda.122,"d=1350,m=2700,prefilter=true,batch=true,h2c=pornin-addend,proj=gf2_127,mapproj=gf2_127",slope,872176.6973163884,868203.6307708822,876426.2212230354,0.95,1350,
riblt.peel,binary-lambda.122,"d=4,m=10,prefilter=true,batch=true,h2c=pornin-addend,proj=gf2_127,mapproj=gf2_127",slope,2270.839028281506,2266.3825010015516,2275.0631173690185,0.95,4,
riblt.peel,binary-lambda.122,"d=4,m=8,prefilter=true,batch=true,h2c=pornin-addend",slope,1967.8643557653195,1963.0589834015223,1972.5644729943585,0.95,4,
riblt.peel,binary-lambda.122-gls,"d=10000,m=20000,prefilter=true,batch=true,h2c=pornin-addend",mean,12095558.842,12067698.31495,12123235.317599999,0.95,10000,
riblt.peel,binary-lambda.122-gls,"d=10000,m=20000,prefilter=true,batch=true,h2c=pornin-addend,proj=gf2_127,mapproj=gf2_127",mean,10168709.564,10140446.300150003,10196071.575699996,0.95,10000,
riblt.peel,binary-lambda.122-gls,"d=1350,m=2700,prefilter=true,batch=true,h2c=pornin-addend",slope,1199123.036414955,1195005.7760916424,1203222.967698237,0.95,1350,
riblt.peel,binary-lambda.122-gls,"d=1350,m=2700,prefilter=true,batch=true,h2c=pornin-addend,proj=gf2_127,mapproj=gf2_127",slope,878814.6964341658,875238.576130843,882453.6617571992,0.95,1350,
riblt.peel,binary-lambda.122-gls,"d=4,m=10,prefilter=true,batch=true,h2c=pornin-addend,proj=gf2_127,mapproj=gf2_127",slope,2239.879378902807,2233.003954184545,2246.1380673741664,0.95,4,
riblt.peel,binary-lambda.122-gls,"d=4,m=8,prefilter=true,batch=true,h2c=pornin-addend",slope,1949.6445441201936,1945.2616334353042,1953.71664838364,0.95,4,
riblt.peel,binary-lambda.127,"d=10000,m=20000,prefilter=true,batch=true,h2c=pornin-addend",mean,11924937.681999998,11886957.058100004,11961454.882850006,0.95,10000,
riblt.peel,binary-lambda.127,"d=10000,m=20000,prefilter=true,batch=true,h2c=pornin-addend,proj=gf2_127,mapproj=gf2_127",mean,9987238.411999999,9969064.119849999,10004903.092799995,0.95,10000,
riblt.peel,binary-lambda.127,"d=1350,m=2700,prefilter=true,batch=true,h2c=pornin-addend",slope,1185229.1809250775,1180473.152770582,1189768.7168552806,0.95,1350,
riblt.peel,binary-lambda.127,"d=1350,m=2700,prefilter=true,batch=true,h2c=pornin-addend,proj=gf2_127,mapproj=gf2_127",slope,849332.987496675,847433.1618713869,851662.3504063966,0.95,1350,
riblt.peel,binary-lambda.127,"d=4,m=10,prefilter=true,batch=true,h2c=pornin-addend,proj=gf2_127,mapproj=gf2_127",slope,2739.0314694082626,2732.373643843596,2745.356860884182,0.95,4,
riblt.peel,binary-lambda.127,"d=4,m=8,prefilter=true,batch=true,h2c=pornin-addend",slope,2294.5286958472143,2288.170275293711,2301.0670258683303,0.95,4,
riblt.peel,binary-u.109,"d=10000,m=20000,prefilter=false,batch=false,h2c=pornin-addend",mean,16647825.676666662,16594432.73141666,16717293.273833334,0.95,10000,
riblt.peel,binary-u.109,"d=10000,m=20000,prefilter=false,batch=true,h2c=pornin-addend",mean,8399627.290000003,8386757.766458335,8411957.01141667,0.95,10000,
riblt.peel,binary-u.109,"d=10000,m=20000,prefilter=true,batch=false,h2c=pornin-addend",mean,15399785.19,15369101.8953125,15430619.5245,0.95,10000,
riblt.peel,binary-u.109,"d=10000,m=20000,prefilter=true,batch=true,h2c=pornin-addend",mean,10511155.43,10468723.829900002,10553291.534799999,0.95,10000,
riblt.peel,binary-u.109,"d=10000,m=20000,prefilter=true,batch=true,h2c=pornin-addend,proj=gf2_127,mapproj=gf2_127",mean,8832506.188333333,8815081.65195833,8849278.021875,0.95,10000,
riblt.peel,binary-u.109,"d=1350,m=2700,prefilter=false,batch=false,h2c=pornin-addend",mean,2009514.1515999988,2005022.6814899996,2013962.416739999,0.95,1350,
riblt.peel,binary-u.109,"d=1350,m=2700,prefilter=false,batch=true,h2c=pornin-addend",slope,863396.2172779666,862028.3151134255,864712.277851701,0.95,1350,
riblt.peel,binary-u.109,"d=1350,m=2700,prefilter=true,batch=false,h2c=pornin-addend",slope,1720685.5618856214,1716975.6431427102,1724264.3281736092,0.95,1350,
riblt.peel,binary-u.109,"d=1350,m=2700,prefilter=true,batch=true,h2c=pornin-addend",slope,1060854.2937165657,1057861.901473855,1063530.6906039729,0.95,1350,
riblt.peel,binary-u.109,"d=1350,m=2700,prefilter=true,batch=true,h2c=pornin-addend,proj=gf2_127,mapproj=gf2_127",slope,759638.871795478,758508.9922922215,760844.248814171,0.95,1350,
riblt.peel,binary-u.109,"d=150,m=300,prefilter=false,batch=false,h2c=pornin-addend",slope,208555.29215782473,208024.28611064717,209102.78057153092,0.95,150,
riblt.peel,binary-u.109,"d=150,m=300,prefilter=false,batch=true,h2c=pornin-addend",slope,82573.39913378652,82426.78822453032,82719.79121320063,0.95,150,
riblt.peel,binary-u.109,"d=150,m=300,prefilter=true,batch=false,h2c=pornin-addend",slope,168736.6595197281,168335.65805360492,169136.42600603396,0.95,150,
riblt.peel,binary-u.109,"d=150,m=300,prefilter=true,batch=true,h2c=pornin-addend",slope,96470.3069465454,96300.33211301951,96635.9547784183,0.95,150,
riblt.peel,binary-u.109,"d=20,m=40,prefilter=false,batch=false,h2c=pornin-addend",slope,22957.022566284395,22885.935598445376,23029.038037974246,0.95,20,
riblt.peel,binary-u.109,"d=20,m=40,prefilter=false,batch=true,h2c=pornin-addend",slope,10386.479424027088,10360.843608737367,10412.749518150633,0.95,20,
riblt.peel,binary-u.109,"d=20,m=40,prefilter=true,batch=false,h2c=pornin-addend",slope,19726.84259494606,19670.551251410387,19789.557473739776,0.95,20,
riblt.peel,binary-u.109,"d=20,m=40,prefilter=true,batch=true,h2c=pornin-addend",slope,11807.426650603538,11785.310273745275,11829.732330643672,0.95,20,
riblt.peel,binary-u.109,"d=4,m=10,prefilter=true,batch=true,h2c=pornin-addend,proj=gf2_127,mapproj=gf2_127",slope,2854.09174304819,2847.1456007804973,2861.060717372835,0.95,4,
riblt.peel,binary-u.109,"d=4,m=8,prefilter=false,batch=false,h2c=pornin-addend",slope,3001.037734543715,2988.683943803968,3012.7425524129167,0.95,4,
riblt.peel,binary-u.109,"d=4,m=8,prefilter=false,batch=true,h2c=pornin-addend",slope,2189.1112137400614,2183.0447243056415,2195.1732407586965,0.95,4,
riblt.peel,binary-u.109,"d=4,m=8,prefilter=true,batch=false,h2c=pornin-addend",slope,3209.9947935295654,3200.770885019241,3219.0870497222218,0.95,4,
riblt.peel,binary-u.109,"d=4,m=8,prefilter=true,batch=true,h2c=pornin-addend",slope,2378.251837389369,2372.4596568924517,2383.9574592760214,0.95,4,
riblt.peel,binary-u.122,"d=10000,m=20000,prefilter=true,batch=true,h2c=pornin-addend",mean,11086604.574,11066767.696000006,11106347.102450002,0.95,10000,
riblt.peel,binary-u.122,"d=10000,m=20000,prefilter=true,batch=true,h2c=pornin-addend,proj=gf2_127,mapproj=gf2_127",mean,9230999.638333336,9216220.991625002,9245369.573874999,0.95,10000,
riblt.peel,binary-u.122,"d=1350,m=2700,prefilter=true,batch=true,h2c=pornin-addend",slope,1108711.8998433575,1105132.5669253066,1111970.1688127168,0.95,1350,
riblt.peel,binary-u.122,"d=1350,m=2700,prefilter=true,batch=true,h2c=pornin-addend,proj=gf2_127,mapproj=gf2_127",slope,805655.0234727353,803893.8085596696,807368.7701280726,0.95,1350,
riblt.peel,binary-u.122,"d=4,m=10,prefilter=true,batch=true,h2c=pornin-addend,proj=gf2_127,mapproj=gf2_127",slope,2336.398313019858,2330.433893106556,2342.142498502213,0.95,4,
riblt.peel,binary-u.122,"d=4,m=8,prefilter=true,batch=true,h2c=pornin-addend",slope,2016.1102179132029,2010.9303125157917,2020.785669703753,0.95,4,
riblt.peel,binary-u.122-gls,"d=10000,m=20000,prefilter=true,batch=true,h2c=pornin-addend",mean,11168668.739999995,11149779.068899997,11187932.663549999,0.95,10000,
riblt.peel,binary-u.122-gls,"d=10000,m=20000,prefilter=true,batch=true,h2c=pornin-addend,proj=gf2_127,mapproj=gf2_127",mean,9256885.951666668,9240069.904750003,9272753.373000002,0.95,10000,
riblt.peel,binary-u.122-gls,"d=1350,m=2700,prefilter=true,batch=true,h2c=pornin-addend",slope,1113549.4712073298,1111647.1871641395,1115565.5994550192,0.95,1350,
riblt.peel,binary-u.122-gls,"d=1350,m=2700,prefilter=true,batch=true,h2c=pornin-addend,proj=gf2_127,mapproj=gf2_127",slope,806085.4922373282,805025.2500921666,807139.2895769939,0.95,1350,
riblt.peel,binary-u.122-gls,"d=4,m=10,prefilter=true,batch=true,h2c=pornin-addend,proj=gf2_127,mapproj=gf2_127",slope,2319.88878322847,2313.861636232401,2325.427200039058,0.95,4,
riblt.peel,binary-u.122-gls,"d=4,m=8,prefilter=true,batch=true,h2c=pornin-addend",slope,2006.7513795329016,2000.4758095821626,2013.2553487451783,0.95,4,
riblt.peel,binary-u.127,"d=10000,m=20000,prefilter=false,batch=false,h2c=pornin-addend",mean,16504254.87333333,16460056.399916667,16545986.935166666,0.95,10000,
riblt.peel,binary-u.127,"d=10000,m=20000,prefilter=false,batch=true,h2c=pornin-addend",mean,8576778.451666662,8563749.174374998,8588969.304833334,0.95,10000,
riblt.peel,binary-u.127,"d=10000,m=20000,prefilter=true,batch=false,h2c=pornin-addend",mean,15404280.605,15378127.0580625,15430595.470625,0.95,10000,
riblt.peel,binary-u.127,"d=10000,m=20000,prefilter=true,batch=true,h2c=pornin-addend",mean,10786869.566000003,10759088.889849994,10811488.722000005,0.95,10000,
riblt.peel,binary-u.127,"d=10000,m=20000,prefilter=true,batch=true,h2c=pornin-addend,proj=gf2_127,mapproj=gf2_127",mean,8944304.923333332,8927217.37883333,8960979.22220833,0.95,10000,
riblt.peel,binary-u.127,"d=1350,m=2700,prefilter=false,batch=false,h2c=pornin-addend",slope,1962204.4729451751,1959416.2581945388,1965298.0473763677,0.95,1350,
riblt.peel,binary-u.127,"d=1350,m=2700,prefilter=false,batch=true,h2c=pornin-addend",slope,857973.0569824147,854238.8979529326,861563.0225227565,0.95,1350,
riblt.peel,binary-u.127,"d=1350,m=2700,prefilter=true,batch=false,h2c=pornin-addend",slope,1707275.1561046254,1702023.1470607368,1712930.4868171772,0.95,1350,
riblt.peel,binary-u.127,"d=1350,m=2700,prefilter=true,batch=true,h2c=pornin-addend",slope,1074270.7580966456,1070846.2351842194,1077933.7677163219,0.95,1350,
riblt.peel,binary-u.127,"d=1350,m=2700,prefilter=true,batch=true,h2c=pornin-addend,proj=gf2_127,mapproj=gf2_127",slope,773350.8739796069,771656.4744660193,775118.0079801952,0.95,1350,
riblt.peel,binary-u.127,"d=150,m=300,prefilter=false,batch=false,h2c=pornin-addend",slope,204132.15515294814,203536.70052856294,204754.2013177349,0.95,150,
riblt.peel,binary-u.127,"d=150,m=300,prefilter=false,batch=true,h2c=pornin-addend",slope,81863.85056105611,81649.52080971487,82076.77194194145,0.95,150,
riblt.peel,binary-u.127,"d=150,m=300,prefilter=true,batch=false,h2c=pornin-addend",slope,165787.01512979655,165285.09376010558,166291.51489666573,0.95,150,
riblt.peel,binary-u.127,"d=150,m=300,prefilter=true,batch=true,h2c=pornin-addend",slope,95812.28557625912,95581.75496965916,96037.19684374535,0.95,150,
riblt.peel,binary-u.127,"d=20,m=40,prefilter=false,batch=false,h2c=pornin-addend",slope,21911.161650165017,21843.330380628006,21979.36705641831,0.95,20,
riblt.peel,binary-u.127,"d=20,m=40,prefilter=false,batch=true,h2c=pornin-addend",slope,10280.37835607092,10250.283525325336,10311.48204040039,0.95,20,
riblt.peel,binary-u.127,"d=20,m=40,prefilter=true,batch=false,h2c=pornin-addend",slope,19319.516520348752,19246.495937036376,19403.900369021467,0.95,20,
riblt.peel,binary-u.127,"d=20,m=40,prefilter=true,batch=true,h2c=pornin-addend",slope,11512.578305965802,11481.284598317547,11544.89702607296,0.95,20,
riblt.peel,binary-u.127,"d=4,m=10,prefilter=true,batch=true,h2c=pornin-addend,proj=gf2_127,mapproj=gf2_127",slope,2791.329619207602,2780.22655950268,2801.9038535481486,0.95,4,
riblt.peel,binary-u.127,"d=4,m=8,prefilter=false,batch=false,h2c=pornin-addend",slope,2879.712524798518,2872.0303508408074,2887.2065870462793,0.95,4,
riblt.peel,binary-u.127,"d=4,m=8,prefilter=false,batch=true,h2c=pornin-addend",slope,2114.8713337906884,2108.199289166841,2121.4839850702597,0.95,4,
riblt.peel,binary-u.127,"d=4,m=8,prefilter=true,batch=false,h2c=pornin-addend",slope,3076.1316275821755,3068.050566354141,3084.2436961386557,0.95,4,
riblt.peel,binary-u.127,"d=4,m=8,prefilter=true,batch=true,h2c=pornin-addend",slope,2304.5608951705403,2298.5644081612436,2310.417420641996,0.95,4,
riblt.peel,binary-w.109,"d=10000,m=20000,prefilter=false,batch=false,h2c=pornin-addend",mean,17218095.86,17181857.020416677,17254263.20675,0.95,10000,
riblt.peel,binary-w.109,"d=10000,m=20000,prefilter=false,batch=true,h2c=pornin-addend",mean,8972305.216666665,8950531.265499998,8992896.776624996,0.95,10000,
riblt.peel,binary-w.109,"d=10000,m=20000,prefilter=true,batch=false,h2c=pornin-addend",mean,15984416.255,15952833.2829375,16015154.772499999,0.95,10000,
riblt.peel,binary-w.109,"d=10000,m=20000,prefilter=true,batch=true,h2c=pornin-addend",mean,11284810.412,11257837.502000002,11312901.107049998,0.95,10000,
riblt.peel,binary-w.109,"d=10000,m=20000,prefilter=true,batch=true,h2c=pornin-addend,proj=gf2_127,mapproj=gf2_127",mean,9566292.931666667,9548671.590625,9583755.780458337,0.95,10000,
riblt.peel,binary-w.109,"d=1350,m=2700,prefilter=false,batch=false,h2c=pornin-addend",mean,2046988.7668000003,2042564.5179499993,2051444.32579,0.95,1350,
riblt.peel,binary-w.109,"d=1350,m=2700,prefilter=false,batch=true,h2c=pornin-addend",slope,899052.1554233781,897969.5046684894,900185.7154584677,0.95,1350,
riblt.peel,binary-w.109,"d=1350,m=2700,prefilter=true,batch=false,h2c=pornin-addend",slope,1774429.3400295551,1767530.768161849,1781089.385816977,0.95,1350,
riblt.peel,binary-w.109,"d=1350,m=2700,prefilter=true,batch=true,h2c=pornin-addend",slope,1111318.9406354367,1108953.1778621357,1113762.8037608303,0.95,1350,
riblt.peel,binary-w.109,"d=1350,m=2700,prefilter=true,batch=true,h2c=pornin-addend,proj=gf2_127,mapproj=gf2_127",slope,783194.6703531846,781559.0100648162,785412.1263884662,0.95,1350,
riblt.peel,binary-w.109,"d=150,m=300,prefilter=false,batch=false,h2c=pornin-addend",slope,209746.56063484558,209114.872728459,210352.138480144,0.95,150,
riblt.peel,binary-w.109,"d=150,m=300,prefilter=false,batch=true,h2c=pornin-addend",slope,83155.63797423772,83007.99608227116,83298.66712721431,0.95,150,
riblt.peel,binary-w.109,"d=150,m=300,prefilter=true,batch=false,h2c=pornin-addend",slope,170395.6658144919,169905.32555626586,170844.85266910298,0.95,150,
riblt.peel,binary-w.109,"d=150,m=300,prefilter=true,batch=true,h2c=pornin-addend",slope,97418.58670419281,97261.84305196744,97577.03173782464,0.95,150,
riblt.peel,binary-w.109,"d=20,m=40,prefilter=false,batch=false,h2c=pornin-addend",slope,23008.39799492063,22938.277736157066,23080.372195251068,0.95,20,
riblt.peel,binary-w.109,"d=20,m=40,prefilter=false,batch=true,h2c=pornin-addend",slope,10355.52106195309,10332.775623781157,10378.11780936009,0.95,20,
riblt.peel,binary-w.109,"d=20,m=40,prefilter=true,batch=false,h2c=pornin-addend",slope,19712.104843387024,19649.52261761588,19778.721274310512,0.95,20,
riblt.peel,binary-w.109,"d=20,m=40,prefilter=true,batch=true,h2c=pornin-addend",slope,11785.603044078189,11765.220930769032,11805.27311486436,0.95,20,
riblt.peel,binary-w.109,"d=4,m=10,prefilter=true,batch=true,h2c=pornin-addend,proj=gf2_127,mapproj=gf2_127",slope,2777.1564841328213,2770.4631635940555,2783.9316585799943,0.95,4,
riblt.peel,binary-w.109,"d=4,m=8,prefilter=false,batch=false,h2c=pornin-addend",slope,2977.051597703789,2967.545283418483,2986.291845419863,0.95,4,
riblt.peel,binary-w.109,"d=4,m=8,prefilter=false,batch=true,h2c=pornin-addend",slope,2149.448856850145,2144.986657513686,2153.9223199049165,0.95,4,
riblt.peel,binary-w.109,"d=4,m=8,prefilter=true,batch=false,h2c=pornin-addend",slope,3183.6092244289234,3175.5369810054244,3191.135316636088,0.95,4,
riblt.peel,binary-w.109,"d=4,m=8,prefilter=true,batch=true,h2c=pornin-addend",slope,2352.3460818534713,2346.497493839381,2358.319046064671,0.95,4,
riblt.peel,binary-w.122,"d=10000,m=20000,prefilter=true,batch=true,h2c=pornin-addend",mean,12165913.658,12142203.492500005,12190460.240050007,0.95,10000,
riblt.peel,binary-w.122,"d=10000,m=20000,prefilter=true,batch=true,h2c=pornin-addend,proj=gf2_127,mapproj=gf2_127",mean,10252578.762,10221151.878550002,10283999.882499997,0.95,10000,
riblt.peel,binary-w.122,"d=1350,m=2700,prefilter=true,batch=true,h2c=pornin-addend",slope,1197154.428216344,1191423.7136656237,1202536.452073202,0.95,1350,
riblt.peel,binary-w.122,"d=1350,m=2700,prefilter=true,batch=true,h2c=pornin-addend,proj=gf2_127,mapproj=gf2_127",slope,862005.4623452047,856454.8799924416,868169.351370744,0.95,1350,
riblt.peel,binary-w.122,"d=4,m=10,prefilter=true,batch=true,h2c=pornin-addend,proj=gf2_127,mapproj=gf2_127",slope,2251.881280413857,2245.639610537627,2258.648434089779,0.95,4,
riblt.peel,binary-w.122,"d=4,m=8,prefilter=true,batch=true,h2c=pornin-addend",slope,1967.0527876776823,1961.469368976132,1972.4813628872712,0.95,4,
riblt.peel,binary-w.122-gls,"d=10000,m=20000,prefilter=true,batch=true,h2c=pornin-addend",mean,12177387.186000004,12150851.460199995,12203785.299850002,0.95,10000,
riblt.peel,binary-w.122-gls,"d=10000,m=20000,prefilter=true,batch=true,h2c=pornin-addend,proj=gf2_127,mapproj=gf2_127",mean,10201612.257999998,10134621.019800002,10273759.53195,0.95,10000,
riblt.peel,binary-w.122-gls,"d=1350,m=2700,prefilter=true,batch=true,h2c=pornin-addend",slope,1204422.8226333677,1200463.3186025594,1208407.496505285,0.95,1350,
riblt.peel,binary-w.122-gls,"d=1350,m=2700,prefilter=true,batch=true,h2c=pornin-addend,proj=gf2_127,mapproj=gf2_127",slope,870668.8855947983,867498.3624926734,874100.0504144095,0.95,1350,
riblt.peel,binary-w.122-gls,"d=4,m=10,prefilter=true,batch=true,h2c=pornin-addend,proj=gf2_127,mapproj=gf2_127",slope,2238.549573066525,2233.941418405078,2242.988422958518,0.95,4,
riblt.peel,binary-w.122-gls,"d=4,m=8,prefilter=true,batch=true,h2c=pornin-addend",slope,1950.0301998851708,1943.7767128739142,1956.8972229445444,0.95,4,
riblt.peel,binary-w.127,"d=10000,m=20000,prefilter=true,batch=true,h2c=pornin-addend",mean,11999124.070000002,11973845.12665,12024367.46255,0.95,10000,
riblt.peel,binary-w.127,"d=10000,m=20000,prefilter=true,batch=true,h2c=pornin-addend,proj=gf2_127,mapproj=gf2_127",mean,9993152.048,9971298.35695,10015434.8021,0.95,10000,
riblt.peel,binary-w.127,"d=1350,m=2700,prefilter=true,batch=true,h2c=pornin-addend",slope,1186124.1979134034,1183243.9472781264,1188994.9884114454,0.95,1350,
riblt.peel,binary-w.127,"d=1350,m=2700,prefilter=true,batch=true,h2c=pornin-addend,proj=gf2_127,mapproj=gf2_127",slope,858707.123081129,855957.3317451443,861371.4816981367,0.95,1350,
riblt.peel,binary-w.127,"d=4,m=10,prefilter=true,batch=true,h2c=pornin-addend,proj=gf2_127,mapproj=gf2_127",slope,2734.6582333634483,2728.5859419984686,2740.5741945355676,0.95,4,
riblt.peel,binary-w.127,"d=4,m=8,prefilter=true,batch=true,h2c=pornin-addend",slope,2270.8804427993987,2265.9701005453358,2275.8812416802066,0.95,4,
riblt.peel,binary.109,"d=10000,m=20000,prefilter=true,batch=true,h2c=pornin",mean,11360278.180000002,11333222.244900003,11391936.002700001,0.95,10000,
riblt.peel,binary.109,"d=10000,m=20000,prefilter=true,batch=true,h2c=pornin,proj=gf2_127,mapproj=gf2_127",mean,9515994.465000004,9501980.667124996,9529411.440291671,0.95,10000,
riblt.peel,binary.109,"d=1350,m=2700,prefilter=true,batch=true,h2c=pornin",slope,1131757.0905512043,1128483.553562557,1134771.7239025033,0.95,1350,
riblt.peel,binary.109,"d=1350,m=2700,prefilter=true,batch=true,h2c=pornin,proj=gf2_127,mapproj=gf2_127",slope,828378.211328506,826202.0770297197,830428.5282994957,0.95,1350,
riblt.peel,binary.109,"d=4,m=10,prefilter=true,batch=true,h2c=pornin,proj=gf2_127,mapproj=gf2_127",slope,2941.793078642047,2934.277164595383,2949.202708857635,0.95,4,
riblt.peel,binary.109,"d=4,m=8,prefilter=true,batch=true,h2c=pornin",slope,2452.8817028153767,2447.1463675579535,2458.519903089688,0.95,4,
riblt.peel,binary.122,"d=10000,m=20000,prefilter=true,batch=true,h2c=pornin",mean,12007849.838000001,11977698.254199998,12037213.658150002,0.95,10000,
riblt.peel,binary.122,"d=1350,m=2700,prefilter=true,batch=true,h2c=pornin",slope,1202959.297251367,1200085.8149262269,1206178.9509992145,0.95,1350,
riblt.peel,binary.122,"d=4,m=8,prefilter=true,batch=true,h2c=pornin",slope,2108.7904908949263,2104.324573449723,2113.3021457297896,0.95,4,
riblt.peel,binary.122-gls,"d=10000,m=20000,prefilter=true,batch=true,h2c=pornin",mean,11782997.77,11758801.440849993,11812353.060199998,0.95,10000,
riblt.peel,binary.122-gls,"d=1350,m=2700,prefilter=true,batch=true,h2c=pornin",slope,1198288.9050775825,1196263.0790337364,1200326.4591127099,0.95,1350,
riblt.peel,binary.122-gls,"d=4,m=8,prefilter=true,batch=true,h2c=pornin",slope,2082.6514861807027,2077.0898503596227,2088.2237436723553,0.95,4,
riblt.peel,binary.127,"d=10000,m=20000,prefilter=true,batch=true,h2c=pornin",mean,11348692.046000002,11319437.776199996,11377185.430399993,0.95,10000,
riblt.peel,binary.127,"d=10000,m=20000,prefilter=true,batch=true,h2c=pornin,proj=gf2_127,mapproj=gf2_127",mean,9710729.790000003,9688317.86429167,9732115.168250006,0.95,10000,
riblt.peel,binary.127,"d=1350,m=2700,prefilter=true,batch=true,h2c=pornin",slope,1138804.3518723215,1135429.4156138576,1141895.584103574,0.95,1350,
riblt.peel,binary.127,"d=1350,m=2700,prefilter=true,batch=true,h2c=pornin,proj=gf2_127,mapproj=gf2_127",slope,843008.6265523866,841502.6249508179,844591.4485376278,0.95,1350,
riblt.peel,binary.127,"d=4,m=10,prefilter=true,batch=true,h2c=pornin,proj=gf2_127,mapproj=gf2_127",slope,2851.0464009865805,2844.0390251139047,2858.0488422528306,0.95,4,
riblt.peel,binary.127,"d=4,m=8,prefilter=true,batch=true,h2c=pornin",slope,2403.7564356876765,2397.1651584054325,2410.3129285056534,0.95,4,
riblt.peel,edwards.107,"d=1350,m=2700,prefilter=true,batch=true,h2c=ti",mean,2237790.2013043477,2232836.8343804353,2242475.0311630447,0.95,1350,
riblt.peel,edwards.127,"d=1350,m=2700,prefilter=true,batch=true,h2c=ti",mean,2687240.488421052,2680023.4984342097,2694061.144986842,0.95,1350,
riblt.peel,edwards.61x2,"d=1350,m=2700,prefilter=true,batch=true,h2c=ti",mean,1963123.4632,1956284.304289999,1970406.3020599997,0.95,1350,
riblt.peel,ristretto255,"d=1350,m=2700,prefilter=true,batch=true",mean,9227446.661666663,9202817.779083336,9250722.020166667,0.95,1350,
riblt.peel,twisted.128,"d=1350,m=2700,prefilter=true,batch=true,h2c=ti",mean,4132165.120769231,4121840.5185961523,4142482.6122692316,0.95,1350,
riblt.peel,twisted.61x2,"d=1350,m=2700,prefilter=true,batch=true,h2c=ti",mean,1958143.9407692319,1952512.87760577,1963556.9748173077,0.95,1350,
riblt.peel,twisted.64x2,"d=1350,m=2700,prefilter=true,batch=true,h2c=ti",mean,2706178.602631578,2700354.8739078934,2711694.82975,0.95,1350,
riblt.peel,twisted.goldilocks2,"d=1350,m=2700,prefilter=true,batch=true,h2c=ti",mean,3790827.9442857145,3780749.5716428594,3800617.3395357155,0.95,1350,
riblt.peel,weier-jacobian.107,"d=1350,m=2700,prefilter=true,batch=true,h2c=ti",mean,2448528.649047619,2443398.526464285,2453521.4727499997,0.95,1350,
riblt.peel,weier-jacobian.127,"d=1350,m=2700,prefilter=true,batch=true,h2c=ti",mean,2900713.379411765,2894104.135294118,2907269.1683823513,0.95,1350,
riblt.peel,weier-jacobian.61x2,"d=1350,m=2700,prefilter=true,batch=true,h2c=ti",mean,2281447.760454545,2277016.3022727272,2285856.8839772735,0.95,1350,
riblt.peel,weier.107,"d=1350,m=2700,prefilter=true,batch=true,h2c=ti",mean,2476693.6929999995,2471333.1336250002,2482010.342899998,0.95,1350,
riblt.peel,weier.127,"d=1350,m=2700,prefilter=true,batch=true,h2c=ti",mean,3097923.861875,3087185.357703125,3108313.91646875,0.95,1350,
riblt.peel,weier.61x2,"d=1350,m=2700,prefilter=true,batch=true,h2c=ti",mean,2215204.9247826086,2211367.4097173912,2219027.9006521725,0.95,1350,
riblt.peel,xor-sha256.64,"d=1350,m=2700,prefilter=true,batch=true",slope,868694.7120407862,867116.2065530748,870420.5149318986,0.95,1350,
riblt.peel,xor-siphash.64,"d=1350,m=2700,prefilter=true,batch=true",slope,875081.1592448648,872965.1724486891,877153.4518681598,0.95,1350,
riblt.stream,binary-lambda.109,"d=10,h2c=pornin-addend",mean,20921.897681532766,20884.543541029358,20958.722271105027,0.95,10,
riblt.stream,binary-lambda.109,"d=100,h2c=pornin-addend",mean,298073.7302783435,297096.48124066537,299057.5452817379,0.95,100,
riblt.stream,binary-lambda.109,"d=1000,h2c=pornin-addend",mean,3916622.1284482763,3900648.116659483,3934840.9120689654,0.95,1000,
riblt.stream,binary-lambda.109,"d=10000,h2c=pornin-addend",mean,54078203.744444445,53733412.86277778,54438238.0111111,0.95,10000,
riblt.stream,binary-lambda.109,"d=100000,h2c=pornin-addend",mean,935939345.6,930097079.3075,941493206.9475,0.95,100000,
riblt.stream,binary-lambda.109,"d=20,h2c=pornin-addend",mean,47944.775875305335,47791.8444402117,48113.30009305571,0.95,20,
riblt.stream,binary-lambda.109,"d=40,h2c=pornin-addend",mean,105798.80872150646,105506.40445614471,106117.50313057481,0.95,40,
riblt.stream,binary-lambda.109,"d=50000,h2c=pornin-addend",mean,373958887.5,372160274.8925,375814804.2,0.95,50000,
riblt.stream,binary-lambda.122,"d=10,h2c=pornin-addend",mean,16407.09383832674,16356.344036287343,16453.19478790712,0.95,10,
riblt.stream,binary-lambda.122,"d=1000,h2c=pornin-addend",mean,3442448.399242425,3432555.639924242,3452230.049412879,0.95,1000,
riblt.stream,binary-lambda.122,"d=100000,h2c=pornin-addend",mean,902469091.7,897309112.4,907858050.3275,0.95,100000,
riblt.stream,binary-lambda.122-gls,"d=10,h2c=pornin-addend",mean,16329.287811333856,16284.075566258787,16374.038605397898,0.95,10,
riblt.stream,binary-lambda.122-gls,"d=1000,h2c=pornin-addend",mean,3435121.9977272726,3425950.5983522725,3444368.1430492424,0.95,1000,
riblt.stream,binary-lambda.122-gls,"d=100000,h2c=pornin-addend",mean,899379633.2,896238695.9175,902393424.8,0.95,100000,
riblt.stream,binary-lambda.127,"d=10,h2c=pornin-addend",mean,19728.946358864596,19661.959832849207,19799.762803470418,0.95,10,
riblt.stream,binary-lambda.127,"d=1000,h2c=pornin-addend",mean,3901146.1529914527,3890146.5716666663,3913183.0717948712,0.95,1000,
riblt.stream,binary-lambda.127,"d=100000,h2c=pornin-addend",mean,939906125.0,934747287.6,945582937.5,0.95,100000,
riblt.stream,binary-u.109,"d=10,h2c=pornin-addend",mean,20512.628666631404,20468.11221280478,20558.94493838261,0.95,10,
riblt.stream,binary-u.109,"d=100,h2c=pornin-addend",mean,291045.39514304727,290369.1208250166,291768.0010129741,0.95,100,
riblt.stream,binary-u.109,"d=1000,h2c=pornin-addend",mean,3845638.9789915965,3836759.1617647056,3853585.1971848733,0.95,1000,
riblt.stream,binary-u.109,"d=10000,h2c=pornin-addend",mean,53541036.60000001,53243906.81694445,53844850.52694444,0.95,10000,
riblt.stream,binary-u.109,"d=100000,h2c=pornin-addend",mean,896446504.2,887758656.6350001,905025322.4649999,0.95,100000,
riblt.stream,binary-u.109,"d=20,h2c=pornin-addend",mean,46716.81238453643,46582.53930892918,46856.463059927,0.95,20,
riblt.stream,binary-u.109,"d=40,h2c=pornin-addend",mean,102221.08366658636,101932.34866297277,102515.46061310526,0.95,40,
riblt.stream,binary-u.109,"d=50000,h2c=pornin-addend",mean,366466604.2,364429123.30875,368485799.635,0.95,50000,
riblt.stream,binary-u.122,"d=10,h2c=pornin-addend",mean,15872.618484407129,15838.934852638795,15906.178439213501,0.95,10,
riblt.stream,binary-u.122,"d=1000,h2c=pornin-addend",mean,3353156.3410447757,3345883.3888059705,3359844.1059701494,0.95,1000,
riblt.stream,binary-u.122,"d=100000,h2c=pornin-addend",mean,872499445.9,867850542.695,877754162.7025,0.95,100000,
riblt.stream,binary-u.122-gls,"d=10,h2c=pornin-addend",mean,15868.805148751173,15831.746560502088,15912.270568898644,0.95,10,
riblt.stream,binary-u.122-gls,"d=1000,h2c=pornin-addend",mean,3353353.0261194026,3340866.614981343,3366224.341511194,0.95,1000,
riblt.stream,binary-u.122-gls,"d=100000,h2c=pornin-addend",mean,868853408.4,861822983.3,876113771.0,0.95,100000,
riblt.stream,binary-u.127,"d=10,h2c=pornin-addend",mean,19517.32444883686,19466.32721098779,19571.67736214586,0.95,10,
riblt.stream,binary-u.127,"d=100,h2c=pornin-addend",mean,284008.4261378414,283232.84057217167,284777.9091157347,0.95,100,
riblt.stream,binary-u.127,"d=1000,h2c=pornin-addend",mean,3807245.7891666666,3796131.149979166,3820606.528333334,0.95,1000,
riblt.stream,binary-u.127,"d=10000,h2c=pornin-addend",mean,53052126.822222225,52712228.61500001,53412649.26444445,0.95,10000,
riblt.stream,binary-u.127,"d=100000,h2c=pornin-addend",mean,899582499.9,891209758.4,907665333.2,0.95,100000,
riblt.stream,binary-u.127,"d=20,h2c=pornin-addend",mean,44773.677597544935,44652.42827460542,44893.47466900482,0.95,20,
riblt.stream,binary-u.127,"d=40,h2c=pornin-addend",mean,98691.83557422968,98279.56244164333,99124.43153594769,0.95,40,
riblt.stream,binary-u.127,"d=50000,h2c=pornin-addend",mean,365702393.8,363868350.1,367667454.05,0.95,50000,
riblt.stream,binary-w.109,"d=10,h2c=pornin-addend",mean,20946.245378331903,20888.102036758384,21007.406529449698,0.95,10,
riblt.stream,binary-w.109,"d=100,h2c=pornin-addend",mean,297940.770284939,296882.4744131615,298994.1244165536,0.95,100,
riblt.stream,binary-w.109,"d=1000,h2c=pornin-addend",mean,3921426.0189655176,3914152.230280172,3929245.379633621,0.95,1000,
riblt.stream,binary-w.109,"d=10000,h2c=pornin-addend",mean,54066432.86666666,53783603.89916667,54351512.98888888,0.95,10000,
riblt.stream,binary-w.109,"d=100000,h2c=pornin-addend",mean,936074691.8,932409642.255,939367758.25,0.95,100000,
riblt.stream,binary-w.109,"d=20,h2c=pornin-addend",mean,48079.289648755526,47991.40109124215,48172.90457083042,0.95,20,
riblt.stream,binary-w.109,"d=40,h2c=pornin-addend",mean,105692.96969021065,105265.36910346964,106086.54277571251,0.95,40,
riblt.stream,binary-w.109,"d=50000,h2c=pornin-addend",mean,373892872.8,372277068.65,375556622.7,0.95,50000,
riblt.stream,binary-w.122,"d=10,h2c=pornin-addend",mean,16363.9094033807,16331.458381892842,16400.106037348454,0.95,10,
riblt.stream,binary-w.122,"d=1000,h2c=pornin-addend",mean,3431016.9424242424,3421114.5666666664,3440470.274166666,0.95,1000,
riblt.stream,binary-w.122,"d=100000,h2c=pornin-addend",mean,897480400.2,893452103.8525001,901594049.9,0.95,100000,
riblt.stream,binary-w.122-gls,"d=10,h2c=pornin-addend",mean,16341.693179060496,16305.763464205234,16377.836943144392,0.95,10,
riblt.stream,binary-w.122-gls,"d=1000,h2c=pornin-addend",mean,3432414.590151515,3425539.1515151514,3440740.4977272726,0.95,1000,
riblt.stream,binary-w.122-gls,"d=100000,h2c=pornin-addend",mean,897161608.4,894399121.1,899810951.4625,0.95,100000,
riblt.stream,binary-w.127,"d=10,h2c=pornin-addend",mean,19748.58875751707,19657.9301542911,19813.226028182653,0.95,10,
riblt.stream,binary-w.127,"d=1000,h2c=pornin-addend",mean,3902437.517094017,3886766.7186538456,3917776.3624572647,0.95,1000,
riblt.stream,binary-w.127,"d=100000,h2c=pornin-addend",mean,937861649.9,933257679.1,941982192.4875001,0.95,100000,
riblt.stream,binary.109,"d=10,h2c=pornin",mean,21165.14761567388,21093.44293421985,21227.309880238707,0.95,10,
riblt.stream,binary.109,"d=1000,h2c=pornin",mean,3968037.824347826,3950894.2104347823,3988830.288695652,0.95,1000,
riblt.stream,binary.109,"d=100000,h2c=pornin",mean,941596979.1,936527406.7325,946571204.73,0.95,100000,
riblt.stream,binary.122,"d=10,h2c=pornin",mean,17013.961452437467,16958.87667518715,17062.920499360964,0.95,10,
riblt.stream,binary.122,"d=1000,h2c=pornin",mean,3561450.7637795275,3552169.325551181,3570873.8537204727,0.95,1000,
riblt.stream,binary.122,"d=100000,h2c=pornin",mean,961029141.7,958581955.8,963452616.7,0.95,100000,
riblt.stream,binary.122-gls,"d=10,h2c=pornin",mean,16761.738320871995,16731.602612377268,16794.305954981533,0.95,10,
riblt.stream,binary.122-gls,"d=1000,h2c=pornin",mean,3492593.421705426,3477129.879379845,3508136.481918605,0.95,1000,
riblt.stream,binary.122-gls,"d=100000,h2c=pornin",mean,908762550.1,906639132.0275,911224220.6,0.95,100000,
riblt.stream,binary.127,"d=10,h2c=pornin",mean,20011.013876617642,19947.609610857027,20086.67261057118,0.95,10,
riblt.stream,binary.127,"d=10,h2c=pornin,map=mcg64",mean,20089.384912949423,20036.666895024213,20146.679302822708,0.95,10,
riblt.stream,binary.127,"d=100,h2c=pornin,map=mcg64",mean,289915.78992661776,289532.3517028019,290371.42904603074,0.95,100,
riblt.stream,binary.127,"d=1000,h2c=pornin",mean,3890529.9572649575,3873556.4132478638,3907758.2769230767,0.95,1000,
riblt.stream,binary.127,"d=1000,h2c=pornin,map=mcg64",mean,3863094.3779661013,3849435.662923729,3876232.5152542368,0.95,1000,
riblt.stream,binary.127,"d=10000,h2c=pornin,map=chacha8",mean,62961793.275,62727658.0275,63230449.785,0.95,10000,
riblt.stream,binary.127,"d=10000,h2c=pornin,map=mcg64",mean,54052949.52222222,53796138.761666656,54341902.45722223,0.95,10000,
riblt.stream,binary.127,"d=100000,h2c=pornin",mean,937335316.6,933575804.1,940905040.935,0.95,100000,
riblt.stream,binary.127,"d=100000,h2c=pornin,map=chacha8",mean,1576269912.5,1572680440.8125,1580451071.0,0.95,100000,
riblt.stream,binary.127,"d=100000,h2c=pornin,map=mcg64",mean,869482774.9,864146636.1600001,874704354.0,0.95,100000,
riblt.stream,binary.127,"d=20,h2c=pornin,map=mcg64",mean,45963.47225835388,45843.75780444046,46080.78618524333,0.95,20,
riblt.stream,binary.127,"d=40,h2c=pornin,map=mcg64",mean,101819.29013173652,101052.8235011976,102834.0846227545,0.95,40,
riblt.stream,binary.127,"d=50000,h2c=pornin,map=mcg64",mean,373347125.0,371043649.9,375696439.6,0.95,50000,
riblt.stream,edwards.107,"d=1000,h2c=ti",mean,7079035.157692309,7056019.946153847,7102531.87298077,0.95,1000,
riblt.stream,edwards.127,"d=1000,h2c=ti",mean,8340246.31627907,8291692.517093022,8387985.062790697,0.95,1000,
riblt.stream,edwards.61x2,"d=1000,h2c=ti",mean,5464993.053030303,5445426.901515151,5484632.090189395,0.95,1000,
riblt.stream,ristretto255,d=10,mean,141095.96313012898,140352.4561752638,141861.66382766707,0.95,10,
riblt.stream,ristretto255,"d=10,map=mcg64",mean,142256.89628554843,140746.29539901335,144069.26923969822,0.95,10,
riblt.stream,ristretto255,d=100,mean,1881884.922297297,1875059.8635135137,1888418.004054054,0.95,100,
riblt.stream,ristretto255,"d=100,map=mcg64",mean,1864169.2278145696,1854699.5805794704,1874019.1041721853,0.95,100,
riblt.stream,ristretto255,d=1000,mean,21680185.7,21541807.114285715,21818125.411071427,0.95,1000,
riblt.stream,ristretto255,"d=1000,map=mcg64",mean,21651959.542857148,21567539.300000004,21731633.957142856,0.95,1000,
riblt.stream,ristretto255,d=10000,mean,252339870.8,251232529.1,253395027.58,0.95,10000,
riblt.stream,ristretto255,"d=10000,map=chacha8",mean,263202598.0,262622227.09625,263884908.42999998,0.95,10000,
riblt.stream,ristretto255,"d=10000,map=mcg64",mean,249881222.8,248431327.26625,251196320.65,0.95,10000,
riblt.stream,ristretto255,d=100000,mean,3487617887.5,3481479394.95,3496003918.895,0.95,100000,
riblt.stream,ristretto255,"d=100000,map=chacha8",mean,4213038404.2,4194428372.425,4230130615.865,0.95,100000,
riblt.stream,ristretto255,"d=100000,map=mcg64",mean,3350026900.1,3340784671.31,3360227216.7,0.95,100000,
riblt.stream,ristretto255,d=20,mean,314417.07593261136,311246.98892900127,317376.48343862814,0.95,20,
riblt.stream,ristretto255,"d=20,map=mcg64",mean,316214.2468058968,314212.6504084766,317795.7943273956,0.95,20,
riblt.stream,ristretto255,d=40,mean,693118.8979539642,690946.9442455242,695411.381342711,0.95,40,
riblt.stream,ristretto255,"d=40,map=mcg64",mean,690378.8492346939,687154.5987244898,693294.3463966836,0.95,40,
riblt.stream,ristretto255,d=50000,mean,1554192483.4,1550722829.2,1557610637.8,0.95,50000,
riblt.stream,ristretto255,"d=50000,map=mcg64",mean,1510936399.9,1505705683.2,1516707722.385,0.95,50000,
riblt.stream,twisted.128,"d=1000,h2c=ti",mean,9974264.15625,9928449.6875,10025939.428125,0.95,1000,
riblt.stream,twisted.61x2,"d=1000,h2c=ti",mean,4702668.5297297295,4690233.340777027,4715215.129155407,0.95,1000,
riblt.stream,twisted.64x2,"d=1000,h2c=ti",mean,6533514.7299999995,6505326.721399999,6562013.9288,0.95,1000,
riblt.stream,twisted.goldilocks2,"d=1000,h2c=ti",mean,9018948.002941176,8975302.755882353,9061400.377205884,0.95,1000,
riblt.stream,weier-jacobian.107,"d=1000,h2c=ti",mean,5799598.491803278,5772624.37704918,5826246.846885245,0.95,1000,
riblt.stream,weier-jacobian.127,"d=1000,h2c=ti",mean,7115251.75,7078804.835364585,7147179.42875,0.95,1000,
riblt.stream,weier-jacobian.61x2,"d=1000,h2c=ti",mean,5521296.003030302,5499626.621212121,5538812.936401515,0.95,1000,
riblt.stream,weier.107,"d=1000,h2c=ti",mean,5993694.076271186,5979844.114957627,6006738.455974577,0.95,1000,
riblt.stream,weier.127,"d=1000,h2c=ti",mean,7702475.795652172,7675637.123913044,7730269.429021739,0.95,1000,
riblt.stream,weier.61x2,"d=1000,h2c=ti",mean,5318779.623529413,5263948.079411766,5372323.318713237,0.95,1000,
riblt.stream,xor-sha256.64,d=10,mean,5720.3858668604125,5696.576939378802,5739.950065934066,0.95,10,
riblt.stream,xor-sha256.64,d=100,mean,100826.25695055656,100385.83271097593,101163.44364483561,0.95,100,
riblt.stream,xor-sha256.64,d=1000,mean,1740049.6240963857,1736756.9967871488,1743891.0465060242,0.95,1000,
riblt.stream,xor-sha256.64,d=10000,mean,31039208.84666667,30823218.03333334,31266868.01333333,0.95,10000,
riblt.stream,xor-sha256.64,d=100000,mean,638007783.3,634845887.5,641659043.9925001,0.95,100000,
riblt.stream,xor-sha256.64,d=20,mean,13467.390535433069,13454.584547244094,13478.98594488189,0.95,20,
riblt.stream,xor-sha256.64,d=40,mean,31413.510256631813,31346.846115959564,31484.979244793918,0.95,40,
riblt.stream,xor-sha256.64,d=50000,mean,235044136.2,234093012.5666667,236011554.62166664,0.95,50000,
riblt.stream,xor-siphash.64,d=10,mean,5143.378386708404,5121.849031222409,5158.15490874067,0.95,10,
riblt.stream,xor-siphash.64,"d=10,map=mcg64",mean,4980.938761034774,4975.720015352729,4985.899732094879,0.95,10,
riblt.stream,xor-siphash.64,d=100,mean,92477.4100464037,91847.73083526682,92977.31199535963,0.95,100,
riblt.stream,xor-siphash.64,"d=100,map=mcg64",mean,91330.8595361405,91257.02127448774,91411.0251086467,0.95,100,
riblt.stream,xor-siphash.64,d=1000,mean,1655699.585338346,1650881.8448778198,1660313.6680451129,0.95,1000,
riblt.stream,xor-siphash.64,"d=1000,map=mcg64",mean,1653246.2826568265,1649717.898892989,1656724.950830258,0.95,1000,
riblt.stream,xor-siphash.64,d=10000,mean,30094464.06875,29792544.5515625,30381211.5928125,0.95,10000,
riblt.stream,xor-siphash.64,"d=10000,map=chacha8",mean,37777992.0,37504876.93076923,38078886.26153846,0.95,10000,
riblt.stream,xor-siphash.64,"d=10000,map=mcg64",mean,29675465.11875,29449538.11828125,29904073.73125,0.95,10000,
riblt.stream,xor-siphash.64,d=100000,mean,629121920.7,624579128.5675,633759549.005,0.95,100000,
riblt.stream,xor-siphash.64,"d=100000,map=chacha8",mean,1283619570.9,1279877125.1,1287753637.5,0.95,100000,
riblt.stream,xor-siphash.64,"d=100000,map=mcg64",mean,554625687.7,549054243.6324999,560231777.2825,0.95,100000,
riblt.stream,xor-siphash.64,d=20,mean,12074.04365821557,12035.21823566085,12101.50293727487,0.95,20,
riblt.stream,xor-siphash.64,"d=20,map=mcg64",mean,11833.609456248952,11819.127737577379,11848.96659862807,0.95,20,
riblt.stream,xor-siphash.64,d=40,mean,28379.98300144961,28306.333587014575,28452.79248111696,0.95,40,
riblt.stream,xor-siphash.64,"d=40,map=mcg64",mean,27468.066715596324,27313.39056220184,27609.169366605507,0.95,40,
riblt.stream,xor-siphash.64,d=50000,mean,232335279.16666666,231467458.4666667,233160880.4,0.95,50000,
riblt.stream,xor-siphash.64,"d=50000,map=mcg64",mean,225962687.43333334,224850530.46666664,227026295.66083333,0.95,50000,
sieve/candidate,edwards127,13,mean,252477462.15,251632213.79,253266509.92225,0.95,200,
sieve/candidate,gf2_127,7,mean,7730505.354285718,7710429.692857139,7748687.441928571,0.95,200,
sieve/candidate,weier127,13,mean,157105002.05,156764896.84425002,157414375.86375,0.95,200,
sieve/l,edwards127,11,slope,1836410.8850036943,1830795.328722922,1840868.6857988876,0.95,,
sieve/l,edwards127,13,mean,3575424.171333332,3570065.647333333,3580200.5621666666,0.95,,
sieve/l,edwards127,3,slope,12715.738637131426,12689.956979024251,12739.93387267558,0.95,,
sieve/l,edwards127,5,slope,83883.41348603518,83675.61326775677,84071.21823185746,0.95,,
sieve/l,edwards127,7,slope,309711.41446578986,308937.21342593356,310404.6885513384,0.95,,
sieve/l,edwards127,8,slope,1030.75098951742,1028.92731400755,1032.4386378071556,0.95,,
sieve/l,gf2_127,11,slope,271917.0858068568,271235.4188224667,272508.92000202095,0.95,,
sieve/l,gf2_127,13,slope,519188.4086389833,518246.7535478079,520116.5234645566,0.95,,
sieve/l,gf2_127,3,slope,4106.831197803634,4096.440395692771,4115.8766985195,0.95,,
sieve/l,gf2_127,5,slope,14509.913298723772,14473.80325915654,14547.700844841378,0.95,,
sieve/l,gf2_127,7,slope,47432.40940769983,47324.19996627339,47562.35410647344,0.95,,
sieve/l,weier127,11,slope,1836921.2883995862,1831698.8973025787,1841365.3141768065,0.95,,
sieve/l,weier127,13,mean,3566261.1353333336,3560185.6899999995,3571800.5735999984,0.95,,
sieve/l,weier127,2,slope,8402.675630947517,8385.205782900395,8419.771156175118,0.95,,
sieve/l,weier127,3,slope,12587.373592620928,12567.581970720956,12607.01180469659,0.95,,
sieve/l,weier127,5,slope,83858.54333210186,83674.72171742436,84045.46252373765,0.95,,
sieve/l,weier127,7,slope,309901.12670829025,309370.93001056375,310401.6148013177,0.95,,
zq,mul,,slope,2247.069196014941,2241.783827813586,2252.256760966203,0.95,,
zq,sigma,,slope,2582.9936566882166,2557.7585387861623,2607.246619810125,0.95,,
zq,sigma_inv,,slope,2597.7732864921395,2577.3335766874106,2620.2308054475125,0.95,,
zq,square,,slope,1355.6390449720789,1352.663472461609,1358.4984486009412,0.95,,
