time	phase	load1	load5	load15	runnable
1791427799	idle before	3.94	3.32	2.37	
1791427804	idle before	3.70	3.28	2.36	
1791427810	idle before	3.49	3.24	2.36	
1791427815	idle before	3.53	3.25	2.37	
1791427820	idle before	3.41	3.23	2.36	
1791427825	idle before	3.21	3.19	2.35	
1791427830	compare	3.20	3.19	2.36	
1791427835	compare	3.10	3.17	2.36	
1791427840	compare	3.17	3.18	2.37	
1791427845	compare	3.08	3.16	2.36	
1791427850	compare	3.15	3.18	2.37	
1791427855	compare	3.14	3.17	2.38	
1791427860	compare	3.29	3.21	2.39	
1791427865	compare	3.34	3.22	2.40	
1791427870	compare	3.32	3.21	2.40	
1791427875	compare	3.45	3.24	2.42	
1791427880	compare	3.42	3.24	2.42	
1791427885	compare	3.30	3.22	2.42	
1791427890	compare	3.44	3.25	2.43	
1791427895	compare	3.40	3.24	2.44	
1791427900	compare	5.21	3.62	2.57	
1791427905	compare	4.95	3.59	2.57	
1791427910	compare	4.96	3.62	2.58	
1791427915	compare	4.88	3.62	2.59	
1791427920	compare	4.89	3.65	2.61	
1791427925	compare	4.90	3.67	2.62	
1791427931	compare	4.83	3.67	2.63	
1791427936	compare	4.76	3.68	2.64	
1791427941	compare	4.70	3.68	2.64	
1791427946	compare	4.64	3.69	2.65	
1791427951	compare	4.51	3.68	2.65	
1791427956	compare	4.47	3.68	2.66	
1791427961	compare	4.43	3.69	2.67	
1791427966	compare	4.32	3.67	2.67	
1791427971	compare	4.29	3.68	2.68	
1791427976	compare	4.27	3.69	2.68	
1791427981	compare	4.33	3.71	2.70	
1791427986	compare	4.22	3.69	2.70	
1791427991	compare	3.96	3.65	2.69	
1791427996	compare	3.96	3.65	2.70	
1791428001	compare	3.73	3.61	2.69	
1791428006	compare	3.67	3.60	2.69	
1791428011	compare	3.69	3.61	2.69	
1791428016	compare	3.72	3.61	2.70	
1791428021	compare	3.58	3.59	2.70	
1791428026	compare	3.53	3.58	2.70	
1791428031	compare	3.65	3.60	2.71	
1791428036	compare	3.68	3.61	2.72	
1791428041	compare	3.79	3.63	2.73	
1791428046	compare	3.64	3.60	2.73	
1791428051	compare	3.51	3.57	2.72	
1791428056	compare	3.55	3.58	2.73	
1791428062	compare	3.58	3.59	2.74	
1791428067	compare	3.62	3.59	2.75	
1791428072	compare	3.73	3.62	2.76	
1791428077	compare	3.75	3.62	2.77	
1791428082	compare	3.69	3.61	2.77	
1791428087	compare	3.71	3.62	2.77	
1791428092	compare	3.82	3.64	2.79	
1791428097	compare	3.83	3.65	2.79	
1791428102	compare	3.68	3.62	2.79	
1791428107	compare	3.55	3.59	2.78	
1791428112	compare	3.42	3.57	2.78	
1791428117	compare	3.29	3.53	2.77	
1791428122	compare	3.26	3.52	2.78	
1791428127	compare	3.24	3.51	2.78	
1791428132	compare	3.22	3.50	2.78	
1791428137	compare	3.28	3.51	2.78	
1791428142	compare	3.26	3.50	2.79	
1791428147	compare	3.32	3.51	2.79	
1791428152	compare	3.29	3.50	2.79	
1791428157	compare	3.27	3.49	2.79	
1791428162	compare	3.33	3.50	2.80	
1791428167	compare	3.38	3.51	2.81	
1791428172	compare	3.27	3.48	2.80	
1791428177	compare	3.17	3.46	2.80	
1791428182	compare	3.24	3.47	2.81	
1791428187	compare	3.38	3.49	2.82	
1791428192	compare	3.35	3.48	2.82	
1791428198	compare	3.24	3.46	2.81	
1791428203	compare	3.46	3.50	2.83	
1791428208	compare	3.50	3.51	2.84	
1791428213	compare	3.46	3.50	2.84	
1791428218	compare	3.58	3.52	2.85	
1791428223	compare	3.62	3.53	2.86	
1791428228	compare	3.41	3.49	2.85	
1791428233	compare	3.38	3.48	2.85	
1791428238	compare	3.67	3.54	2.87	
1791428243	compare	3.61	3.53	2.87	
1791428248	compare	3.64	3.54	2.88	
1791428253	compare	3.67	3.55	2.88	
1791428258	compare	3.70	3.55	2.89	
1791428263	compare	3.64	3.54	2.89	
1791428268	compare	3.59	3.53	2.89	
1791428273	compare	3.62	3.54	2.90	
1791428278	compare	3.65	3.55	2.90	
1791428283	compare	3.68	3.56	2.91	
1791428288	compare	3.79	3.58	2.92	
1791428293	compare	3.80	3.59	2.93	
1791428298	compare	3.82	3.59	2.94	
1791428303	compare	3.83	3.60	2.94	
1791428308	compare	3.77	3.59	2.94	
1791428313	compare	3.78	3.60	2.95	
1791428318	compare	3.72	3.59	2.95	
1791428323	compare	3.74	3.59	2.95	
1791428328	compare	3.76	3.60	2.96	
1791428334	compare	3.70	3.59	2.96	
1791428339	compare	3.73	3.60	2.96	
1791428344	compare	3.67	3.58	2.96	
1791428349	compare	3.61	3.58	2.96	
1791428354	compare	3.64	3.58	2.97	
1791428359	compare	3.59	3.57	2.97	
1791428364	compare	4.19	3.70	3.02	
1791428369	compare	4.65	3.80	3.06	
1791428374	compare	4.60	3.80	3.06	
1791428379	compare	4.55	3.81	3.07	
1791428384	compare	4.51	3.81	3.07	
1791428389	compare	4.30	3.78	3.07	
1791428394	compare	4.28	3.78	3.07	
1791428399	compare	4.10	3.75	3.07	
1791428404	compare	4.49	3.84	3.10	
1791428409	compare	4.37	3.82	3.10	
1791428414	compare	4.34	3.83	3.10	
1791428419	compare	4.23	3.81	3.10	
1791428424	compare	4.13	3.80	3.10	
1791428429	compare	4.36	3.85	3.13	
1791428434	compare	4.33	3.85	3.13	
1791428439	compare	4.31	3.86	3.14	
1791428444	compare	4.44	3.89	3.15	
1791428449	compare	4.41	3.89	3.16	
1791428454	compare	4.69	3.96	3.19	
1791428459	compare	4.64	3.96	3.19	
1791428464	compare	4.43	3.93	3.18	
1791428469	compare	4.39	3.93	3.19	
1791428475	compare	4.28	3.91	3.19	
1791428480	compare	4.26	3.92	3.19	
1791428485	compare	4.48	3.97	3.21	
1791428490	compare	4.52	3.98	3.22	
1791428495	compare	4.40	3.97	3.22	
1791428500	compare	4.28	3.95	3.22	
1791428505	compare107	4.18	3.93	3.22	
1791428510	compare107	4.17	3.94	3.22	
1791428515	compare107	4.07	3.92	3.22	
1791428520	compare107	4.07	3.92	3.22	
1791428525	compare107	4.06	3.92	3.23	
1791428530	compare107	4.14	3.94	3.24	
1791428535	compare107	4.12	3.94	3.24	
1791428540	compare107	4.03	3.92	3.24	
1791428545	compare107	3.95	3.91	3.24	
1791428550	compare107	4.04	3.93	3.25	
1791428555	compare107	4.03	3.93	3.25	
1791428560	compare107	3.95	3.91	3.25	
1791428565	compare107	3.95	3.91	3.26	
1791428570	compare107	3.96	3.91	3.26	
1791428575	compare107	4.76	4.08	3.32	
1791428580	compare107	4.86	4.11	3.34	
1791428585	compare107	4.63	4.08	3.33	
1791428590	compare107	4.58	4.08	3.33	
1791428595	compare107	4.53	4.07	3.34	
1791428601	compare107	4.41	4.06	3.34	
1791428606	compare107	4.30	4.04	3.33	
1791428611	compare107	4.11	4.00	3.33	
1791428616	compare107	4.10	4.00	3.33	
1791428621	compare107	4.09	4.00	3.33	
1791428626	compare107	3.93	3.97	3.33	
1791428631	compare107	3.77	3.94	3.32	
1791428636	compare107	3.71	3.92	3.32	
1791428641	compare107	3.65	3.91	3.31	
1791428646	compare107	3.68	3.91	3.32	
1791428651	compare107	3.55	3.88	3.31	
1791428656	compare107	3.42	3.84	3.30	
1791428661	compare107	3.47	3.85	3.31	
1791428666	compare107	3.43	3.83	3.30	
1791428671	compare107	3.48	3.84	3.31	
1791428676	compare107	3.36	3.80	3.30	
1791428681	compare107	3.41	3.81	3.30	
1791428686	compare107	3.46	3.81	3.31	
1791428691	compare107	3.42	3.80	3.31	
1791428696	compare107	3.63	3.83	3.32	
1791428701	compare107	3.74	3.85	3.33	
1791428706	compare107	3.76	3.85	3.33	
1791428711	compare107	3.62	3.82	3.33	
1791428717	compare107	3.65	3.83	3.33	
1791428722	compare107	3.59	3.81	3.33	
1791428727	compare107	3.55	3.80	3.33	
1791428732	compare107	3.66	3.82	3.34	
1791428737	compare107	3.61	3.80	3.33	
1791428742	compare107	3.56	3.79	3.33	
1791428747	compare107	3.52	3.78	3.33	
1791428752	compare109	3.63	3.80	3.34	
1791428757	compare109	3.50	3.77	3.33	
1791428762	compare109	3.46	3.75	3.33	
1791428767	compare109	3.67	3.79	3.34	
1791428772	compare109	3.61	3.78	3.34	
1791428777	compare109	3.84	3.82	3.36	
1791428782	compare109	3.86	3.82	3.36	
1791428787	compare109	3.87	3.82	3.37	
1791428792	compare109	3.88	3.83	3.37	
1791428797	compare109	3.89	3.83	3.37	
1791428802	compare109	3.82	3.81	3.37	
1791428807	compare109	3.75	3.80	3.37	
1791428812	compare109	3.61	3.77	3.36	
1791428817	compare109	4.20	3.89	3.41	
1791428822	compare109	4.43	3.94	3.43	
1791428827	compare109	4.39	3.94	3.43	
1791428832	compare109	4.52	3.98	3.44	
1791428838	compare109	4.40	3.96	3.44	
1791428843	compare109	4.53	3.99	3.46	
1791428848	compare109	4.56	4.01	3.46	
1791428853	compare109	4.52	4.01	3.47	
1791428858	compare109	4.48	4.01	3.47	
1791428863	compare109	4.44	4.01	3.47	
1791428868	compare109	4.48	4.02	3.48	
1791428873	compare109	4.76	4.09	3.51	
1791428878	compare109	4.62	4.07	3.51	
1791428883	compare109	4.49	4.05	3.50	
1791428888	compare109	4.61	4.09	3.52	
1791428893	compare109	4.88	4.15	3.54	
1791428898	compare109	4.97	4.18	3.56	
1791428903	compare109	5.05	4.21	3.57	
1791428908	compare109	4.89	4.19	3.57	
1791428913	compare109	4.98	4.22	3.58	
1791428918	compare109	4.90	4.22	3.58	
1791428923	compare109	4.83	4.21	3.59	
1791428928	compare109	4.84	4.23	3.59	
1791428933	compare109	4.77	4.22	3.60	
1791428938	compare109	5.03	4.28	3.62	
1791428943	compare109	5.03	4.30	3.63	
1791428948	compare109	4.95	4.29	3.63	
1791428953	compare109	5.19	4.35	3.66	
1791428958	compare109	5.26	4.38	3.67	
1791428963	compare109	5.40	4.42	3.69	
1791428968	compare109	5.28	4.42	3.69	
1791428973	compare109	5.18	4.41	3.69	
1791428979	compare109	5.73	4.53	3.74	
1791428984	compare109	5.51	4.51	3.74	
1791428989	compare109	5.47	4.52	3.74	
1791428994	compare109	5.27	4.49	3.74	
1791428999	compare109	5.57	4.56	3.77	
1791429004	compare122	5.76	4.62	3.79	
1791429009	compare122	5.62	4.61	3.79	
1791429014	compare122	5.41	4.58	3.79	
1791429019	compare122	5.86	4.69	3.83	
1791429024	compare122	6.43	4.83	3.89	
1791429029	compare122	6.23	4.81	3.89	
1791429034	compare122	6.14	4.82	3.89	
1791429039	compare122	5.96	4.80	3.89	
1791429044	compare122	5.97	4.82	3.90	
1791429049	compare122	6.13	4.88	3.93	
1791429054	compare122	6.20	4.91	3.95	
1791429059	compare122	6.02	4.90	3.95	
1791429064	compare122	6.10	4.93	3.96	
1791429069	compare122	5.93	4.91	3.96	
1791429074	compare122	5.78	4.90	3.96	
1791429079	compare122	6.52	5.07	4.03	
1791429084	compare122	6.31	5.05	4.03	
1791429089	compare122	6.21	5.05	4.03	
1791429094	compare122	6.03	5.03	4.03	
1791429099	compare122	5.79	5.00	4.03	
1791429104	compare122	5.56	4.96	4.02	
1791429110	compare122	5.52	4.96	4.03	
1791429115	compare122	5.40	4.95	4.02	
1791429120	compare122	5.77	5.03	4.06	
1791429125	compare122	5.70	5.03	4.06	
1791429130	compare122	5.57	5.01	4.06	
1791429135	compare122	5.52	5.01	4.07	
1791429140	compare122	5.56	5.03	4.08	
1791429145	compare122	5.59	5.04	4.09	
1791429150	compare122	5.47	5.03	4.09	
1791429155	compare122	5.35	5.01	4.09	
1791429160	compare122	5.64	5.08	4.12	
1791429165	compare122	5.59	5.07	4.12	
1791429170	compare122	5.78	5.12	4.15	
1791429175	compare122	5.64	5.10	4.15	
1791429180	compare122	6.31	5.25	4.20	
1791429185	compare122	6.20	5.25	4.21	
1791429190	compare122	6.03	5.23	4.21	
1791429195	compare122	6.18	5.27	4.23	
1791429200	compare122	6.01	5.25	4.23	
1791429205	compare122	5.85	5.23	4.22	
1791429210	compare122	5.78	5.22	4.23	
1791429215	compare122	5.72	5.22	4.23	
1791429220	compare122	5.66	5.22	4.24	
1791429225	compare122	5.37	5.16	4.22	
1791429230	compare122	5.10	5.11	4.21	
1791429235	compare122	5.01	5.09	4.21	
1791429241	compare122	5.41	5.17	4.24	
1791429246	compare122	5.13	5.12	4.23	
1791429251	compare122	5.12	5.12	4.23	
1791429256	compare122	5.03	5.10	4.23	
1791429261	compare122	5.03	5.10	4.24	
1791429266	compare122	4.87	5.06	4.23	
1791429271	compare122	4.80	5.04	4.23	
1791429276	compare122	4.57	4.99	4.22	
1791429281	compare122	4.53	4.98	4.21	
1791429286	compare122	4.40	4.94	4.21	
1791429291	compare122	4.13	4.88	4.19	
1791429296	compare122	4.04	4.85	4.18	
1791429301	compare122	4.12	4.85	4.19	
1791429306	compare122	4.19	4.85	4.19	
1791429311	compare122	4.01	4.80	4.18	
1791429316	compare122	3.85	4.76	4.16	
1791429321	compare122	4.02	4.78	4.17	
1791429326	compare122	4.02	4.76	4.17	
1791429331	compare122	3.94	4.73	4.17	
1791429336	compare122	3.94	4.72	4.16	
1791429341	compare122	3.95	4.71	4.16	
1791429346	compare122	3.71	4.65	4.14	
1791429352	compare122	3.65	4.62	4.14	
1791429357	compare122	3.84	4.64	4.15	
1791429362	compare122	3.77	4.62	4.14	
1791429367	compare122	3.71	4.59	4.13	
1791429372	compare122	3.73	4.58	4.13	
1791429377	compare122	3.60	4.54	4.12	
1791429382	compare122	3.63	4.53	4.12	
1791429387	compare122	3.50	4.48	4.11	
1791429392	compare122	3.38	4.44	4.09	
1791429397	compare122	3.35	4.42	4.09	
1791429402	compare122	3.16	4.36	4.07	
1791429407	compare122	3.15	4.34	4.06	
1791429412	compare122	3.13	4.32	4.06	
1791429417	compare_fp2	3.04	4.28	4.04	
1791429422	compare_fp2	3.28	4.31	4.06	
1791429427	compare_fp2	3.42	4.32	4.06	
1791429432	compare_fp2	3.27	4.26	4.04	
1791429437	compare_fp2	3.25	4.23	4.04	
1791429442	compare_fp2	3.23	4.21	4.03	
1791429447	compare_fp2	3.21	4.19	4.02	
1791429452	compare_fp2	3.03	4.14	4.01	
1791429457	compare_fp2	3.11	4.14	4.00	
1791429463	compare_fp2	3.10	4.12	4.00	
1791429468	compare_fp2	3.17	4.12	4.00	
1791429473	compare_fp2	3.16	4.10	3.99	
1791429478	compare_fp2	2.99	4.05	3.98	
1791429483	compare_fp2	2.99	4.03	3.97	
1791429488	compare_fp2	3.23	4.06	3.98	
1791429493	compare_fp2	3.13	4.03	3.97	
1791429498	compare_fp2	3.20	4.03	3.97	
1791429503	compare_fp2	3.10	3.99	3.96	
1791429508	compare_fp2	3.09	3.98	3.95	
1791429513	compare_fp2	3.09	3.96	3.95	
1791429518	compare_fp2	3.16	3.96	3.95	
1791429523	compare_fp2	3.23	3.96	3.95	
1791429528	compare_fp2	3.13	3.93	3.93	
1791429533	compare_fp2	3.12	3.91	3.93	
1791429538	compare_fp2	3.27	3.93	3.93	
1791429543	compare_fp2	3.33	3.93	3.93	
1791429548	compare_fp2	3.38	3.93	3.93	
1791429553	compare_fp2	3.27	3.90	3.92	
1791429558	compare_fp2	3.17	3.87	3.91	
1791429563	compare_fp2	3.15	3.85	3.91	
1791429568	compare_fp2	3.14	3.84	3.90	
1791429573	compare_fp2	3.21	3.84	3.90	
1791429579	compare_fp2	3.27	3.84	3.90	
1791429584	compare_fp2	3.25	3.83	3.90	
1791429589	compare_fp2	3.15	3.80	3.88	
1791429594	compare_fp2	3.22	3.80	3.88	
1791429599	compare_fp2	3.12	3.77	3.87	
1791429604	compare_fp2	3.19	3.77	3.87	
1791429609	compare_fp2	3.17	3.76	3.87	
1791429614	compare_fp2	3.32	3.78	3.88	
1791429619	compare_fp2	3.29	3.77	3.87	
1791429624	compare_fp2	3.19	3.74	3.86	
1791429629	compare_fp2	3.18	3.73	3.85	
1791429634	compare_fp2	3.24	3.73	3.85	
1791429639	compare_fp2	3.46	3.77	3.87	
1791429644	compare_fp2	3.34	3.74	3.85	
1791429649	compare_fp2	3.32	3.73	3.85	
1791429654	compare_fp2	3.45	3.75	3.86	
1791429659	compare_fp2	3.42	3.73	3.85	
1791429664	compare_fp2	3.38	3.72	3.84	
1791429669	compare_fp2	3.43	3.73	3.85	
1791429674	compare_fp2	3.40	3.71	3.84	
1791429679	compare_fp2	3.44	3.72	3.84	
1791429684	compare_fp2	3.49	3.72	3.84	
1791429690	compare_fp2	3.61	3.74	3.85	
1791429695	compare_fp2	3.64	3.75	3.85	
1791429700	compare_fp2	3.51	3.72	3.84	
1791429705	compare_fp2	3.55	3.72	3.84	
1791429710	compare_fp2	3.42	3.69	3.83	
1791429715	compare_fp2	3.31	3.67	3.81	
1791429720	compare_fp2	3.36	3.67	3.82	
1791429725	compare_fp2	3.50	3.69	3.82	
1791429730	compare_fp2	3.46	3.68	3.82	
1791429735	compare_fp2	3.66	3.72	3.83	
1791429740	compare_fp2	3.85	3.76	3.84	
1791429745	compare_fp2	3.78	3.74	3.84	
1791429750	compare_fp2	3.64	3.71	3.83	
1791429755	compare_fp2	3.58	3.70	3.82	
1791429760	compare_fp2	3.70	3.72	3.83	
1791429765	compare_fp2	3.64	3.71	3.82	
1791429770	compare_fp2	3.67	3.72	3.82	
1791429775	compare_fp2	3.70	3.72	3.83	
1791429780	compare_fp2	3.48	3.68	3.81	
1791429785	compare_fp2	3.52	3.68	3.81	
1791429790	compare_fp2	3.64	3.70	3.82	
1791429795	compare_fp2	3.59	3.69	3.81	
1791429800	compare_fp2	3.46	3.66	3.80	
1791429806	compare_fp2	3.34	3.63	3.79	
1791429811	compare_fp2	3.32	3.62	3.79	
1791429816	compare_fp2	3.45	3.65	3.79	
1791429821	compare_fp2	3.41	3.64	3.79	
1791429826	compare_fp2	3.38	3.62	3.78	
1791429831	compare_fp2	3.35	3.61	3.78	
1791429836	compare_fp2	3.32	3.60	3.77	
1791429841	compare_fp2	3.46	3.63	3.78	
1791429846	compare_fp2	3.50	3.63	3.78	
1791429851	compare_fp2	3.62	3.65	3.79	
1791429856	compare_fp2	3.49	3.63	3.78	
1791429861	compare_fp2	3.53	3.63	3.78	
1791429866	compare_fp2	3.49	3.62	3.77	
1791429871	compare_fp2	3.45	3.61	3.77	
1791429876	compare_fp2	3.57	3.63	3.77	
1791429881	compare_fp2	3.53	3.62	3.77	
1791429886	compare_fp2	3.48	3.61	3.77	
1791429891	compare_fp2	3.53	3.62	3.77	
1791429896	compare_fp2	3.56	3.62	3.77	
1791429901	compare_fp2	3.68	3.65	3.77	
1791429906	compare_fp2	3.62	3.64	3.77	
1791429911	compare_fp2	3.65	3.64	3.77	
1791429917	compare_fp2	3.76	3.66	3.78	
1791429922	compare_fp2	3.94	3.70	3.79	
1791429927	compare_fp2	3.78	3.67	3.78	
1791429932	compare_fp2	3.88	3.70	3.79	
1791429937	compare_fp2	3.97	3.72	3.79	
1791429942	compare_fp2	3.89	3.71	3.79	
1791429947	compare_fp2	3.90	3.71	3.79	
1791429952	compare_fp2	3.75	3.68	3.78	
1791429957	compare_fp2	3.69	3.67	3.77	
1791429962	compare_fp2	3.63	3.66	3.77	
1791429967	compare_fp2	3.50	3.63	3.76	
1791429972	compare_fp2	3.54	3.64	3.76	
1791429977	compare_fp2	3.42	3.61	3.75	
1791429982	compare_fp2	3.38	3.60	3.74	
1791429987	group	3.19	3.56	3.73	
1791429992	group	3.26	3.56	3.73	
1791429997	group	3.32	3.57	3.73	
1791430002	group	3.21	3.54	3.72	
1791430007	group	3.19	3.53	3.72	
1791430012	group	3.40	3.57	3.72	
1791430017	group	3.45	3.57	3.73	
1791430022	group	3.49	3.58	3.73	
1791430028	group	3.45	3.57	3.72	
1791430033	group	3.41	3.56	3.72	
1791430038	group	3.62	3.60	3.73	
1791430043	group	3.65	3.61	3.73	
1791430048	group	3.84	3.65	3.75	
1791430053	group	3.85	3.65	3.75	
1791430058	group	3.62	3.61	3.73	
1791430063	group	3.49	3.58	3.72	
1791430068	group	3.29	3.54	3.71	
1791430073	group	3.19	3.51	3.69	
1791430078	group	3.33	3.54	3.70	
1791430083	group	3.15	3.49	3.69	
1791430088	group	3.05	3.47	3.68	
1791430093	group	2.89	3.43	3.66	
1791430098	group	2.74	3.39	3.64	
1791430103	group	2.68	3.36	3.63	
1791430108	group	2.54	3.32	3.62	
1791430113	group	2.50	3.30	3.61	
1791430118	group	2.38	3.26	3.59	
1791430123	group	2.35	3.24	3.58	
1791430128	group	2.32	3.22	3.57	
1791430133	group	2.29	3.20	3.56	
1791430138	group	2.27	3.18	3.56	
1791430144	group	2.17	3.14	3.54	
1791430149	group	2.16	3.12	3.53	
1791430154	group	2.14	3.11	3.52	
1791430159	group	2.05	3.07	3.51	
1791430164	group	2.05	3.05	3.50	
1791430169	group	1.96	3.02	3.48	
1791430174	group	1.97	3.00	3.47	
1791430179	group	1.89	2.97	3.46	
1791430184	group	1.98	2.97	3.46	
1791430189	group	1.98	2.95	3.45	
1791430194	group	2.30	3.00	3.46	
1791430199	group	2.36	3.00	3.46	
1791430204	group	2.41	3.00	3.46	
1791430209	group	2.37	2.98	3.45	
1791430214	group	2.34	2.97	3.44	
1791430219	group	2.24	2.93	3.42	
1791430224	group	2.14	2.90	3.41	
1791430229	group	2.05	2.87	3.40	
1791430234	group	1.96	2.84	3.38	
1791430239	group	1.96	2.83	3.37	
1791430244	group	1.89	2.79	3.36	
1791430249	group	1.98	2.80	3.36	
1791430255	group	1.98	2.78	3.35	
1791430260	group	1.90	2.75	3.33	
1791430265	group	1.83	2.72	3.32	
1791430270	group	1.84	2.71	3.31	
1791430275	group	1.85	2.70	3.30	
1791430280	group	1.86	2.69	3.30	
1791430285	group	1.80	2.66	3.28	
1791430290	group	1.73	2.63	3.27	
1791430295	group	1.75	2.62	3.26	
1791430300	group	1.77	2.61	3.25	
1791430305	group	1.79	2.60	3.25	
1791430310	group	1.73	2.57	3.23	
1791430315	group	1.75	2.56	3.22	
1791430320	group	1.77	2.55	3.22	
1791430325	group	1.71	2.53	3.20	
1791430330	group	1.73	2.52	3.20	
1791430335	group	1.67	2.49	3.18	
1791430340	group	1.70	2.49	3.18	
1791430345	group	1.64	2.46	3.16	
1791430350	group	1.75	2.47	3.16	
1791430355	group	1.77	2.46	3.16	
1791430360	group	1.71	2.44	3.14	
1791430366	group	1.73	2.43	3.14	
1791430371	group	1.83	2.44	3.13	
1791430376	group	1.85	2.43	3.13	
1791430381	group	1.78	2.41	3.12	
1791430386	group	1.79	2.40	3.11	
1791430391	group	1.81	2.39	3.10	
1791430396	group	1.91	2.40	3.10	
1791430401	group	1.83	2.38	3.09	
1791430406	group	1.77	2.36	3.08	
1791430411	group	1.78	2.35	3.07	
1791430416	group	1.72	2.33	3.06	
1791430421	group	1.90	2.36	3.06	
1791430426	group	1.83	2.33	3.05	
1791430431	group	1.76	2.31	3.04	
1791430436	group	1.70	2.29	3.03	
1791430441	group	1.73	2.28	3.02	
1791430446	group	1.75	2.28	3.01	
1791430451	group	1.77	2.27	3.01	
1791430456	group	1.71	2.25	2.99	
1791430461	group	1.73	2.25	2.99	
1791430466	group	1.67	2.23	2.98	
1791430471	group	1.62	2.21	2.96	
1791430477	group	1.57	2.19	2.95	
1791430482	group	1.60	2.18	2.95	
1791430487	group	1.63	2.18	2.94	
1791430492	group	1.66	2.18	2.94	
1791430497	group	1.69	2.17	2.93	
1791430502	group	1.63	2.15	2.92	
1791430507	group	1.66	2.15	2.91	
1791430512	group	1.85	2.18	2.92	
1791430517	group	1.78	2.16	2.91	
1791430522	group	1.88	2.17	2.91	
1791430527	group	1.81	2.16	2.90	
1791430532	group	1.82	2.15	2.89	
1791430537	group	1.76	2.13	2.88	
1791430542	group	1.70	2.11	2.87	
1791430547	group	1.64	2.10	2.86	
1791430552	group	1.67	2.09	2.85	
1791430557	group	1.61	2.07	2.84	
1791430562	group	1.73	2.09	2.84	
1791430567	group	1.75	2.09	2.84	
1791430572	group	1.69	2.07	2.82	
1791430577	group	1.71	2.07	2.82	
1791430582	group	1.82	2.08	2.82	
1791430587	group	1.83	2.08	2.82	
1791430593	group	1.84	2.08	2.81	
1791430598	group	1.86	2.08	2.81	
1791430603	group	1.79	2.06	2.79	
1791430608	group	1.80	2.06	2.79	
1791430613	group	1.74	2.04	2.78	
1791430618	group	1.76	2.04	2.77	
1791430623	group	1.70	2.02	2.76	
1791430628	group	1.64	2.01	2.75	
1791430633	group	1.59	1.99	2.74	
1791430638	group	1.62	1.99	2.74	
1791430643	group	1.57	1.97	2.73	
1791430648	group	1.61	1.97	2.72	
1791430653	group	1.72	1.99	2.72	
1791430658	group	1.66	1.97	2.71	
1791430663	group	1.61	1.96	2.70	
1791430668	group	1.56	1.94	2.69	
1791430673	group	1.59	1.94	2.69	
1791430678	group	1.63	1.94	2.69	
1791430683	group	1.58	1.93	2.67	
1791430688	group	1.69	1.94	2.68	
1791430693	group	1.63	1.93	2.67	
1791430698	group	1.58	1.91	2.66	
1791430704	group	1.54	1.90	2.65	
1791430709	group	1.57	1.90	2.64	
1791430714	group	1.53	1.88	2.63	
1791430719	group	1.56	1.88	2.63	
1791430724	group	1.68	1.90	2.63	
1791430729	group	1.70	1.90	2.63	
1791430734	group	1.73	1.91	2.62	
1791430739	group	1.75	1.91	2.62	
1791430744	group	1.85	1.92	2.62	
1791430749	group	1.78	1.91	2.61	
1791430754	group	1.72	1.89	2.60	
1791430759	group	1.66	1.88	2.59	
1791430764	group	1.69	1.88	2.59	
1791430769	group	1.63	1.87	2.58	
1791430774	group	1.66	1.87	2.57	
1791430779	group	1.61	1.85	2.57	
1791430784	group	1.64	1.86	2.56	
1791430789	group	1.59	1.84	2.55	
1791430794	group	1.62	1.84	2.55	
1791430799	group	1.65	1.85	2.55	
1791430804	group	1.68	1.85	2.54	
1791430809	group	1.62	1.83	2.53	
1791430815	group	1.73	1.85	2.54	
1791430820	group	1.76	1.85	2.53	
1791430825	group	1.69	1.84	2.52	
1791430830	group	1.72	1.84	2.52	
1791430835	group	1.74	1.85	2.52	
1791430840	group	1.76	1.85	2.51	
1791430845	group	1.70	1.83	2.50	
1791430850	group	1.72	1.84	2.50	
1791430855	group	1.75	1.84	2.50	
1791430860	group	1.69	1.82	2.49	
1791430865	group	1.63	1.81	2.48	
1791430870	group	1.58	1.80	2.47	
1791430875	group	1.61	1.80	2.47	
1791430880	group	1.64	1.80	2.46	
1791430885	group	1.75	1.82	2.47	
1791430890	group	1.77	1.82	2.46	
1791430895	group	1.71	1.81	2.46	
1791430900	group	1.65	1.80	2.45	
1791430905	group	1.79	1.82	2.45	
1791430910	group	1.80	1.82	2.44	
1791430915	group	1.74	1.81	2.44	
1791430920	group	1.76	1.81	2.43	
1791430926	group	1.86	1.83	2.44	
1791430931	group	1.87	1.83	2.43	
1791430936	group	1.88	1.84	2.43	
1791430941	group	1.81	1.82	2.42	
1791430946	group	1.82	1.82	2.42	
1791430951	group	2.64	1.99	2.47	
1791430956	group	2.59	1.99	2.47	
1791430961	group	2.54	1.99	2.47	
1791430966	group	2.50	1.99	2.46	
1791430971	group	2.38	1.98	2.46	
1791430976	group	2.35	1.98	2.45	
1791430981	group	2.32	1.98	2.45	
1791430986	group	2.45	2.01	2.46	
1791430991	group	2.34	1.99	2.45	
1791430996	group	2.39	2.01	2.45	
1791431001	group	2.36	2.01	2.45	
1791431006	group	2.57	2.06	2.46	
1791431011	group	2.52	2.06	2.46	
1791431016	group	2.48	2.06	2.46	
1791431021	group	2.36	2.04	2.45	
1791431026	group	2.41	2.05	2.45	
1791431031	group	2.30	2.04	2.44	
1791431036	group	2.20	2.02	2.44	
1791431042	group	2.26	2.04	2.44	
1791431047	group	2.24	2.03	2.44	
1791431052	group	2.14	2.02	2.43	
1791431057	group	2.13	2.02	2.42	
1791431062	group	2.04	2.00	2.42	
1791431067	group	1.95	1.98	2.41	
1791431072	group	1.88	1.97	2.40	
1791431077	group	1.81	1.95	2.39	
1791431082	group	1.82	1.95	2.39	
1791431087	group	1.76	1.93	2.38	
1791431092	group	1.70	1.92	2.37	
1791431097	group	1.64	1.90	2.36	
1791431102	group	1.83	1.94	2.37	
1791431107	group	1.76	1.92	2.36	
1791431112	group	1.78	1.92	2.36	
1791431117	group	1.88	1.94	2.36	
1791431122	group	1.89	1.94	2.36	
1791431127	group	1.82	1.93	2.35	
1791431132	group	1.75	1.91	2.35	
1791431137	group	1.93	1.94	2.35	
1791431142	group	1.94	1.94	2.35	
1791431147	group	1.86	1.93	2.34	
1791431153	group	1.79	1.91	2.34	
1791431158	group	1.81	1.91	2.33	
1791431163	group	1.74	1.90	2.33	
1791431168	group	1.84	1.92	2.33	
1791431173	group	1.78	1.90	2.32	
1791431178	group	1.79	1.90	2.32	
1791431183	group	1.73	1.89	2.31	
1791431188	group	1.75	1.89	2.31	
1791431193	group	1.69	1.87	2.30	
1791431198	group	1.71	1.88	2.30	
1791431203	group	1.66	1.86	2.29	
1791431208	group	1.68	1.86	2.29	
1791431213	group	1.71	1.86	2.29	
1791431218	group	1.65	1.85	2.28	
1791431223	group	1.60	1.84	2.27	
1791431228	group	1.63	1.84	2.27	
1791431233	group	1.66	1.84	2.27	
1791431238	group	1.61	1.83	2.26	
1791431243	group	1.56	1.81	2.25	
1791431248	group	1.59	1.82	2.25	
1791431253	group	2.03	1.90	2.28	
1791431258	group	1.94	1.89	2.27	
1791431264	group	1.87	1.87	2.26	
1791431269	group	1.88	1.87	2.26	
1791431274	group	1.89	1.88	2.26	
1791431279	group	1.90	1.88	2.26	
1791431284	group	1.90	1.88	2.25	
1791431289	group	1.91	1.88	2.25	
1791431294	group	1.84	1.87	2.25	
1791431299	group	1.85	1.87	2.24	
1791431304	group	2.02	1.90	2.25	
1791431309	group	2.02	1.90	2.25	
1791431314	group	2.18	1.94	2.26	
1791431319	group	2.08	1.92	2.25	
1791431324	group	2.08	1.92	2.25	
1791431329	group	1.99	1.91	2.24	
1791431334	group	1.99	1.91	2.24	
1791431339	group	1.99	1.91	2.24	
1791431344	group	2.07	1.93	2.25	
1791431349	group	2.07	1.93	2.24	
1791431354	group	2.06	1.93	2.24	
1791431359	group	2.06	1.93	2.24	
1791431364	group	1.97	1.92	2.23	
1791431369	group	1.89	1.90	2.23	
1791431374	group	1.82	1.89	2.22	
1791431380	group	1.84	1.89	2.22	
1791431385	group	1.77	1.87	2.21	
1791431390	group	1.79	1.87	2.21	
1791431395	group	1.80	1.88	2.21	
1791431400	group	1.90	1.90	2.21	
1791431405	group	1.91	1.90	2.21	
1791431410	group	1.91	1.90	2.21	
1791431415	group	1.92	1.90	2.21	
1791431420	group	1.93	1.90	2.21	
1791431425	group	1.93	1.90	2.20	
1791431430	group	1.94	1.90	2.20	
1791431435	group	1.94	1.91	2.20	
1791431440	group	1.95	1.91	2.20	
1791431445	group	2.03	1.92	2.20	
1791431450	group	2.03	1.93	2.20	
1791431455	group	2.03	1.93	2.20	
1791431460	group	2.02	1.93	2.20	
1791431465	group	1.94	1.91	2.19	
1791431470	group	1.95	1.91	2.19	
1791431475	group	1.95	1.91	2.19	
1791431480	group	2.03	1.93	2.19	
1791431485	group	2.03	1.93	2.19	
1791431491	group	2.03	1.93	2.19	
1791431496	group	2.03	1.93	2.19	
1791431501	group	2.02	1.94	2.19	
1791431506	group	2.10	1.95	2.19	
1791431511	group	2.33	2.00	2.21	
1791431516	group	2.31	2.00	2.21	
1791431521	group	2.28	2.00	2.21	
1791431526	group	2.26	2.00	2.20	
1791431531	group	2.24	2.00	2.20	
1791431536	group	2.22	2.00	2.20	
1791431541	group	2.20	2.00	2.20	
1791431546	group	2.10	1.98	2.19	
1791431551	group	2.10	1.98	2.19	
1791431556	group	2.09	1.98	2.19	
1791431561	group	2.24	2.02	2.20	
1791431566	group	2.22	2.02	2.20	
1791431571	group	2.12	2.00	2.19	
1791431576	group	2.11	2.00	2.19	
1791431581	group	2.10	2.00	2.19	
1791431586	group	2.10	2.00	2.19	
1791431591	group	2.01	1.98	2.18	
1791431596	group	2.17	2.02	2.19	
1791431601	group	2.23	2.03	2.19	
1791431607	group	2.21	2.03	2.19	
1791431612	group	2.12	2.01	2.19	
1791431617	group	2.11	2.01	2.18	
1791431622	group	2.02	2.00	2.18	
1791431627	group	2.02	2.00	2.18	
1791431632	group	1.93	1.98	2.17	
1791431637	group	1.86	1.96	2.16	
1791431642	group	1.87	1.96	2.16	
1791431647	group	1.96	1.98	2.16	
1791431652	group	1.96	1.98	2.16	
1791431657	group	2.05	2.00	2.17	
1791431662	group	1.96	1.98	2.16	
1791431667	group	1.97	1.98	2.16	
1791431672	group	1.89	1.96	2.15	
1791431677	group	1.82	1.95	2.15	
1791431682	group	1.83	1.95	2.15	
1791431687	group	1.76	1.93	2.14	
1791431692	group	1.70	1.92	2.13	
1791431697	group	1.73	1.92	2.13	
1791431702	group	1.67	1.90	2.12	
1791431707	group	1.61	1.89	2.12	
1791431712	group	1.56	1.87	2.11	
1791431718	group	1.60	1.87	2.11	
1791431723	group	1.71	1.89	2.11	
1791431728	group	1.81	1.91	2.12	
1791431733	group	1.75	1.89	2.11	
1791431738	group	1.77	1.90	2.11	
1791431743	group	1.71	1.88	2.10	
1791431748	group	1.73	1.88	2.10	
1791431753	group	1.67	1.87	2.10	
1791431758	group	1.70	1.87	2.10	
1791431763	group	1.72	1.87	2.09	
1791431768	group	1.74	1.87	2.09	
1791431773	group	1.76	1.88	2.09	
1791431778	group	1.78	1.88	2.09	
1791431783	group	1.80	1.88	2.09	
1791431788	group	1.81	1.88	2.09	
1791431793	group	1.83	1.88	2.09	
1791431798	group	1.76	1.87	2.08	
1791431803	group	1.78	1.87	2.08	
1791431808	group	1.72	1.86	2.08	
1791431813	group	1.74	1.86	2.07	
1791431818	group	1.76	1.86	2.07	
1791431823	group	1.70	1.84	2.07	
1791431828	group	1.72	1.85	2.07	
1791431834	group	1.75	1.85	2.07	
1791431839	group	1.86	1.87	2.07	
1791431844	group	1.87	1.87	2.07	
1791431849	group	1.80	1.86	2.06	
1791431854	group	1.82	1.86	2.06	
1791431859	group	1.83	1.86	2.06	
1791431864	group	1.76	1.85	2.06	
1791431869	group	1.78	1.85	2.06	
1791431874	group	1.72	1.84	2.05	
1791431879	group	1.74	1.84	2.05	
1791431884	group	1.76	1.84	2.05	
1791431889	group	1.70	1.83	2.04	
1791431894	group	1.64	1.81	2.04	
1791431899	group	1.67	1.81	2.04	
1791431904	group	1.70	1.82	2.04	
1791431909	group	1.64	1.80	2.03	
1791431914	group	1.59	1.79	2.02	
1791431919	group	1.62	1.79	2.02	
1791431924	group	1.57	1.78	2.02	
1791431929	group	1.61	1.78	2.02	
1791431934	group	1.56	1.77	2.01	
1791431939	group	1.59	1.77	2.01	
1791431945	group	1.71	1.79	2.01	
1791431950	group	1.65	1.78	2.01	
1791431955	group	1.68	1.78	2.01	
1791431960	group	1.70	1.79	2.01	
1791431965	group	1.89	1.82	2.02	
1791431970	group	1.90	1.83	2.02	
1791431975	group	1.90	1.83	2.02	
1791431980	group	1.91	1.83	2.02	
1791431985	group	2.08	1.87	2.03	
1791431990	group	2.15	1.89	2.03	
1791431995	group	2.30	1.92	2.04	
1791432000	group	2.44	1.95	2.06	
1791432005	group	2.48	1.97	2.06	
1791432010	group	2.68	2.02	2.08	
1791432015	group	2.71	2.04	2.08	
1791432020	group	2.73	2.05	2.09	
1791432025	group	2.75	2.07	2.09	
1791432030	group	2.77	2.08	2.10	
1791432035	group	2.95	2.13	2.12	
1791432040	group	2.95	2.15	2.12	
1791432045	group	2.96	2.16	2.12	
1791432050	group	3.04	2.19	2.14	
1791432055	group	3.04	2.20	2.14	
1791432060	group	3.35	2.28	2.17	
1791432065	group	3.25	2.28	2.17	
1791432070	group	3.06	2.26	2.16	
1791432076	group	3.14	2.29	2.17	
1791432081	group	3.13	2.30	2.18	
1791432086	group	3.04	2.29	2.17	
1791432091	group	2.95	2.29	2.17	
1791432096	group	2.88	2.28	2.17	
1791432101	group	2.81	2.28	2.17	
1791432106	group	2.66	2.26	2.16	
1791432111	group	2.69	2.27	2.17	
1791432116	group	2.63	2.26	2.17	
1791432121	group	2.58	2.26	2.16	
1791432126	group	2.54	2.25	2.16	
1791432131	group	2.41	2.23	2.16	
1791432136	group	2.38	2.23	2.16	
1791432141	group	2.35	2.23	2.15	
1791432146	group	2.24	2.21	2.15	
1791432151	group	2.22	2.20	2.15	
1791432156	group	2.12	2.18	2.14	
1791432161	group	2.11	2.18	2.14	
1791432166	group	2.02	2.16	2.13	
1791432171	group	1.94	2.14	2.13	
1791432176	group	1.95	2.14	2.12	
1791432181	group	1.87	2.12	2.12	
1791432186	group	1.88	2.12	2.12	
1791432192	group	1.89	2.11	2.12	
1791432197	group	1.90	2.11	2.11	
1791432202	group	1.91	2.11	2.11	
1791432207	group	1.91	2.11	2.11	
1791432212	group	1.92	2.11	2.11	
1791432217	group	1.93	2.10	2.11	
1791432222	group	1.93	2.10	2.11	
1791432227	group	1.94	2.10	2.11	
1791432232	group	1.94	2.10	2.11	
1791432237	group	1.87	2.08	2.10	
1791432242	group	1.80	2.06	2.09	
1791432247	group	1.81	2.06	2.09	
1791432252	group	1.83	2.06	2.09	
1791432257	group	2.00	2.09	2.10	
1791432262	group	2.08	2.10	2.11	
1791432267	group	2.07	2.10	2.11	
1791432272	group	2.15	2.12	2.11	
1791432277	group	2.14	2.12	2.11	
1791432282	group	2.04	2.10	2.10	
1791432287	group	2.12	2.11	2.11	
1791432292	group	2.19	2.13	2.11	
1791432297	group	2.18	2.12	2.11	
1791432302	group	2.16	2.12	2.11	
1791432308	group	2.15	2.12	2.11	
1791432313	group	2.06	2.10	2.10	
1791432318	group	1.97	2.08	2.10	
1791432323	group	1.97	2.08	2.10	
1791432328	group	1.89	2.06	2.09	
1791432333	group	1.82	2.04	2.08	
1791432338	group	1.76	2.03	2.08	
1791432343	group	1.78	2.03	2.08	
1791432348	group	1.71	2.01	2.07	
1791432353	group	1.66	1.99	2.06	
1791432358	group	1.76	2.01	2.07	
1791432363	group	1.86	2.02	2.07	
1791432368	group	1.79	2.01	2.07	
1791432373	group	1.81	2.01	2.07	
1791432378	group	1.98	2.04	2.08	
1791432383	group	1.91	2.02	2.07	
1791432388	group	1.83	2.00	2.07	
1791432393	group	2.57	2.15	2.12	
1791432398	group	2.44	2.13	2.11	
1791432403	group	2.33	2.11	2.10	
1791432408	group	2.30	2.11	2.10	
1791432413	group	2.27	2.11	2.10	
1791432419	group	2.25	2.11	2.10	
1791432424	group	2.23	2.11	2.10	
1791432429	group	2.21	2.10	2.10	
1791432434	group	2.12	2.09	2.09	
1791432439	group	2.03	2.07	2.09	
1791432444	group	1.94	2.05	2.08	
1791432449	group	1.87	2.03	2.07	
1791432454	group	1.88	2.03	2.07	
1791432459	group	1.89	2.03	2.07	
1791432464	group	1.82	2.01	2.06	
1791432469	group	1.83	2.01	2.06	
1791432474	group	1.76	2.00	2.06	
1791432479	group	2.18	2.08	2.09	
1791432484	group	2.25	2.09	2.09	
1791432489	group	2.23	2.09	2.09	
1791432494	group	2.13	2.07	2.08	
1791432499	group	2.12	2.07	2.08	
1791432504	group	2.03	2.05	2.08	
1791432509	group	2.03	2.05	2.08	
1791432514	group	1.94	2.04	2.07	
1791432519	group	2.19	2.08	2.09	
1791432524	group	2.25	2.10	2.09	
1791432530	group	2.31	2.11	2.10	
1791432535	group	2.29	2.11	2.10	
1791432540	group	2.34	2.13	2.10	
1791432545	group	2.32	2.12	2.10	
1791432550	group	2.29	2.12	2.10	
1791432555	group	2.35	2.14	2.10	
1791432560	group	2.24	2.12	2.10	
1791432565	group	2.14	2.10	2.09	
1791432570	group	2.13	2.10	2.09	
1791432575	group	2.04	2.08	2.08	
1791432580	group	1.95	2.06	2.08	
1791432585	group	1.88	2.04	2.07	
1791432590	group	1.97	2.06	2.07	
1791432595	group	1.97	2.06	2.07	
1791432600	group	1.89	2.04	2.07	
1791432605	group	1.90	2.04	2.07	
1791432610	group	1.91	2.04	2.07	
1791432615	group	1.92	2.04	2.07	
1791432620	group	1.84	2.02	2.06	
1791432625	group	1.93	2.03	2.07	
1791432630	group	1.94	2.03	2.06	
1791432635	group	1.86	2.02	2.06	
1791432640	group	1.79	2.00	2.05	
1791432645	group	1.81	2.00	2.05	
1791432651	group	1.75	1.98	2.05	
1791432656	group	1.77	1.98	2.04	
1791432661	group	1.78	1.98	2.04	
1791432666	group	1.80	1.98	2.04	
1791432671	group	1.82	1.98	2.04	
1791432676	group	1.83	1.98	2.04	
1791432681	group	1.76	1.97	2.04	
1791432686	group	1.78	1.97	2.04	
1791432691	group	1.80	1.97	2.04	
1791432696	group	1.74	1.95	2.03	
1791432701	group	1.76	1.95	2.03	
1791432706	group	1.70	1.93	2.02	
1791432711	group	1.72	1.94	2.02	
1791432716	group	1.74	1.94	2.02	
1791432721	group	1.68	1.92	2.02	
1791432726	group	1.71	1.92	2.01	
1791432731	group	1.84	1.94	2.02	
1791432736	group	1.77	1.93	2.01	
1791432741	group	1.71	1.91	2.01	
1791432746	group	1.81	1.93	2.01	
1791432751	group	1.99	1.96	2.02	
1791432756	group	2.07	1.98	2.03	
1791432762	group	2.06	1.98	2.03	
1791432767	group	2.14	2.00	2.03	
1791432772	group	2.13	2.00	2.03	
1791432777	group	2.20	2.01	2.04	
1791432782	group	2.34	2.04	2.05	
1791432787	group	2.23	2.03	2.04	
1791432792	group	2.21	2.03	2.04	
1791432797	group	2.20	2.03	2.04	
1791432802	group	2.26	2.04	2.05	
1791432807	group	2.16	2.02	2.04	
1791432812	group	2.23	2.04	2.05	
1791432817	group	2.13	2.02	2.04	
1791432822	group	2.04	2.01	2.03	
1791432827	group	1.95	1.99	2.03	
1791432832	group	1.88	1.97	2.02	
1791432837	group	1.81	1.96	2.02	
1791432842	group	1.90	1.97	2.02	
1791432847	group	1.91	1.97	2.02	
1791432852	group	1.92	1.97	2.02	
1791432857	group	1.92	1.97	2.02	
1791432862	group	1.93	1.97	2.02	
1791432867	group	1.93	1.97	2.02	
1791432873	group	1.86	1.96	2.01	
1791432878	group	1.87	1.96	2.01	
1791432883	group	1.88	1.96	2.01	
1791432888	group	1.89	1.96	2.01	
1791432893	group	1.82	1.94	2.00	
1791432898	group	1.83	1.94	2.00	
1791432903	group	1.77	1.93	2.00	
1791432908	group	1.78	1.93	2.00	
1791432913	group	1.96	1.96	2.01	
1791432918	group	1.96	1.96	2.01	
1791432923	group	1.89	1.95	2.00	
1791432928	group	1.82	1.93	2.00	
1791432933	group	1.75	1.91	1.99	
1791432938	group	1.77	1.92	1.99	
1791432943	group	1.71	1.90	1.98	
1791432948	group	1.73	1.90	1.98	
1791432953	group	1.83	1.92	1.99	
1791432958	group	1.85	1.92	1.99	
1791432963	group	1.86	1.92	1.99	
1791432968	group	1.79	1.91	1.98	
1791432973	group	1.81	1.91	1.98	
1791432978	group	1.74	1.89	1.98	
1791432983	group	1.76	1.89	1.98	
1791432989	group	1.70	1.88	1.97	
1791432994	group	1.72	1.88	1.97	
1791432999	group	1.67	1.87	1.97	
1791433004	group	1.69	1.87	1.97	
1791433009	group	1.64	1.85	1.96	
1791433014	group	1.59	1.84	1.95	
1791433019	group	1.62	1.84	1.95	
1791433024	group	1.65	1.84	1.95	
1791433029	group	1.60	1.83	1.95	
1791433034	group	1.55	1.81	1.94	
1791433039	group	1.90	1.88	1.97	
1791433044	group	1.83	1.87	1.96	
1791433049	group	1.85	1.87	1.96	
1791433054	group	1.86	1.87	1.96	
1791433059	group	1.87	1.88	1.96	
1791433064	group	1.88	1.88	1.96	
1791433069	group	1.81	1.86	1.95	
1791433074	group	1.82	1.86	1.95	
1791433079	group	1.84	1.87	1.95	
1791433084	group	1.77	1.85	1.95	
1791433089	group	1.79	1.85	1.95	
1791433094	group	1.72	1.84	1.94	
1791433100	group	1.75	1.84	1.94	
1791433105	group	1.77	1.84	1.94	
1791433110	group	1.86	1.86	1.95	
1791433115	group	1.96	1.88	1.95	
1791433120	group	1.88	1.87	1.95	
1791433125	group	1.89	1.87	1.95	
1791433130	group	1.90	1.87	1.95	
1791433135	group	1.90	1.87	1.95	
1791433140	group	1.91	1.88	1.95	
1791433145	group	2.08	1.91	1.96	
1791433150	group	1.99	1.90	1.95	
1791433155	group	2.07	1.91	1.96	
1791433160	group	2.07	1.91	1.96	
1791433165	group	1.98	1.90	1.95	
1791433170	group	1.90	1.88	1.95	
1791433175	group	1.83	1.87	1.94	
1791433180	group	1.84	1.87	1.94	
1791433185	group	1.86	1.87	1.94	
1791433190	group	1.79	1.86	1.94	
1791433195	group	1.80	1.86	1.94	
1791433200	group	1.74	1.84	1.93	
1791433205	group	1.68	1.83	1.93	
1791433210	group	1.70	1.83	1.93	
1791433216	group	2.13	1.92	1.95	
1791433221	group	2.12	1.92	1.95	
1791433226	group	2.03	1.90	1.95	
1791433231	group	2.03	1.91	1.95	
1791433236	group	2.02	1.91	1.95	
1791433241	group	2.02	1.91	1.95	
1791433246	group	2.18	1.94	1.96	
1791433251	group	2.16	1.94	1.96	
1791433256	group	2.15	1.94	1.96	
1791433261	group	2.14	1.94	1.96	
1791433266	group	2.05	1.93	1.95	
1791433271	group	2.04	1.93	1.95	
1791433276	group	2.04	1.93	1.95	
1791433281	group	2.04	1.93	1.95	
1791433286	group	2.03	1.93	1.95	
1791433291	group	2.03	1.93	1.95	
1791433296	group	2.03	1.93	1.95	
1791433301	group	1.95	1.92	1.95	
1791433306	group	1.87	1.90	1.94	
1791433311	group	1.88	1.90	1.94	
1791433316	group	1.81	1.89	1.94	
1791433321	group	1.74	1.87	1.93	
1791433327	group	1.68	1.86	1.93	
1791433332	group	1.63	1.84	1.92	
1791433337	group	1.58	1.83	1.91	
1791433342	group	1.61	1.83	1.91	
1791433347	group	1.72	1.85	1.92	
1791433352	group	1.74	1.85	1.92	
1791433357	group	1.76	1.86	1.92	
1791433362	group	1.86	1.88	1.93	
1791433367	group	1.95	1.89	1.93	
1791433372	group	1.96	1.90	1.93	
1791433377	group	1.88	1.88	1.93	
1791433382	group	1.89	1.88	1.93	
1791433387	group	1.90	1.88	1.93	
1791433392	group	1.91	1.89	1.93	
1791433397	group	1.91	1.89	1.93	
1791433402	group	1.84	1.87	1.92	
1791433407	group	1.85	1.87	1.92	
1791433412	group	1.78	1.86	1.91	
1791433417	group	1.80	1.86	1.92	
1791433422	group	1.82	1.86	1.92	
1791433427	group	1.75	1.85	1.91	
1791433432	group	1.69	1.83	1.90	
1791433437	group	1.72	1.84	1.91	
1791433443	group	1.74	1.84	1.91	
1791433448	group	1.76	1.84	1.91	
1791433453	group	2.34	1.96	1.95	
1791433458	group	2.31	1.96	1.95	
1791433463	group	2.29	1.96	1.95	
1791433468	group	2.18	1.94	1.94	
1791433473	group	2.17	1.95	1.94	
1791433478	group	2.07	1.93	1.94	
1791433483	group	1.99	1.91	1.93	
1791433488	group	1.91	1.90	1.92	
1791433493	group	2.16	1.95	1.94	
1791433498	group	2.14	1.95	1.94	
1791433503	group	2.05	1.93	1.94	
1791433508	group	2.21	1.97	1.95	
1791433513	group	2.11	1.95	1.94	
1791433518	group	2.02	1.94	1.94	
1791433523	group	2.02	1.94	1.94	
1791433528	group	1.94	1.92	1.93	
1791433533	group	1.86	1.91	1.92	
1791433538	group	1.79	1.89	1.92	
1791433543	group	1.89	1.91	1.92	
1791433548	group	1.82	1.89	1.92	
1791433553	group	1.91	1.91	1.92	
1791433559	group	1.84	1.90	1.92	
1791433564	group	2.01	1.93	1.93	
1791433569	group	2.01	1.93	1.93	
1791433574	group	1.93	1.92	1.92	
1791433579	group	1.94	1.92	1.92	
1791433584	group	2.02	1.93	1.93	
1791433589	group	2.02	1.94	1.93	
1791433594	group	1.94	1.92	1.92	
1791433599	group	2.10	1.95	1.94	
1791433604	group	2.09	1.95	1.94	
1791433609	group	2.01	1.94	1.93	
1791433614	group	2.00	1.94	1.93	
1791433619	group	1.92	1.92	1.92	
1791433624	group	1.93	1.92	1.92	
1791433629	group	1.86	1.91	1.92	
1791433634	group	1.95	1.93	1.92	
1791433639	group	1.87	1.91	1.92	
1791433644	group	1.88	1.91	1.92	
1791433649	group	3.17	2.18	2.01	
1791433654	group	3.00	2.16	2.01	
1791433659	group	3.16	2.21	2.02	
1791433664	group	3.06	2.20	2.02	
1791433670	group	3.30	2.28	2.05	
1791433675	group	3.20	2.27	2.05	
1791433680	group wide	3.10	2.27	2.05	
1791433685	group wide	3.01	2.26	2.05	
1791433690	group wide	3.01	2.28	2.05	
1791433695	group wide	2.93	2.27	2.05	
1791433700	group wide	2.85	2.27	2.05	
1791433705	group wide	2.79	2.26	2.05	
1791433710	group wide	2.80	2.27	2.06	
1791433715	group wide	2.66	2.25	2.05	
1791433720	group wide	2.61	2.25	2.05	
1791433725	group wide	2.48	2.23	2.05	
1791433730	group wide	2.44	2.22	2.04	
1791433735	group wide	2.40	2.22	2.04	
1791433740	group wide	2.37	2.22	2.04	
1791433745	group wide	2.26	2.19	2.04	
1791433750	group wide	2.24	2.19	2.04	
1791433755	group wide	2.22	2.19	2.04	
1791433760	group wide	2.20	2.18	2.04	
1791433765	group wide	2.19	2.18	2.04	
1791433770	group wide	2.17	2.18	2.04	
1791433775	group wide	2.16	2.17	2.03	
1791433781	group wide	2.06	2.15	2.03	
1791433786	group wide	2.06	2.15	2.03	
1791433791	group wide	1.97	2.13	2.02	
1791433796	group wide	1.90	2.11	2.02	
1791433801	group wide	1.90	2.11	2.01	
1791433806	group wide	1.91	2.11	2.01	
1791433811	group wide	1.84	2.09	2.01	
1791433816	group wide	1.77	2.07	2.00	
1791433821	group wide	1.79	2.07	2.00	
1791433826	group wide	1.80	2.07	2.00	
1791433831	group wide	1.74	2.05	1.99	
1791433836	group wide	1.68	2.03	1.99	
1791433841	group wide	1.63	2.02	1.98	
1791433846	group wide	1.66	2.02	1.98	
1791433851	group wide	1.84	2.05	1.99	
1791433856	group wide	1.86	2.05	1.99	
1791433861	group wide	1.87	2.05	1.99	
1791433866	group wide	1.88	2.05	1.99	
1791433871	group wide	1.81	2.03	1.99	
1791433876	group wide	1.82	2.03	1.99	
1791433881	group wide	1.84	2.03	1.99	
1791433886	group wide	1.85	2.03	1.99	
1791433891	group wide	1.94	2.04	1.99	
1791433897	group wide	1.86	2.02	1.99	
1791433902	group wide	1.96	2.04	1.99	
1791433907	group wide	2.04	2.06	2.00	
1791433912	group wide	2.04	2.06	2.00	
1791433917	group wide	2.03	2.05	2.00	
1791433922	group wide	2.03	2.05	2.00	
1791433927	group wide	2.03	2.05	2.00	
1791433932	group wide	1.94	2.04	1.99	
1791433937	group wide	1.95	2.03	1.99	
1791433942	group wide	1.95	2.03	1.99	
1791433947	group wide	1.96	2.03	1.99	
1791433952	group wide	2.12	2.06	2.01	
1791433957	group wide	2.19	2.08	2.01	
1791433962	group wide	2.17	2.08	2.01	
1791433967	group wide	2.16	2.08	2.01	
1791433972	group wide	2.15	2.08	2.01	
1791433977	group wide	2.14	2.07	2.01	
1791433982	group wide	2.12	2.07	2.01	
1791433987	group wide	2.27	2.10	2.02	
1791433992	group wide	2.25	2.10	2.02	
1791433997	group wide	2.23	2.10	2.02	
1791434002	group wide	2.21	2.10	2.02	
1791434007	group wide	2.20	2.10	2.02	
1791434013	group wide	2.10	2.08	2.01	
1791434018	group wide	2.01	2.06	2.01	
1791434023	group wide	1.93	2.04	2.00	
1791434028	group wide	2.02	2.06	2.00	
1791434033	group wide	2.01	2.06	2.00	
1791434038	group wide	2.01	2.06	2.00	
1791434043	group wide	2.01	2.05	2.00	
1791434048	group wide	2.01	2.05	2.00	
1791434053	group wide	1.93	2.04	2.00	
1791434058	group wide	1.85	2.02	1.99	
1791434063	group wide	1.87	2.02	1.99	
1791434068	group wide	1.88	2.02	1.99	
1791434073	group wide	1.89	2.02	1.99	
1791434078	group wide	1.81	2.00	1.98	
1791434083	group wide	1.83	2.00	1.98	
1791434088	group wide	1.76	1.98	1.98	
1791434093	group wide	1.70	1.97	1.97	
1791434098	group wide	1.65	1.95	1.97	
1791434103	group wide	1.67	1.95	1.97	
1791434108	group wide	1.62	1.93	1.96	
1791434113	group wide	1.65	1.94	1.96	
1791434118	group wide	1.68	1.94	1.96	
1791434124	group wide	1.62	1.92	1.96	
1791434129	group wide	1.65	1.92	1.96	
1791434134	group wide	1.68	1.92	1.96	
1791434139	group wide	1.71	1.92	1.96	
1791434144	group wide	1.65	1.91	1.95	
1791434149	group wide	1.60	1.89	1.94	
1791434154	group wide	1.55	1.88	1.94	
1791434159	group wide	1.58	1.88	1.94	
1791434164	group wide	1.62	1.88	1.94	
1791434169	group wide	1.73	1.90	1.94	
1791434174	group wide	1.75	1.90	1.94	
1791434179	group wide	1.85	1.92	1.95	
1791434184	group wide	1.78	1.90	1.94	
1791434189	group wide	1.80	1.91	1.94	
1791434194	group wide	1.81	1.91	1.94	
1791434199	group wide	1.75	1.89	1.94	
1791434204	group wide	1.77	1.89	1.94	
1791434209	group wide	1.79	1.90	1.94	
1791434214	group wide	1.80	1.90	1.94	
1791434219	group wide	1.74	1.88	1.93	
1791434224	group wide	1.68	1.87	1.93	
1791434229	group wide	1.62	1.85	1.92	
1791434234	group wide	1.57	1.84	1.91	
1791434240	group wide	1.53	1.82	1.91	
1791434245	group wide	1.57	1.83	1.91	
1791434250	group wide	1.60	1.83	1.91	
1791434255	group wide	1.55	1.81	1.90	
1791434260	group wide	1.51	1.80	1.90	
1791434265	group wide	1.47	1.79	1.89	
1791434270	group wide	1.43	1.77	1.89	
1791434275	group wide	1.47	1.78	1.89	
1791434280	group wide	1.52	1.78	1.89	
1791434285	group wide	1.48	1.77	1.88	
1791434290	group wide	1.44	1.75	1.88	
1791434295	group wide	1.40	1.74	1.87	
1791434300	group wide	1.45	1.75	1.87	
1791434305	group wide	1.49	1.75	1.87	
1791434310	group wide	1.45	1.74	1.87	
1791434315	group wide	1.42	1.72	1.86	
1791434320	group wide	1.46	1.73	1.86	
1791434325	group wide	1.51	1.73	1.86	
1791434330	group wide	1.55	1.74	1.87	
1791434335	group wide	1.58	1.74	1.87	
1791434340	group wide	1.61	1.75	1.87	
1791434345	group wide	1.57	1.73	1.86	
1791434351	group wide	1.68	1.75	1.87	
1791434356	group wide	1.63	1.74	1.86	
1791434361	group wide	1.58	1.73	1.86	
1791434366	group wide	1.53	1.72	1.85	
1791434371	group wide	1.49	1.70	1.85	
1791434376	group wide	1.45	1.69	1.84	
1791434381	group wide	1.49	1.70	1.84	
1791434386	group wide	4.57	2.33	2.06	
1791434391	group wide	4.37	2.33	2.06	
1791434396	group wide	4.10	2.30	2.06	
1791434401	group wide	3.85	2.28	2.05	
1791434406	group wide	3.70	2.28	2.05	
1791434411	group wide	3.48	2.26	2.04	
1791434416	group wide	3.37	2.25	2.04	
1791434421	group wide	3.26	2.25	2.04	
1791434426	group wide	3.16	2.24	2.04	
1791434431	group wide	3.06	2.24	2.04	
1791434436	group wide	3.06	2.25	2.05	
1791434441	group wide	2.97	2.25	2.05	
1791434446	group wide	2.89	2.24	2.05	
1791434451	group wide	2.82	2.24	2.05	
1791434456	group wide	2.76	2.23	2.05	
1791434461	group wide	2.62	2.21	2.04	
1791434467	group wide	2.57	2.21	2.04	
1791434472	group wide	2.44	2.19	2.03	
1791434477	group wide	2.40	2.18	2.03	
1791434482	group wide	2.29	2.16	2.03	
1791434487	group wide	2.35	2.18	2.03	
1791434492	group wide	2.24	2.16	2.02	
1791434497	group wide	2.22	2.16	2.02	
1791434502	group wide	2.20	2.15	2.02	
1791434507	group wide	2.19	2.15	2.02	
1791434512	group wide	2.17	2.15	2.02	
1791434517	group wide	2.16	2.14	2.02	
1791434522	group wide	2.06	2.12	2.02	
1791434527	group wide	2.06	2.12	2.02	
1791434532	group wide	2.05	2.12	2.01	
1791434537	group wide	1.97	2.10	2.01	
1791434542	group wide	1.97	2.10	2.01	
1791434547	group wide	1.97	2.10	2.01	
1791434552	group wide	1.98	2.10	2.01	
1791434557	group wide	1.90	2.08	2.00	
1791434562	group wide	1.83	2.06	1.99	
1791434567	group wide	1.84	2.06	1.99	
1791434572	group wide	1.77	2.04	1.99	
1791434578	group wide	1.79	2.04	1.99	
1791434583	group wide	1.73	2.02	1.98	
1791434588	group wide	1.67	2.00	1.98	
1791434593	group wide	1.85	2.04	1.99	
1791434598	group wide	1.87	2.04	1.99	
1791434603	group wide	1.96	2.05	1.99	
1791434608	group wide	1.96	2.05	1.99	
1791434613	group wide	2.04	2.07	2.00	
1791434618	group wide	2.04	2.06	2.00	
1791434623	group wide	2.03	2.06	2.00	
1791434628	group wide	1.95	2.04	1.99	
1791434633	group wide	1.95	2.04	1.99	
1791434638	group wide	1.88	2.03	1.99	
1791434643	group wide	1.81	2.01	1.98	
1791434648	group wide	1.82	2.01	1.98	
1791434653	group wide	1.84	2.01	1.98	
1791434658	group wide	1.77	1.99	1.98	
1791434663	group wide	1.79	1.99	1.98	
1791434668	group wide	1.80	1.99	1.98	
1791434673	group wide	1.74	1.97	1.97	
1791434678	group wide	1.68	1.96	1.96	
1791434683	group wide	1.70	1.96	1.96	
1791434688	group wide	1.65	1.94	1.96	
1791434693	group wide	1.68	1.94	1.96	
1791434699	group wide	1.78	1.96	1.96	
1791434704	group wide	1.80	1.96	1.96	
1791434709	group wide	1.81	1.96	1.96	
1791434714	group wide	1.83	1.96	1.96	
1791434719	group wide	1.76	1.94	1.96	
1791434724	group wide	1.70	1.93	1.95	
1791434729	group wide	1.73	1.93	1.95	
1791434734	group wide	2.63	2.11	2.02	
1791434739	group wide	2.58	2.11	2.02	
1791434744	group wide	2.53	2.11	2.02	
1791434749	group wide	2.49	2.11	2.02	
1791434754	group wide	2.37	2.09	2.01	
1791434759	group wide	2.42	2.10	2.02	
1791434764	group wide	2.31	2.08	2.01	
1791434769	group wide	2.20	2.07	2.00	
1791434774	group wide	2.18	2.06	2.00	
1791434779	group wide	2.17	2.06	2.00	
1791434784	group wide	2.16	2.06	2.00	
1791434789	group wide	2.14	2.06	2.00	
1791434794	group wide	2.13	2.06	2.00	
1791434799	group wide	2.12	2.06	2.00	
1791434805	group wide	2.11	2.06	2.00	
1791434810	group wide	2.02	2.04	1.99	
1791434815	group wide	2.10	2.05	2.00	
1791434820	group wide	2.01	2.04	1.99	
1791434825	group wide	1.93	2.02	1.99	
1791434830	group wide	1.94	2.02	1.99	
1791434835	group wide	1.94	2.02	1.99	
1791434840	group wide	1.94	2.02	1.99	
1791434845	group wide	1.95	2.02	1.99	
1791434850	group wide	1.95	2.02	1.99	
1791434855	group wide	1.88	2.00	1.98	
1791434860	group wide	1.81	1.98	1.98	
1791434865	group wide	1.82	1.98	1.98	
1791434870	group wide	1.83	1.98	1.98	
1791434875	group wide	1.77	1.97	1.97	
1791434880	group wide	1.79	1.97	1.97	
1791434885	group wide	1.72	1.95	1.96	
1791434890	group wide	1.75	1.95	1.96	
1791434895	group wide	1.69	1.94	1.96	
1791434900	group wide	1.87	1.97	1.97	
1791434905	group wide	1.80	1.95	1.96	
1791434910	group wide	1.74	1.94	1.96	
1791434915	group wide	1.76	1.94	1.96	
1791434921	group wide	1.70	1.92	1.95	
1791434926	group wide	1.64	1.91	1.95	
1791434931	group wide	1.67	1.91	1.95	
1791434936	group wide	1.69	1.91	1.95	
1791434941	group wide	1.72	1.91	1.95	
1791434946	group wide	1.66	1.90	1.94	
1791434951	group wide	1.61	1.88	1.94	
1791434956	group wide	1.64	1.88	1.94	
1791434961	group wide	1.67	1.88	1.94	
1791434966	group wide	1.77	1.90	1.94	
1791434971	group wide	1.87	1.92	1.95	
1791434976	group wide	1.80	1.91	1.94	
1791434981	group wide	1.74	1.89	1.94	
1791434986	group wide	1.84	1.91	1.94	
1791434991	group wide	1.93	1.93	1.95	
1791434996	group wide	1.94	1.93	1.95	
1791435001	group wide	1.94	1.93	1.95	
1791435006	group wide	1.95	1.93	1.95	
1791435011	group wide	1.95	1.93	1.95	
1791435016	group wide	1.87	1.91	1.94	
1791435021	group wide	1.80	1.90	1.94	
1791435026	group wide	1.82	1.90	1.94	
1791435031	group wide	1.83	1.90	1.94	
1791435037	group wide	1.85	1.90	1.94	
1791435042	group wide	1.86	1.90	1.94	
1791435047	group wide	1.87	1.91	1.94	
1791435052	group wide	1.80	1.89	1.93	
1791435057	group wide	2.38	2.01	1.97	
1791435062	group wide	2.35	2.01	1.97	
1791435067	group wide	2.24	1.99	1.96	
1791435072	group wide	2.22	1.99	1.96	
1791435077	group wide	2.12	1.97	1.96	
1791435082	group wide	2.19	1.99	1.96	
1791435087	group wide	2.18	1.99	1.96	
1791435092	group wide	2.08	1.97	1.96	
1791435097	group wide	2.15	1.99	1.96	
1791435102	group wide	2.06	1.97	1.96	
1791435107	group wide	1.98	1.96	1.95	
1791435112	group wide	1.90	1.94	1.95	
1791435117	group wide	1.83	1.93	1.94	
1791435122	group wide	1.84	1.93	1.94	
1791435127	group wide	1.93	1.94	1.95	
1791435132	group wide	1.94	1.94	1.95	
1791435137	group wide	1.94	1.95	1.95	
1791435142	group wide	1.95	1.95	1.95	
1791435148	group wide	2.03	1.96	1.95	
1791435153	group wide	2.27	2.01	1.97	
1791435158	group wide	2.25	2.01	1.97	
1791435163	group wide	2.15	2.00	1.96	
1791435168	group wide	2.37	2.05	1.98	
1791435173	group wide	2.26	2.03	1.98	
1791435178	group wide	2.16	2.01	1.97	
1791435183	group wide	2.07	1.99	1.96	
1791435188	group wide	1.98	1.98	1.96	
1791435193	group wide	3.11	2.21	2.04	
1791435198	group wide	3.02	2.21	2.04	
1791435203	group wide	3.10	2.24	2.05	
1791435208	group wide	3.01	2.23	2.05	
1791435213	group wide	2.93	2.23	2.05	
1791435218	group wide	2.85	2.22	2.05	
1791435223	group wide	3.10	2.29	2.07	
1791435228	group wide	3.10	2.30	2.08	
1791435233	group wide	2.93	2.28	2.07	
1791435238	group wide	2.85	2.27	2.07	
1791435244	group wide	2.86	2.28	2.08	
1791435249	group wide	2.71	2.26	2.07	
1791435254	group wide	2.66	2.26	2.07	
1791435259	group wide	2.68	2.27	2.08	
1791435264	group wide	2.55	2.25	2.07	
1791435269	group wide	2.50	2.24	2.07	
1791435274	group wide	2.38	2.22	2.06	
1791435279	group wide	2.35	2.22	2.06	
1791435284	group wide	2.32	2.21	2.06	
1791435289	group wide	2.30	2.21	2.06	
1791435294	group wide	2.27	2.21	2.06	
1791435299	group wide	2.25	2.20	2.06	
1791435304	group wide	2.15	2.18	2.05	
1791435309	group wide	2.14	2.18	2.05	
1791435314	group wide	2.05	2.16	2.05	
1791435319	group wide	2.04	2.16	2.05	
1791435324	group wide	2.04	2.15	2.05	
1791435329	group wide	2.04	2.15	2.05	
1791435334	group wide	2.03	2.15	2.04	
1791435339	group wide	2.11	2.16	2.05	
1791435344	group wide	2.02	2.14	2.04	
1791435349	group wide	2.02	2.14	2.04	
1791435354	group wide	2.02	2.14	2.04	
1791435360	group wide	1.94	2.12	2.04	
1791435365	group wide	1.94	2.12	2.04	
1791435370	group wide	2.02	2.13	2.04	
1791435375	group wide	1.94	2.11	2.04	
1791435380	group wide	1.95	2.11	2.03	
1791435385	group wide	1.95	2.11	2.03	
1791435390	group wide	1.95	2.10	2.03	
1791435395	group wide	1.88	2.09	2.03	
1791435400	group wide	1.81	2.07	2.02	
1791435405	group wide	1.82	2.07	2.02	
1791435410	group wide	1.76	2.05	2.01	
1791435415	group wide	1.78	2.05	2.01	
1791435420	group wide	1.79	2.05	2.01	
1791435425	group wide	1.81	2.05	2.01	
1791435430	group wide	1.82	2.04	2.01	
1791435435	group wide	1.92	2.06	2.02	
1791435440	group wide	2.00	2.08	2.02	
1791435445	group wide	2.00	2.07	2.02	
1791435450	group wide	2.24	2.12	2.04	
1791435455	group wide	2.30	2.14	2.04	
1791435460	group wide	2.28	2.13	2.04	
1791435465	group wide	2.26	2.13	2.04	
1791435471	group wide	2.32	2.15	2.05	
1791435476	group wide	2.45	2.18	2.06	
1791435481	group wide	2.50	2.19	2.07	
1791435486	group wide	2.38	2.17	2.06	
1791435491	group wide	2.34	2.17	2.06	
1791435496	group wide	2.32	2.16	2.06	
1791435501	group wide	2.19	2.14	2.05	
1791435506	group wide	2.33	2.17	2.06	
1791435511	group wide	2.39	2.19	2.07	
1791435516	group wide	2.27	2.17	2.06	
1791435521	group wide	2.25	2.16	2.06	
1791435526	group wide	2.23	2.16	2.06	
1791435531	group wide	2.13	2.14	2.05	
1791435536	group wide	2.04	2.12	2.05	
1791435541	group wide	2.04	2.12	2.05	
1791435546	group wide	1.96	2.10	2.04	
1791435551	group wide	2.04	2.11	2.05	
1791435556	group wide	1.96	2.10	2.04	
1791435561	group wide	1.88	2.08	2.03	
1791435567	group wide	1.89	2.08	2.03	
1791435572	group wide	1.90	2.07	2.03	
1791435577	group wide	1.98	2.09	2.04	
1791435582	group wide	1.91	2.07	2.03	
1791435587	group wide	1.91	2.07	2.03	
1791435592	group wide	2.00	2.08	2.04	
1791435597	group wide	2.08	2.10	2.04	
1791435602	group wide	2.15	2.11	2.05	
1791435607	group wide	2.06	2.10	2.04	
1791435612	group wide	1.98	2.08	2.04	
1791435617	group wide	1.98	2.08	2.03	
1791435622	group wide	2.38	2.16	2.06	
1791435627	group wide	2.43	2.17	2.07	
1791435632	group wide	2.31	2.15	2.06	
1791435637	group wide	2.29	2.15	2.06	
1791435642	group wide	2.26	2.15	2.06	
1791435647	group wide	2.32	2.16	2.07	
1791435652	group wide	2.22	2.14	2.06	
1791435657	group wide	2.20	2.14	2.06	
1791435662	group wide	2.18	2.14	2.06	
1791435667	group wide	2.17	2.13	2.06	
1791435672	group wide	2.23	2.15	2.06	
1791435678	group wide	2.14	2.13	2.06	
1791435683	group wide	2.20	2.14	2.06	
1791435688	group wide	2.35	2.17	2.07	
1791435693	group wide	2.40	2.19	2.08	
1791435698	group wide	2.45	2.20	2.09	
1791435703	group wide	2.57	2.23	2.10	
1791435708	group wide	2.69	2.26	2.11	
1791435713	group wide	2.79	2.29	2.12	
1791435718	group wide	2.81	2.30	2.12	
1791435723	group wide	2.90	2.33	2.13	
1791435728	group wide	7.39	3.27	2.47	
1791435733	group wide	7.28	3.31	2.49	
1791435738	group wide	7.02	3.32	2.50	
1791435743	group wide	11.02	4.21	2.81	
1791435748	group wide	10.38	4.19	2.82	
1791435753	group wide	9.79	4.17	2.82	
1791435758	group wide	9.32	4.17	2.82	
1791435763	group wide	8.90	4.17	2.83	
1791435768	group wide	8.26	4.12	2.82	
1791435773	group wide	7.92	4.11	2.83	
1791435778	group wide	7.45	4.08	2.82	
1791435783	group wide	7.25	4.09	2.83	
1791435788	group wide	7.71	4.24	2.89	
1791435793	group wide	7.25	4.20	2.89	
1791435798	group wide	6.75	4.15	2.88	
1791435803	group wide	6.45	4.13	2.88	
1791435809	group wide	6.02	4.08	2.87	
1791435814	group wide	5.69	4.04	2.86	
1791435819	group wide	5.32	3.99	2.85	
1791435824	group wide	5.05	3.96	2.84	
1791435829	group wide	4.73	3.91	2.83	
1791435834	group wide	4.51	3.88	2.83	
1791435839	group wide	4.31	3.85	2.82	
1791435844	group wide	4.12	3.82	2.82	
1791435849	group wide	3.95	3.79	2.81	
1791435854	group wide	3.71	3.74	2.80	
1791435859	group wide	3.58	3.71	2.80	
1791435864	group wide	3.45	3.68	2.79	
1791435869	group wide	3.33	3.65	2.79	
1791435874	group wide	3.23	3.63	2.78	
1791435879	group wide	3.13	3.60	2.78	
1791435884	group wide	3.04	3.57	2.77	
1791435889	group wide	2.95	3.54	2.77	
1791435894	group wide	2.88	3.52	2.76	
1791435899	group wide	2.81	3.49	2.76	
1791435904	group wide	2.74	3.47	2.75	
1791435909	group wide	2.60	3.43	2.74	
1791435914	group wide	2.63	3.42	2.74	
1791435919	group wide	2.58	3.40	2.74	
1791435925	group wide	2.54	3.37	2.74	
1791435930	group wide	2.49	3.35	2.73	
1791435935	group wide	2.37	3.31	2.72	
1791435940	group wide	2.26	3.27	2.71	
1791435945	group wide	2.16	3.23	2.70	
1791435950	group wide	2.15	3.21	2.70	
1791435955	group wide	2.06	3.18	2.69	
1791435960	group wide	1.97	3.14	2.68	
1791435965	group wide	1.89	3.10	2.67	
1791435970	group wide	1.98	3.10	2.67	
1791435975	group wide	1.90	3.07	2.66	
1791435980	group wide	1.91	3.05	2.65	
1791435985	group wide	1.84	3.02	2.64	
1791435990	group wide	1.77	2.98	2.63	
1791435995	group wide	1.71	2.95	2.62	
1791436000	group wide	1.65	2.92	2.61	
1791436005	group wide	1.68	2.90	2.61	
1791436010	group wide	1.62	2.87	2.60	
1791436015	group wide	1.57	2.84	2.59	
1791436020	group wide	1.53	2.81	2.58	
1791436025	group wide	1.48	2.78	2.57	
1791436030	group wide	1.53	2.76	2.57	
1791436036	group wide	1.56	2.75	2.56	
1791436041	group wide	1.52	2.72	2.56	
1791436046	group wide	1.48	2.69	2.55	
1791436051	group wide	1.52	2.68	2.54	
1791436056	group wide	1.48	2.65	2.53	
1791436061	group wide	1.52	2.64	2.53	
1791436066	group wide	1.56	2.63	2.53	
1791436071	group wide	1.59	2.62	2.52	
1791436076	group wide	1.70	2.62	2.53	
1791436081	group wide	1.73	2.61	2.52	
1791436086	group wide	1.67	2.59	2.51	
1791436091	group wide	1.70	2.58	2.51	
1791436096	group wide	1.80	2.58	2.51	
1791436101	group wide	1.73	2.56	2.50	
1791436106	group wide	1.92	2.58	2.51	
1791436111	group wide	1.84	2.56	2.50	
1791436116	group wide	1.85	2.55	2.50	
1791436121	group wide	1.79	2.52	2.49	
1791436126	group wide	1.80	2.51	2.49	
1791436131	group wide	1.74	2.49	2.48	
1791436136	group wide	1.68	2.46	2.47	
1791436141	group wide	1.70	2.45	2.47	
1791436146	group wide	1.73	2.45	2.46	
1791436152	group wide	1.75	2.44	2.46	
1791436157	group wide	2.09	2.50	2.48	
1791436162	group wide	2.08	2.49	2.48	
1791436167	group wide	2.16	2.50	2.48	
1791436172	group wide	2.14	2.49	2.48	
1791436177	group wide	2.13	2.48	2.48	
1791436182	group wide	2.04	2.46	2.47	
1791436187	group wide	1.96	2.43	2.46	
1791436192	group wide	1.96	2.42	2.45	
1791436197	group wide	1.96	2.42	2.45	
1791436202	group wide	1.97	2.41	2.45	
1791436207	group wide	1.89	2.39	2.44	
1791436212	group wide	1.82	2.36	2.43	
1791436217	group wide	1.83	2.36	2.43	
1791436222	group wide	1.76	2.33	2.42	
1791436227	group wide	1.86	2.34	2.42	
1791436232	group wide	1.79	2.32	2.41	
1791436237	group wide	1.97	2.35	2.42	
1791436242	group wide	1.89	2.33	2.41	
1791436247	group wide	1.90	2.32	2.41	
1791436252	group wide	1.83	2.30	2.40	
1791436257	group wide	1.84	2.29	2.40	
1791436262	group wide	1.85	2.29	2.40	
1791436267	group wide	1.95	2.30	2.40	
1791436273	group wide	1.87	2.28	2.39	
1791436278	group wide	1.88	2.27	2.39	
1791436283	group wide	1.97	2.29	2.39	
1791436288	group wide	1.97	2.28	2.39	
1791436293	group wide	1.89	2.26	2.38	
1791436298	group wide	1.82	2.24	2.38	
1791436303	group wide	1.76	2.22	2.37	
1791436308	group wide	1.77	2.21	2.36	
1791436313	group wide	1.79	2.21	2.36	
1791436318	group wide	1.81	2.21	2.36	
1791436323	group wide	1.74	2.19	2.35	
1791436328	group wide	1.92	2.21	2.36	
1791436333	group wide	1.85	2.19	2.35	
1791436338	group wide	1.86	2.19	2.35	
1791436343	group wide	1.79	2.17	2.34	
1791436348	group wide	1.81	2.17	2.34	
1791436353	group wide	1.74	2.15	2.33	
1791436358	group wide	1.76	2.15	2.33	
1791436363	group wide	1.78	2.14	2.33	
1791436368	group wide	1.72	2.12	2.32	
1791436373	group wide	1.74	2.12	2.32	
1791436378	group wide	1.68	2.10	2.31	
1791436383	group wide	1.63	2.08	2.30	
1791436389	group wide	1.66	2.08	2.30	
1791436394	group wide	1.68	2.08	2.30	
1791436399	group wide	1.63	2.06	2.29	
1791436404	group wide	1.66	2.06	2.29	
1791436409	group wide	2.02	2.12	2.31	
1791436414	group wide	2.02	2.12	2.31	
1791436419	group wide	2.10	2.14	2.31	
1791436424	group wide	2.09	2.13	2.31	
1791436429	group wide	2.00	2.11	2.30	
1791436434	group wide	1.92	2.10	2.29	
1791436439	group wide	1.93	2.09	2.29	
1791436444	riblt mapping	1.85	2.08	2.28	
1791436449	riblt mapping	1.86	2.07	2.28	
1791436454	riblt mapping	1.87	2.07	2.28	
1791436459	riblt mapping	1.80	2.05	2.27	
1791436464	riblt mapping	1.82	2.05	2.27	
1791436469	riblt mapping	1.75	2.04	2.26	
1791436474	riblt mapping	1.69	2.02	2.25	
1791436479	riblt mapping	1.72	2.02	2.25	
1791436484	riblt mapping	1.66	2.00	2.24	
1791436489	riblt mapping	1.69	2.00	2.24	
1791436495	riblt mapping	1.63	1.98	2.23	
1791436500	riblt mapping	1.58	1.97	2.23	
1791436505	riblt mapping	1.53	1.95	2.22	
1791436510	riblt mapping	1.49	1.93	2.21	
1791436515	riblt mapping	1.53	1.94	2.21	
1791436520	riblt mapping	1.65	1.95	2.22	
1791436525	riblt mapping	1.68	1.95	2.21	
1791436530	riblt mapping	1.62	1.94	2.21	
1791436535	riblt mapping	1.57	1.92	2.20	
1791436540	riblt mapping	1.61	1.92	2.20	
1791436545	riblt mapping	1.64	1.92	2.20	
1791436550	riblt mapping	1.67	1.92	2.19	
1791436555	riblt mapping	1.69	1.93	2.19	
1791436560	riblt mapping	1.72	1.93	2.19	
1791436565	riblt mapping	1.74	1.93	2.19	
1791436570	riblt mapping	1.76	1.93	2.19	
1791436575	riblt mapping	1.70	1.91	2.18	
1791436580	riblt mapping	1.80	1.93	2.19	
1791436585	riblt mapping	1.82	1.93	2.18	
1791436590	riblt mapping	1.83	1.93	2.18	
1791436595	riblt mapping	1.77	1.92	2.18	
1791436600	riblt mapping	1.78	1.92	2.17	
1791436606	riblt mapping	1.80	1.92	2.17	
1791436611	riblt mapping	1.82	1.92	2.17	
1791436616	riblt mapping	1.75	1.90	2.16	
1791436621	riblt mapping	1.77	1.91	2.16	
1791436626	riblt mapping	1.71	1.89	2.16	
1791436631	riblt mapping	1.73	1.89	2.16	
1791436636	riblt mapping	1.75	1.89	2.15	
1791436641	riblt mapping	1.77	1.90	2.15	
1791436646	riblt mapping	1.79	1.90	2.15	
1791436651	riblt mapping	1.73	1.88	2.15	
1791436656	riblt mapping	1.67	1.87	2.14	
1791436661	riblt mapping	1.61	1.85	2.13	
1791436666	riblt mapping	1.57	1.84	2.12	
1791436671	riblt mapping	1.60	1.84	2.12	
1791436676	riblt mapping	1.63	1.84	2.12	
1791436681	riblt mapping	1.66	1.85	2.12	
1791436686	riblt mapping	1.69	1.85	2.12	
1791436691	riblt mapping	1.71	1.85	2.12	
1791436696	riblt mapping	1.98	1.90	2.14	
1791436701	riblt mapping	1.98	1.90	2.14	
1791436706	riblt mapping	1.90	1.89	2.13	
1791436711	riblt mapping	1.91	1.89	2.13	
1791436716	riblt mapping	1.83	1.88	2.12	
1791436722	riblt mapping	1.77	1.86	2.11	
1791436727	riblt mapping	1.79	1.86	2.11	
1791436732	riblt mapping	1.96	1.90	2.12	
1791436737	riblt mapping	2.61	2.03	2.17	
1791436742	riblt mapping	2.56	2.03	2.17	
1791436747	riblt mapping	2.43	2.01	2.16	
1791436752	riblt mapping	2.40	2.01	2.16	
1791436757	riblt plan	2.53	2.05	2.17	
1791436762	riblt plan	2.48	2.04	2.17	
1791436767	riblt plan	2.60	2.08	2.18	
1791436772	riblt plan	2.48	2.06	2.17	
1791436777	riblt	2.44	2.06	2.17	
1791436782	riblt	2.40	2.06	2.17	
1791436787	riblt	2.29	2.04	2.16	
1791436792	riblt	2.35	2.05	2.17	
1791436797	riblt	2.32	2.05	2.17	
1791436802	riblt	2.29	2.05	2.16	
1791436807	riblt	2.27	2.05	2.16	
1791436812	riblt	2.25	2.05	2.16	
1791436817	riblt	2.23	2.05	2.16	
1791436822	riblt	2.13	2.03	2.15	
1791436827	riblt	2.20	2.05	2.16	
1791436833	riblt	2.10	2.03	2.15	
1791436838	riblt	2.09	2.03	2.15	
1791436843	riblt	2.01	2.01	2.15	
1791436848	riblt	2.00	2.01	2.14	
1791436853	riblt	1.92	1.99	2.14	
1791436858	riblt	1.85	1.98	2.13	
1791436863	riblt	2.74	2.16	2.19	
1791436868	riblt	2.68	2.16	2.19	
1791436873	riblt	2.55	2.14	2.19	
1791436878	riblt	2.42	2.12	2.18	
1791436883	riblt	2.31	2.10	2.17	
1791436888	riblt	2.20	2.08	2.16	
1791436893	riblt	2.19	2.08	2.16	
1791436898	riblt	2.25	2.10	2.17	
1791436903	riblt	2.23	2.09	2.17	
1791436908	riblt	2.13	2.07	2.16	
1791436913	riblt	2.04	2.06	2.15	
1791436918	riblt	1.96	2.04	2.15	
1791436923	riblt	1.96	2.04	2.14	
1791436928	riblt	1.96	2.04	2.14	
1791436933	riblt	1.97	2.04	2.14	
1791436938	riblt	2.21	2.08	2.16	
1791436944	riblt	2.19	2.08	2.16	
1791436949	riblt	2.18	2.08	2.16	
1791436954	riblt	2.08	2.06	2.15	
1791436959	riblt	2.08	2.06	2.15	
1791436964	riblt	2.07	2.06	2.15	
1791436969	riblt	1.98	2.04	2.14	
1791436974	riblt	2.14	2.08	2.15	
1791436979	riblt	2.13	2.07	2.15	
1791436984	riblt	2.20	2.09	2.16	
1791436989	riblt	2.11	2.07	2.15	
1791436994	riblt	2.02	2.05	2.14	
1791436999	riblt	2.02	2.05	2.14	
1791437004	riblt	2.01	2.05	2.14	
1791437009	riblt	2.01	2.05	2.14	
1791437014	riblt	2.01	2.05	2.14	
1791437019	riblt	2.09	2.06	2.14	
1791437024	riblt	2.08	2.06	2.14	
1791437029	riblt	2.08	2.06	2.14	
1791437034	riblt	2.07	2.06	2.14	
1791437039	riblt	2.14	2.07	2.15	
1791437044	riblt	2.13	2.07	2.14	
1791437049	riblt	2.20	2.09	2.15	
1791437054	riblt	2.27	2.10	2.15	
1791437059	riblt	3.04	2.27	2.21	
1791437065	riblt	3.04	2.28	2.22	
1791437070	riblt	2.96	2.27	2.21	
1791437075	riblt	2.88	2.27	2.21	
1791437080	riblt	2.73	2.25	2.21	
1791437085	riblt	2.67	2.24	2.20	
1791437090	riblt	2.54	2.22	2.20	
1791437095	riblt	2.49	2.22	2.20	
1791437100	riblt	2.45	2.21	2.19	
1791437105	riblt	2.42	2.21	2.19	
1791437110	riblt	2.38	2.21	2.19	
1791437115	riblt	2.35	2.20	2.19	
1791437120	riblt	2.24	2.18	2.18	
1791437125	riblt	2.14	2.16	2.17	
1791437130	riblt	2.13	2.16	2.17	
1791437135	riblt	2.20	2.17	2.18	
1791437140	riblt	2.19	2.17	2.18	
1791437145	riblt	2.17	2.17	2.17	
1791437150	riblt	2.16	2.16	2.17	
1791437155	riblt	2.14	2.16	2.17	
1791437160	riblt	2.13	2.16	2.17	
1791437165	riblt	2.20	2.17	2.17	
1791437170	riblt	2.19	2.17	2.17	
1791437176	riblt	2.17	2.17	2.17	
1791437181	riblt	2.08	2.15	2.16	
1791437186	riblt	1.99	2.13	2.16	
1791437191	riblt	1.91	2.11	2.15	
1791437196	riblt	1.84	2.09	2.14	
1791437201	riblt	1.85	2.09	2.14	
1791437206	riblt	1.86	2.09	2.14	
1791437211	riblt	1.79	2.07	2.14	
1791437216	riblt	1.81	2.07	2.13	
1791437221	riblt	1.82	2.07	2.13	
1791437226	riblt	1.84	2.06	2.13	
1791437231	riblt	1.77	2.05	2.13	
1791437236	riblt	1.79	2.04	2.12	
1791437241	riblt	1.80	2.04	2.12	
1791437246	riblt	1.82	2.04	2.12	
1791437251	riblt	1.75	2.03	2.12	
1791437256	riblt	1.77	2.02	2.11	
1791437261	riblt	1.87	2.04	2.12	
1791437266	riblt	1.88	2.04	2.12	
1791437271	riblt	1.89	2.04	2.12	
1791437276	riblt	1.90	2.04	2.12	
1791437281	riblt	1.99	2.05	2.12	
1791437286	riblt	1.99	2.05	2.12	
1791437292	riblt	1.99	2.05	2.12	
1791437297	riblt	1.99	2.05	2.12	
1791437302	riblt	1.91	2.03	2.11	
1791437307	riblt	1.92	2.03	2.11	
1791437312	riblt	1.92	2.03	2.11	
1791437317	riblt	1.93	2.03	2.11	
1791437322	riblt	1.93	2.03	2.11	
1791437327	riblt	1.94	2.03	2.11	
1791437332	riblt	1.87	2.01	2.10	
1791437337	riblt	1.88	2.01	2.10	
1791437342	riblt	1.89	2.01	2.10	
1791437347	riblt	1.90	2.01	2.10	
1791437352	riblt	1.90	2.01	2.10	
1791437357	riblt	1.91	2.01	2.09	
1791437362	riblt	1.92	2.01	2.09	
1791437367	riblt	1.92	2.01	2.09	
1791437372	riblt	1.85	1.99	2.09	
1791437377	riblt	1.78	1.97	2.08	
1791437382	riblt	1.72	1.96	2.07	
1791437387	riblt	1.82	1.97	2.08	
1791437392	riblt	1.76	1.96	2.07	
1791437397	riblt	1.70	1.94	2.06	
1791437402	riblt	1.64	1.93	2.06	
1791437408	riblt	1.59	1.91	2.05	
1791437413	riblt	1.62	1.91	2.05	
1791437418	riblt	1.57	1.90	2.05	
1791437423	riblt	1.52	1.88	2.04	
1791437428	riblt	1.56	1.88	2.04	
1791437433	riblt	1.60	1.88	2.04	
1791437438	riblt	1.55	1.87	2.03	
1791437443	riblt	1.58	1.87	2.03	
1791437448	riblt	1.86	1.92	2.05	
1791437453	riblt	1.87	1.92	2.05	
1791437458	riblt	1.88	1.93	2.05	
1791437463	riblt	1.97	1.94	2.05	
1791437468	riblt	2.05	1.96	2.06	
1791437473	riblt	2.05	1.96	2.06	
1791437478	riblt	1.96	1.94	2.05	
1791437483	riblt	1.89	1.93	2.04	
1791437488	riblt	1.90	1.93	2.04	
1791437493	riblt	1.90	1.93	2.04	
1791437498	riblt	1.83	1.91	2.04	
1791437503	riblt	1.76	1.90	2.03	
1791437508	riblt	1.70	1.88	2.02	
1791437513	riblt	1.65	1.87	2.02	
1791437518	riblt	1.59	1.85	2.01	
1791437524	riblt	1.79	1.89	2.02	
1791437529	riblt	1.80	1.89	2.02	
1791437534	riblt	1.82	1.89	2.02	
1791437539	riblt	1.83	1.89	2.02	
1791437544	riblt	1.85	1.90	2.02	
1791437549	riblt	1.86	1.90	2.02	
1791437554	riblt	1.79	1.88	2.01	
1791437559	riblt	1.81	1.88	2.01	
1791437564	riblt	1.74	1.87	2.01	
1791437569	riblt	1.68	1.85	2.00	
1791437574	riblt	1.79	1.87	2.01	
1791437579	riblt	1.80	1.87	2.01	
1791437584	riblt	1.82	1.88	2.01	
1791437589	riblt	1.83	1.88	2.01	
1791437594	riblt	1.85	1.88	2.00	
1791437599	riblt	1.78	1.87	2.00	
1791437604	riblt	1.80	1.87	2.00	
1791437609	riblt	1.81	1.87	2.00	
1791437614	riblt	1.83	1.87	2.00	
1791437619	riblt	1.76	1.86	1.99	
1791437624	riblt	1.78	1.86	1.99	
1791437629	riblt	1.72	1.84	1.99	
1791437634	riblt	1.66	1.83	1.98	
1791437640	riblt	1.69	1.83	1.98	
1791437645	riblt	1.71	1.83	1.98	
1791437650	riblt	1.65	1.82	1.98	
1791437655	riblt	1.68	1.82	1.98	
1791437660	riblt	1.63	1.81	1.97	
1791437665	riblt	1.66	1.81	1.97	
1791437670	riblt	1.60	1.80	1.96	
1791437675	riblt	1.56	1.79	1.96	
1791437680	riblt	1.59	1.79	1.96	
1791437685	riblt	1.70	1.81	1.96	
1791437690	riblt	1.81	1.83	1.97	
1791437695	riblt	1.82	1.83	1.97	
1791437700	riblt	1.84	1.83	1.97	
1791437705	riblt	1.77	1.82	1.96	
1791437710	riblt	1.71	1.81	1.96	
1791437715	riblt	1.73	1.81	1.96	
1791437720	riblt	1.67	1.79	1.95	
1791437725	riblt	1.62	1.78	1.95	
1791437730	riblt	1.65	1.78	1.95	
1791437735	riblt	1.60	1.77	1.94	
1791437740	riblt	1.55	1.76	1.93	
1791437745	riblt	1.50	1.75	1.93	
1791437751	riblt	2.58	1.96	2.00	
1791437756	riblt	2.46	1.95	2.00	
1791437761	riblt	2.42	1.95	2.00	
1791437766	riblt	2.39	1.95	2.00	
1791437771	riblt	2.28	1.93	1.99	
1791437776	riblt	2.25	1.93	1.99	
1791437781	riblt	2.23	1.94	1.99	
1791437786	riblt	2.21	1.94	1.99	
1791437791	riblt	2.20	1.94	1.99	
1791437796	riblt	2.18	1.94	1.99	
1791437801	riblt	2.09	1.92	1.99	
1791437806	riblt	2.08	1.92	1.99	
1791437811	riblt	2.07	1.92	1.99	
1791437816	riblt	2.15	1.94	1.99	
1791437821	riblt	2.05	1.93	1.99	
1791437826	riblt	2.05	1.93	1.99	
1791437831	riblt	2.05	1.93	1.99	
1791437836	riblt	1.96	1.91	1.98	
1791437841	riblt	1.88	1.90	1.97	
1791437846	riblt	1.89	1.90	1.97	
1791437851	riblt	1.98	1.92	1.98	
1791437856	riblt	2.22	1.97	2.00	
1791437861	riblt	2.21	1.97	2.00	
1791437867	riblt	2.27	1.98	2.00	
1791437872	riblt	2.17	1.97	2.00	
1791437877	riblt	2.07	1.95	1.99	
1791437882	riblt	1.99	1.94	1.99	
1791437887	riblt	1.99	1.94	1.99	
1791437892	riblt	1.91	1.92	1.98	
1791437897	riblt	1.84	1.91	1.97	
1791437902	riblt	1.77	1.89	1.97	
1791437907	riblt	1.79	1.89	1.97	
1791437912	riblt	1.80	1.89	1.97	
1791437917	riblt	1.82	1.90	1.97	
1791437922	riblt	1.83	1.90	1.97	
1791437927	riblt	1.85	1.90	1.97	
1791437932	riblt	1.86	1.90	1.97	
1791437937	riblt	1.87	1.90	1.97	
1791437942	riblt	1.88	1.90	1.97	
1791437947	riblt	1.97	1.92	1.97	
1791437952	riblt	1.89	1.90	1.97	
1791437957	riblt	1.90	1.91	1.97	
1791437962	riblt	1.99	1.92	1.97	
1791437967	riblt	1.99	1.93	1.97	
1791437972	riblt	1.91	1.91	1.97	
1791437977	riblt	1.92	1.91	1.97	
1791437983	riblt	2.08	1.95	1.98	
1791437988	riblt	2.00	1.93	1.97	
1791437993	riblt	1.92	1.91	1.97	
1791437998	riblt	1.92	1.92	1.97	
1791438003	riblt	1.93	1.92	1.97	
1791438008	riblt	2.09	1.95	1.98	
1791438013	riblt	2.01	1.93	1.97	
1791438018	riblt	2.00	1.94	1.97	
1791438023	riblt	1.92	1.92	1.97	
1791438028	riblt	1.93	1.92	1.97	
1791438033	riblt	1.94	1.92	1.97	
1791438038	riblt	1.86	1.91	1.96	
1791438043	riblt	1.87	1.91	1.96	
1791438048	riblt	1.80	1.89	1.96	
1791438053	riblt	1.82	1.89	1.96	
1791438058	riblt	1.83	1.90	1.96	
1791438063	riblt	1.84	1.90	1.96	
1791438068	riblt	1.86	1.90	1.96	
1791438073	riblt	1.87	1.90	1.96	
1791438078	riblt	1.80	1.88	1.95	
1791438083	riblt	1.81	1.89	1.95	
1791438088	riblt	1.75	1.87	1.94	
1791438094	riblt	1.77	1.87	1.94	
1791438099	riblt	1.79	1.87	1.94	
1791438104	riblt	1.80	1.88	1.94	
1791438109	riblt	1.82	1.88	1.94	
1791438114	riblt	1.83	1.88	1.94	
1791438119	riblt	1.85	1.88	1.94	
1791438124	riblt	1.86	1.88	1.94	
1791438129	riblt	1.87	1.89	1.94	
1791438134	riblt	1.88	1.89	1.94	
1791438139	riblt	1.89	1.89	1.94	
1791438144	riblt	1.90	1.89	1.94	
1791438149	riblt	1.91	1.89	1.94	
1791438154	riblt	1.91	1.89	1.94	
1791438159	riblt	1.84	1.88	1.94	
1791438164	riblt	1.77	1.86	1.93	
1791438169	riblt	1.79	1.87	1.93	
1791438174	riblt	1.81	1.87	1.93	
1791438179	riblt	1.74	1.85	1.93	
1791438184	riblt	1.68	1.84	1.92	
1791438189	riblt	1.71	1.84	1.92	
1791438194	riblt	1.73	1.84	1.92	
1791438199	riblt	1.67	1.83	1.92	
1791438204	riblt	1.62	1.81	1.91	
1791438210	riblt	1.65	1.82	1.91	
1791438215	riblt	1.68	1.82	1.91	
1791438220	riblt	1.62	1.81	1.91	
1791438225	riblt	1.73	1.83	1.91	
1791438230	riblt	1.83	1.85	1.92	
1791438235	riblt	1.77	1.83	1.91	
1791438240	riblt	1.78	1.83	1.91	
1791438245	riblt	1.80	1.84	1.91	
1791438250	riblt	1.82	1.84	1.91	
1791438255	riblt	1.83	1.84	1.91	
1791438260	riblt	1.84	1.84	1.92	
1791438265	riblt	1.94	1.86	1.92	
1791438270	riblt	1.94	1.86	1.92	
1791438275	riblt	1.95	1.87	1.92	
1791438280	riblt	2.03	1.89	1.93	
1791438285	riblt	2.03	1.89	1.93	
1791438290	riblt	2.03	1.89	1.93	
1791438295	riblt	1.95	1.88	1.92	
1791438300	riblt	2.11	1.91	1.93	
1791438305	riblt	2.02	1.90	1.93	
1791438310	riblt	2.02	1.90	1.93	
1791438315	riblt	2.02	1.90	1.93	
1791438321	riblt	1.94	1.88	1.92	
1791438326	riblt	2.98	2.10	2.00	
1791438331	riblt	2.90	2.10	2.00	
1791438336	riblt	2.75	2.08	1.99	
1791438341	riblt	2.77	2.09	2.00	
1791438346	riblt	2.63	2.08	1.99	
1791438351	riblt	2.50	2.06	1.99	
1791438356	riblt	2.38	2.04	1.98	
1791438361	riblt	2.43	2.06	1.99	
1791438366	riblt	2.39	2.06	1.99	
1791438371	riblt	2.44	2.07	1.99	
1791438376	riblt	2.41	2.07	1.99	
1791438381	riblt	2.45	2.08	2.00	
1791438386	riblt	2.50	2.10	2.00	
1791438391	riblt	2.46	2.10	2.00	
1791438396	riblt	2.42	2.10	2.00	
1791438401	riblt	2.39	2.09	2.00	
1791438406	riblt	2.51	2.12	2.01	
1791438411	riblt	2.39	2.11	2.01	
1791438416	riblt	2.36	2.10	2.01	
1791438421	riblt	2.33	2.10	2.01	
1791438426	riblt	2.31	2.10	2.01	
1791438431	riblt	2.28	2.10	2.00	
1791438437	riblt	2.26	2.10	2.00	
1791438442	riblt	2.24	2.09	2.00	
1791438447	riblt	2.22	2.09	2.00	
1791438452	riblt	2.20	2.09	2.00	
1791438457	riblt	2.10	2.07	2.00	
1791438462	riblt	2.02	2.05	1.99	
1791438467	riblt	2.01	2.05	1.99	
1791438472	riblt	2.09	2.07	2.00	
1791438477	riblt	2.08	2.07	2.00	
1791438482	riblt	2.08	2.07	2.00	
1791438487	riblt	1.99	2.05	1.99	
1791438492	riblt	1.91	2.03	1.98	
1791438497	riblt	1.84	2.01	1.98	
1791438502	riblt	1.77	2.00	1.97	
1791438507	riblt	1.79	2.00	1.97	
1791438512	riblt	1.73	1.98	1.97	
1791438517	riblt	1.75	1.98	1.97	
1791438522	riblt	1.77	1.98	1.97	
1791438527	riblt	1.87	2.00	1.97	
1791438532	riblt	1.88	2.00	1.97	
1791438537	riblt	1.81	1.98	1.97	
1791438542	riblt	1.82	1.98	1.97	
1791438548	riblt	1.92	2.00	1.97	
1791438553	riblt	1.84	1.98	1.97	
1791438558	riblt	1.77	1.96	1.96	
1791438563	riblt	1.71	1.95	1.96	
1791438568	riblt	1.65	1.93	1.95	
1791438573	riblt	1.68	1.93	1.95	
1791438578	riblt	1.71	1.93	1.95	
1791438583	riblt	1.81	1.95	1.96	
1791438588	riblt	1.75	1.93	1.95	
1791438593	riblt	1.77	1.93	1.95	
1791438598	riblt	1.70	1.92	1.94	
1791438603	riblt	1.73	1.92	1.94	
1791438608	riblt	1.67	1.90	1.94	
1791438613	riblt	1.62	1.89	1.93	
1791438618	riblt	1.57	1.87	1.93	
1791438623	riblt	1.60	1.88	1.93	
1791438628	riblt	1.63	1.88	1.93	
1791438633	riblt	1.58	1.86	1.92	
1791438638	riblt	1.69	1.88	1.93	
1791438643	riblt	1.72	1.88	1.93	
1791438648	riblt	1.74	1.88	1.93	
1791438653	riblt	1.68	1.87	1.92	
1791438659	riblt	1.63	1.85	1.91	
1791438664	riblt	1.66	1.86	1.92	
1791438669	riblt	1.60	1.84	1.91	
1791438674	riblt	1.72	1.86	1.92	
1791438679	riblt	1.74	1.86	1.92	
1791438684	riblt	1.68	1.85	1.91	
1791438689	riblt	1.70	1.85	1.91	
1791438694	riblt	1.97	1.90	1.93	
1791438699	riblt	1.89	1.89	1.92	
1791438704	riblt	1.90	1.89	1.92	
1791438709	riblt	1.83	1.87	1.92	
1791438714	riblt	1.76	1.86	1.91	
1791438719	riblt	1.70	1.85	1.91	
1791438724	riblt	1.72	1.85	1.91	
1791438729	riblt	1.75	1.85	1.91	
1791438734	riblt	1.77	1.85	1.91	
1791438739	riblt	1.78	1.85	1.91	
1791438744	riblt	1.80	1.86	1.91	
1791438749	riblt	1.82	1.86	1.91	
1791438754	riblt	1.83	1.86	1.91	
1791438759	riblt	1.76	1.85	1.90	
1791438764	riblt	1.78	1.85	1.91	
1791438769	riblt	1.80	1.85	1.91	
1791438775	riblt	1.82	1.85	1.91	
1791438780	riblt	1.99	1.89	1.92	
1791438785	riblt	1.99	1.89	1.92	
1791438790	riblt	1.99	1.89	1.92	
1791438795	riblt	1.99	1.89	1.92	
1791438800	riblt	1.99	1.89	1.92	
1791438805	riblt	1.99	1.90	1.92	
1791438810	riblt	1.99	1.90	1.92	
1791438815	riblt	1.99	1.90	1.92	
1791438820	riblt	1.99	1.90	1.92	
1791438825	riblt	2.07	1.92	1.92	
1791438830	riblt	1.99	1.90	1.92	
1791438835	riblt	1.99	1.90	1.92	
1791438840	riblt	3.59	2.24	2.04	
1791438845	riblt	3.62	2.27	2.05	
1791438850	riblt	3.49	2.26	2.05	
1791438855	riblt	3.37	2.26	2.05	
1791438860	riblt	3.18	2.24	2.04	
1791438865	riblt	3.09	2.23	2.04	
1791438870	riblt	3.00	2.23	2.04	
1791438875	riblt	3.00	2.24	2.04	
1791438880	riblt	3.00	2.25	2.05	
1791438886	riblt	2.92	2.25	2.05	
1791438891	riblt	2.93	2.26	2.05	
1791438896	riblt	3.25	2.34	2.08	
1791438901	riblt	3.15	2.33	2.08	
1791438906	riblt	3.22	2.36	2.09	
1791438911	riblt	3.20	2.37	2.10	
1791438916	riblt	3.19	2.38	2.10	
1791438921	riblt	3.09	2.38	2.10	
1791438926	riblt	2.92	2.35	2.10	
1791438931	riblt	2.77	2.33	2.09	
1791438936	riblt	2.71	2.32	2.09	
1791438941	riblt	2.65	2.32	2.09	
1791438946	riblt	2.52	2.30	2.08	
1791438951	riblt	2.40	2.27	2.07	
1791438956	riblt	2.28	2.25	2.07	
1791438961	riblt	2.26	2.25	2.07	
1791438966	riblt	2.16	2.23	2.06	
1791438971	riblt	2.15	2.22	2.06	
1791438976	riblt	2.05	2.20	2.05	
1791438981	riblt	1.97	2.18	2.05	
1791438986	riblt	1.89	2.16	2.04	
1791438991	riblt	1.90	2.16	2.04	
1791438996	riblt	1.83	2.14	2.03	
1791439002	riblt	1.76	2.12	2.03	
1791439007	riblt	1.78	2.12	2.03	
1791439012	riblt	1.80	2.12	2.03	
1791439017	riblt	1.81	2.11	2.03	
1791439022	riblt	1.83	2.11	2.03	
1791439027	riblt	1.84	2.11	2.03	
1791439032	riblt	1.85	2.11	2.02	
1791439037	riblt	1.95	2.12	2.03	
1791439042	riblt	1.87	2.10	2.02	
1791439047	riblt	1.80	2.09	2.02	
1791439052	riblt	1.74	2.07	2.01	
1791439057	riblt	1.68	2.05	2.00	
1791439062	riblt	1.62	2.03	2.00	
1791439067	riblt	1.57	2.01	1.99	
1791439072	riblt	1.61	2.01	1.99	
1791439077	riblt	1.64	2.01	1.99	
1791439082	riblt	1.67	2.01	1.99	
1791439087	riblt	1.61	2.00	1.99	
1791439092	riblt	1.64	2.00	1.99	
1791439097	riblt	1.67	2.00	1.99	
1791439102	riblt	1.70	2.00	1.99	
1791439107	riblt	1.64	1.98	1.98	
1791439113	riblt	1.67	1.98	1.98	
1791439118	riblt	1.62	1.96	1.98	
1791439123	riblt	1.57	1.95	1.97	
1791439128	riblt	1.60	1.95	1.97	
1791439133	riblt	1.63	1.95	1.97	
1791439138	riblt	1.66	1.95	1.97	
1791439143	riblt	1.61	1.93	1.96	
1791439148	riblt	1.56	1.92	1.96	
1791439153	riblt	1.52	1.90	1.95	
1791439158	riblt	1.47	1.89	1.95	
1791439163	riblt	1.60	1.90	1.95	
1791439168	riblt	1.63	1.90	1.95	
1791439173	riblt	1.58	1.89	1.95	
1791439178	riblt	1.61	1.89	1.95	
1791439183	riblt	1.56	1.88	1.94	
1791439188	riblt	1.76	1.91	1.95	
1791439193	riblt	2.02	1.96	1.97	
1791439198	riblt	1.93	1.95	1.96	
1791439203	riblt	2.02	1.96	1.97	
1791439208	riblt	1.94	1.95	1.96	
1791439213	riblt	1.87	1.93	1.96	
1791439218	riblt	1.80	1.92	1.95	
1791439224	riblt	1.81	1.92	1.95	
1791439229	riblt	1.75	1.90	1.95	
1791439234	riblt	1.77	1.90	1.95	
1791439239	riblt	1.79	1.90	1.95	
1791439244	riblt	1.80	1.91	1.95	
1791439249	riblt	1.74	1.89	1.94	
1791439254	riblt	1.68	1.88	1.93	
1791439259	riblt	1.70	1.88	1.93	
1791439264	riblt	1.65	1.86	1.93	
1791439269	riblt	1.68	1.86	1.93	
1791439274	riblt	1.70	1.87	1.93	
1791439279	riblt	1.73	1.87	1.93	
1791439284	riblt	1.67	1.85	1.92	
1791439289	riblt	1.69	1.86	1.92	
1791439294	riblt	1.80	1.87	1.93	
1791439299	riblt	1.81	1.88	1.93	
1791439304	riblt	1.83	1.88	1.93	
1791439309	riblt	1.84	1.88	1.93	
1791439314	riblt	1.85	1.88	1.93	
1791439319	riblt	1.87	1.88	1.93	
1791439324	riblt	1.88	1.89	1.93	
1791439329	riblt	1.89	1.89	1.93	
1791439334	riblt	1.81	1.87	1.92	
1791439340	riblt	1.83	1.87	1.92	
1791439345	riblt	1.84	1.88	1.92	
1791439350	riblt	1.85	1.88	1.92	
1791439355	riblt	1.79	1.86	1.92	
1791439360	riblt	1.80	1.87	1.92	
1791439365	riblt	5.66	2.66	2.20	
1791439370	riblt	5.37	2.65	2.20	
1791439375	riblt	5.10	2.64	2.20	
1791439380	riblt	4.85	2.63	2.19	
1791439385	riblt	4.54	2.60	2.19	
1791439390	riblt	4.26	2.58	2.18	
1791439395	riblt	4.08	2.57	2.18	
1791439400	riblt	4.15	2.61	2.19	
1791439405	riblt	4.06	2.61	2.20	
1791439410	riblt	3.97	2.62	2.20	
1791439415	riblt	3.90	2.63	2.21	
1791439420	riblt	3.90	2.65	2.22	
1791439425	riblt	3.83	2.65	2.22	
1791439430	riblt	3.76	2.66	2.23	
1791439435	riblt	3.70	2.66	2.23	
1791439440	riblt	3.65	2.67	2.23	
1791439445	riblt	3.59	2.67	2.24	
1791439450	riblt	3.55	2.68	2.24	
1791439455	riblt	3.58	2.70	2.25	
1791439460	riblt	3.62	2.72	2.26	
1791439466	riblt	3.65	2.74	2.27	
1791439471	riblt	3.59	2.75	2.28	
1791439476	riblt	3.79	2.80	2.30	
1791439481	riblt	3.64	2.79	2.30	
1791439486	riblt	3.59	2.79	2.30	
1791439491	riblt	3.46	2.78	2.30	
1791439496	riblt	3.43	2.78	2.30	
1791439501	riblt	3.39	2.79	2.31	
1791439506	riblt	3.20	2.76	2.30	
1791439511	riblt	3.10	2.74	2.30	
1791439516	riblt	3.02	2.73	2.29	
1791439521	riblt	2.85	2.70	2.29	
1791439526	riblt	2.79	2.69	2.29	
1791439531	riblt	2.64	2.66	2.28	
1791439536	riblt	2.59	2.65	2.28	
1791439541	riblt	2.54	2.64	2.27	
1791439546	riblt	2.42	2.61	2.27	
1791439551	riblt	2.47	2.62	2.27	
1791439556	riblt	2.51	2.62	2.27	
1791439561	riblt	2.39	2.60	2.27	
1791439566	riblt	2.28	2.57	2.26	
1791439571	riblt	2.17	2.54	2.25	
1791439576	riblt	2.16	2.53	2.25	
1791439582	riblt	2.23	2.54	2.25	
1791439587	riblt	2.21	2.53	2.25	
1791439592	riblt	2.11	2.51	2.24	
1791439597	riblt	2.02	2.48	2.24	
1791439602	riblt	2.02	2.47	2.23	
1791439607	riblt	3.06	2.68	2.31	
1791439612	riblt	2.89	2.65	2.30	
1791439617	riblt	2.74	2.62	2.29	
1791439622	riblt	2.68	2.61	2.29	
1791439627	riblt	2.71	2.62	2.30	
1791439632	riblt	2.73	2.62	2.30	
1791439637	riblt	2.59	2.60	2.29	
1791439642	riblt	2.54	2.59	2.29	
1791439647	riblt	2.42	2.56	2.28	
1791439652	riblt	2.31	2.53	2.27	
1791439657	riblt	2.28	2.53	2.27	
1791439662	riblt	2.18	2.50	2.26	
1791439667	riblt	2.32	2.52	2.27	
1791439672	riblt	2.30	2.52	2.27	
1791439677	riblt	2.27	2.51	2.27	
1791439682	riblt	2.17	2.48	2.26	
1791439687	riblt	5.84	3.24	2.53	
1791439692	riblt	5.61	3.23	2.53	
1791439698	riblt	5.32	3.21	2.53	
1791439703	riblt	5.06	3.19	2.53	
1791439708	riblt	4.73	3.16	2.52	
1791439713	riblt	4.43	3.12	2.51	
1791439718	riblt	4.16	3.08	2.50	
1791439723	riblt	3.90	3.05	2.49	
1791439728	riblt	3.67	3.01	2.48	
1791439733	riblt	3.46	2.98	2.47	
1791439738	riblt	3.34	2.96	2.47	
1791439743	riblt	3.23	2.95	2.47	
1791439748	riblt	3.05	2.92	2.46	
1791439753	riblt	2.89	2.88	2.45	
1791439758	riblt	2.90	2.88	2.45	
1791439763	riblt	2.75	2.85	2.44	
1791439768	riblt	2.61	2.82	2.43	
1791439773	riblt	2.56	2.81	2.43	
1791439778	riblt	2.51	2.79	2.43	
1791439783	riblt	2.39	2.76	2.42	
1791439788	riblt	2.28	2.73	2.41	
1791439793	riblt	2.90	2.86	2.45	
1791439798	riblt	2.98	2.87	2.46	
1791439803	riblt	2.91	2.86	2.46	
1791439808	riblt	2.99	2.88	2.47	
1791439813	riblt	2.91	2.86	2.47	
1791439819	riblt	2.84	2.85	2.46	
1791439824	riblt	2.69	2.82	2.45	
1791439829	riblt	2.72	2.82	2.46	
1791439834	riblt	2.66	2.81	2.45	
1791439839	riblt	2.61	2.79	2.45	
1791439844	riblt	2.88	2.85	2.47	
1791439849	riblt	3.21	2.92	2.50	
1791439854	riblt	3.03	2.88	2.49	
1791439859	riblt	2.95	2.87	2.49	
1791439864	riblt	2.87	2.85	2.48	
1791439869	riblt	2.96	2.87	2.49	
1791439874	riblt	2.88	2.86	2.49	
1791439879	riblt	2.73	2.83	2.48	
1791439884	riblt	2.67	2.81	2.48	
1791439889	riblt	2.54	2.78	2.47	
1791439894	riblt	2.66	2.80	2.48	
1791439899	riblt	2.76	2.82	2.49	
1791439904	riblt	2.62	2.79	2.48	
1791439909	riblt	2.57	2.78	2.47	
1791439914	riblt	2.45	2.75	2.47	
1791439919	riblt	2.41	2.74	2.46	
1791439924	riblt	2.46	2.74	2.47	
1791439930	riblt	2.50	2.74	2.47	
1791439935	riblt	2.46	2.73	2.47	
1791439940	riblt	2.42	2.72	2.46	
1791439945	riblt	2.39	2.71	2.46	
1791439950	riblt	2.36	2.69	2.46	
1791439955	riblt	2.33	2.68	2.45	
1791439960	riblt	2.30	2.67	2.45	
1791439965	riblt	2.20	2.64	2.44	
1791439970	riblt	2.10	2.62	2.43	
1791439975	riblt	2.25	2.64	2.44	
1791439980	riblt	2.23	2.63	2.44	
1791439985	riblt	2.13	2.60	2.43	
1791439990	riblt	2.04	2.57	2.42	
1791439995	riblt	2.12	2.58	2.42	
1791440000	riblt	2.11	2.57	2.42	
1791440005	riblt	2.10	2.56	2.42	
1791440010	riblt	2.01	2.53	2.41	
1791440015	riblt	2.01	2.52	2.41	
1791440020	riblt	2.09	2.53	2.41	
1791440025	riblt	2.08	2.52	2.41	
1791440030	riblt	2.08	2.51	2.41	
1791440035	riblt	2.07	2.51	2.40	
1791440040	riblt	2.06	2.50	2.40	
1791440046	riblt	1.98	2.47	2.39	
1791440051	riblt	1.98	2.46	2.39	
1791440056	riblt	1.90	2.44	2.38	
1791440061	riblt	1.99	2.45	2.39	
1791440066	riblt	1.99	2.44	2.38	
1791440071	riblt	1.91	2.42	2.38	
1791440076	riblt	1.84	2.39	2.37	
1791440081	riblt	1.77	2.37	2.36	
1791440086	riblt	1.71	2.35	2.35	
1791440091	riblt	1.73	2.34	2.35	
1791440096	riblt	1.67	2.32	2.34	
1791440101	riblt	1.62	2.30	2.33	
1791440106	riblt	1.57	2.27	2.32	
1791440111	riblt	1.60	2.27	2.32	
1791440116	riblt	2.03	2.34	2.35	
1791440121	riblt	1.95	2.32	2.34	
1791440126	riblt	1.95	2.31	2.34	
1791440131	riblt	1.88	2.29	2.33	
1791440136	riblt	1.81	2.27	2.32	
1791440141	riblt	1.74	2.25	2.31	
1791440146	riblt	1.76	2.24	2.31	
1791440151	riblt	1.70	2.22	2.30	
1791440157	riblt	1.64	2.20	2.29	
1791440162	riblt	1.67	2.20	2.29	
1791440167	riblt	1.70	2.20	2.29	
1791440172	riblt	1.72	2.19	2.29	
1791440177	riblt	1.74	2.19	2.29	
1791440182	riblt	1.76	2.19	2.28	
1791440187	riblt	1.78	2.18	2.28	
1791440192	riblt	1.80	2.18	2.28	
1791440197	riblt	1.82	2.18	2.28	
1791440202	riblt	1.75	2.16	2.27	
1791440207	riblt	1.69	2.14	2.26	
1791440212	riblt	1.95	2.18	2.28	
1791440217	riblt	1.96	2.18	2.28	
1791440222	riblt	1.88	2.16	2.27	
1791440227	riblt	1.89	2.16	2.27	
1791440232	riblt	1.82	2.14	2.26	
1791440237	riblt	1.75	2.12	2.25	
1791440242	riblt	1.77	2.12	2.25	
1791440247	riblt	1.79	2.11	2.25	
1791440252	riblt	1.81	2.11	2.25	
1791440257	riblt	1.82	2.11	2.24	
1791440262	riblt	1.84	2.11	2.24	
1791440267	riblt	1.85	2.11	2.24	
1791440273	riblt	1.78	2.09	2.23	
1791440278	riblt	1.80	2.09	2.23	
1791440283	riblt	1.73	2.07	2.23	
1791440288	riblt	1.67	2.05	2.22	
1791440293	riblt	1.62	2.03	2.21	
1791440298	riblt	1.73	2.05	2.22	
1791440303	riblt	1.75	2.05	2.21	
1791440308	riblt	1.77	2.05	2.21	
1791440313	riblt	1.79	2.05	2.21	
1791440318	riblt	1.73	2.03	2.20	
1791440323	riblt	1.75	2.03	2.20	
1791440328	riblt	1.77	2.03	2.20	
1791440333	riblt	1.71	2.01	2.19	
1791440338	riblt	1.65	1.99	2.19	
1791440343	riblt	1.60	1.98	2.18	
1791440348	riblt	1.63	1.98	2.18	
1791440353	riblt	1.58	1.96	2.17	
1791440358	riblt	1.53	1.94	2.16	
1791440363	riblt	1.49	1.93	2.16	
1791440368	riblt	1.53	1.93	2.15	
1791440373	riblt	1.65	1.95	2.16	
1791440378	riblt	1.68	1.95	2.16	
1791440384	riblt	1.70	1.95	2.16	
1791440389	riblt	1.81	1.96	2.16	
1791440394	riblt	1.74	1.95	2.16	
1791440399	riblt	1.68	1.93	2.15	
1791440404	riblt	1.71	1.93	2.15	
1791440409	riblt	1.65	1.92	2.14	
1791440414	riblt	1.60	1.90	2.13	
1791440419	riblt	1.55	1.89	2.13	
1791440424	riblt	1.58	1.89	2.13	
1791440429	riblt	1.54	1.87	2.12	
1791440434	riblt	1.57	1.87	2.12	
1791440439	riblt	1.69	1.89	2.12	
1791440444	riblt	1.63	1.88	2.12	
1791440449	riblt	1.82	1.91	2.13	
1791440454	riblt	1.84	1.91	2.13	
1791440459	riblt	1.85	1.92	2.13	
1791440464	riblt	1.86	1.92	2.12	
1791440469	riblt	1.87	1.92	2.12	
1791440474	riblt	1.80	1.90	2.12	
1791440479	riblt	1.90	1.92	2.12	
1791440484	riblt	1.91	1.92	2.12	
1791440489	riblt	1.83	1.90	2.11	
1791440494	riblt	1.85	1.91	2.11	
1791440500	riblt	1.86	1.91	2.11	
1791440505	riblt	1.87	1.91	2.11	
1791440510	riblt	1.88	1.91	2.11	
1791440515	riblt	1.89	1.91	2.11	
1791440520	riblt	1.90	1.91	2.11	
1791440525	riblt	2.07	1.95	2.12	
1791440530	riblt	2.14	1.96	2.12	
1791440535	riblt	2.13	1.96	2.12	
1791440540	riblt	2.04	1.95	2.12	
1791440545	riblt	2.03	1.95	2.11	
1791440550	riblt	1.95	1.93	2.11	
1791440555	riblt	1.96	1.93	2.11	
1791440560	riblt	1.96	1.94	2.11	
1791440565	riblt	1.96	1.94	2.10	
1791440570	riblt	1.88	1.92	2.10	
1791440575	riblt	1.89	1.92	2.10	
1791440580	riblt	2.06	1.96	2.11	
1791440585	riblt	2.06	1.96	2.11	
1791440590	riblt	1.97	1.94	2.10	
1791440595	riblt	1.97	1.94	2.10	
1791440600	riblt	1.98	1.94	2.10	
1791440605	riblt	1.98	1.94	2.10	
1791440611	riblt	1.98	1.94	2.10	
1791440616	riblt	1.98	1.94	2.10	
1791440621	riblt	1.90	1.93	2.09	
1791440626	riblt	1.91	1.93	2.09	
1791440631	riblt	1.92	1.93	2.09	
1791440636	riblt	1.84	1.91	2.08	
1791440641	riblt	1.85	1.91	2.08	
1791440646	riblt	1.87	1.92	2.08	
1791440651	riblt	1.80	1.90	2.07	
1791440656	riblt	1.81	1.90	2.07	
1791440661	riblt	1.75	1.89	2.07	
1791440666	riblt	1.85	1.90	2.07	
1791440671	riblt	1.86	1.91	2.07	
1791440676	riblt	1.87	1.91	2.07	
1791440681	riblt	1.96	1.93	2.08	
1791440686	riblt	1.96	1.93	2.07	
1791440691	riblt	1.97	1.93	2.07	
1791440696	riblt	1.89	1.91	2.07	
1791440701	riblt	1.82	1.90	2.06	
1791440706	riblt	1.83	1.90	2.06	
1791440711	riblt	1.84	1.90	2.06	
1791440716	riblt	1.86	1.90	2.06	
1791440721	riblt	1.87	1.90	2.06	
1791440727	riblt	1.96	1.92	2.06	
1791440732	riblt	1.96	1.92	2.06	
1791440737	riblt	1.96	1.92	2.06	
1791440742	riblt	2.05	1.94	2.07	
1791440747	riblt	2.04	1.94	2.07	
1791440752	riblt	1.96	1.93	2.06	
1791440757	riblt	1.88	1.91	2.06	
1791440762	riblt	2.13	1.96	2.07	
1791440767	riblt	2.12	1.96	2.07	
1791440772	riblt	2.03	1.95	2.07	
1791440777	riblt	1.95	1.93	2.06	
1791440782	riblt	1.87	1.91	2.05	
1791440787	riblt	1.96	1.93	2.06	
1791440792	riblt	1.96	1.93	2.06	
1791440797	riblt	1.97	1.93	2.06	
1791440802	riblt	1.97	1.93	2.06	
1791440807	riblt	1.97	1.94	2.06	
1791440812	riblt	1.89	1.92	2.05	
1791440817	riblt	1.90	1.92	2.05	
1791440822	riblt	1.91	1.92	2.05	
1791440827	riblt	1.92	1.92	2.05	
1791440832	riblt	2.00	1.94	2.05	
1791440837	riblt	1.92	1.92	2.05	
1791440843	riblt	1.93	1.93	2.05	
1791440848	riblt	1.85	1.91	2.04	
1791440853	riblt	1.87	1.91	2.04	
1791440858	riblt	1.88	1.91	2.04	
1791440863	riblt	1.89	1.91	2.04	
1791440868	riblt	1.89	1.91	2.04	
1791440873	riblt	1.82	1.90	2.03	
1791440878	riblt	1.84	1.90	2.03	
1791440883	riblt	1.77	1.89	2.03	
1791440888	riblt	1.79	1.89	2.03	
1791440893	riblt	1.72	1.87	2.02	
1791440898	riblt	1.67	1.86	2.01	
1791440903	riblt	1.61	1.84	2.01	
1791440908	riblt	1.56	1.83	2.00	
1791440913	riblt	1.52	1.81	1.99	
1791440918	riblt	1.56	1.82	1.99	
1791440923	riblt	1.51	1.80	1.99	
1791440928	riblt	1.55	1.81	1.99	
1791440933	riblt	1.59	1.81	1.99	
1791440938	riblt	1.54	1.80	1.98	
1791440943	riblt	1.66	1.81	1.99	
1791440948	riblt	1.68	1.82	1.99	
1791440954	riblt	1.63	1.80	1.98	
1791440959	riblt	1.58	1.79	1.98	
1791440964	riblt	1.53	1.78	1.97	
1791440969	riblt	1.57	1.78	1.97	
1791440974	riblt	1.60	1.78	1.97	
1791440979	riblt	1.63	1.79	1.97	
1791440984	riblt	1.58	1.77	1.96	
1791440989	riblt	1.62	1.78	1.96	
1791440994	riblt	1.65	1.78	1.96	
1791440999	riblt	1.59	1.77	1.96	
1791441004	riblt	1.63	1.77	1.96	
1791441009	riblt	1.66	1.77	1.96	
1791441014	riblt	1.68	1.78	1.96	
1791441019	riblt	1.87	1.81	1.97	
1791441024	riblt	1.88	1.82	1.97	
1791441029	riblt	1.81	1.80	1.96	
1791441034	riblt	1.90	1.82	1.97	
1791441039	riblt	1.91	1.83	1.97	
1791441044	riblt	1.92	1.83	1.97	
1791441049	riblt	1.92	1.83	1.97	
1791441054	riblt	2.17	1.89	1.99	
1791441059	riblt	2.08	1.87	1.98	
1791441065	riblt	1.99	1.86	1.98	
1791441070	riblt	1.99	1.86	1.98	
1791441075	riblt	1.91	1.84	1.97	
1791441080	riblt	1.84	1.83	1.96	
1791441085	riblt	1.85	1.83	1.96	
1791441090	riblt	1.78	1.82	1.96	
1791441095	riblt	1.80	1.82	1.96	
1791441100	riblt	1.81	1.82	1.96	
1791441105	riblt	1.83	1.83	1.96	
1791441110	riblt	1.76	1.81	1.95	
1791441115	riblt	1.70	1.80	1.95	
1791441120	riblt	1.72	1.80	1.95	
1791441125	riblt	1.75	1.80	1.95	
1791441130	riblt	1.77	1.81	1.95	
1791441135	riblt	1.71	1.79	1.94	
1791441140	riblt	1.73	1.80	1.94	
1791441145	riblt	1.75	1.80	1.94	
1791441150	riblt	1.77	1.80	1.94	
1791441155	riblt	1.79	1.81	1.94	
1791441160	riblt	1.72	1.79	1.94	
1791441165	riblt	1.75	1.80	1.94	
1791441170	riblt	1.85	1.81	1.94	
1791441175	riblt	2.02	1.85	1.95	
1791441180	riblt	2.02	1.85	1.95	
1791441186	riblt	2.02	1.86	1.95	
1791441191	riblt	2.25	1.91	1.97	
1791441196	riblt	2.23	1.91	1.97	
1791441201	riblt	2.13	1.89	1.96	
1791441206	riblt	2.12	1.90	1.96	
1791441211	riblt	2.11	1.90	1.96	
1791441216	riblt	2.10	1.90	1.96	
1791441221	riblt	2.02	1.88	1.96	
1791441226	riblt	2.01	1.88	1.96	
1791441231	riblt	1.93	1.87	1.95	
1791441236	riblt	1.94	1.87	1.95	
1791441241	riblt	1.86	1.86	1.95	
1791441246	riblt	1.87	1.86	1.95	
1791441251	riblt	1.88	1.86	1.95	
1791441256	riblt	1.81	1.85	1.94	
1791441261	riblt	1.83	1.85	1.94	
1791441266	riblt	1.84	1.85	1.94	
1791441271	riblt	1.85	1.85	1.94	
1791441276	riblt	1.86	1.85	1.94	
1791441281	riblt	1.96	1.87	1.95	
1791441286	riblt	1.88	1.86	1.94	
1791441291	riblt	1.81	1.84	1.94	
1791441297	riblt	2.06	1.90	1.95	
1791441302	riblt	1.98	1.88	1.95	
1791441307	riblt	1.90	1.87	1.94	
1791441312	riblt	1.83	1.85	1.94	
1791441317	riblt	1.84	1.85	1.94	
1791441322	riblt	1.77	1.84	1.93	
1791441327	riblt	1.87	1.86	1.94	
1791441332	riblt	1.80	1.84	1.93	
1791441337	riblt	1.82	1.85	1.93	
1791441342	riblt	1.83	1.85	1.93	
1791441347	riblt	1.76	1.83	1.92	
1791441352	riblt	1.70	1.82	1.92	
1791441357	riblt	1.73	1.82	1.92	
1791441362	riblt	1.67	1.81	1.91	
1791441367	riblt	1.69	1.81	1.91	
1791441372	riblt	1.72	1.82	1.91	
1791441377	riblt	1.66	1.80	1.91	
1791441382	riblt	1.77	1.82	1.91	
1791441387	riblt	1.79	1.82	1.91	
1791441392	riblt	1.72	1.81	1.91	
1791441397	riblt	1.75	1.81	1.91	
1791441402	riblt	1.77	1.82	1.91	
1791441408	riblt	1.70	1.80	1.90	
1791441413	riblt	1.73	1.81	1.91	
1791441418	riblt	1.75	1.81	1.91	
1791441423	riblt	2.01	1.86	1.92	
1791441428	riblt	1.93	1.85	1.92	
1791441433	riblt	1.93	1.85	1.92	
1791441438	riblt	1.86	1.83	1.91	
1791441443	riblt	1.87	1.84	1.91	
1791441448	riblt	1.88	1.84	1.91	
1791441453	riblt	1.89	1.84	1.91	
1791441458	riblt	1.90	1.84	1.91	
1791441463	riblt	1.83	1.83	1.91	
1791441468	riblt	1.76	1.82	1.90	
1791441473	riblt	1.86	1.84	1.91	
1791441478	riblt	1.79	1.82	1.90	
1791441483	riblt	1.89	1.84	1.91	
1791441488	riblt	1.81	1.83	1.91	
1791441493	riblt	1.83	1.83	1.91	
1791441498	riblt	1.76	1.81	1.90	
1791441503	riblt	1.78	1.82	1.90	
1791441508	riblt	1.80	1.82	1.90	
1791441513	riblt	1.81	1.82	1.90	
1791441518	riblt	1.75	1.81	1.90	
1791441524	riblt	1.85	1.83	1.90	
1791441529	riblt	1.86	1.83	1.90	
1791441534	riblt	1.95	1.85	1.91	
1791441539	riblt	1.96	1.85	1.91	
1791441544	riblt	1.96	1.85	1.91	
1791441549	riblt	1.96	1.86	1.91	
1791441554	riblt	2.04	1.88	1.92	
1791441559	riblt	1.96	1.86	1.91	
1791441564	riblt	1.88	1.85	1.91	
1791441569	riblt	1.89	1.85	1.91	
1791441574	riblt	1.82	1.83	1.90	
1791441579	riblt	1.75	1.82	1.90	
1791441584	riblt	1.85	1.84	1.90	
1791441589	riblt	1.87	1.84	1.90	
1791441594	riblt	1.80	1.83	1.90	
1791441599	riblt	1.73	1.81	1.89	
1791441604	riblt	1.75	1.82	1.89	
1791441609	riblt	1.69	1.80	1.89	
1791441614	riblt	1.72	1.81	1.89	
1791441619	riblt	1.66	1.79	1.88	
1791441624	riblt	1.61	1.78	1.88	
1791441629	riblt	1.64	1.78	1.88	
1791441635	riblt	1.59	1.77	1.87	
1791441640	riblt	1.62	1.77	1.87	
1791441645	riblt	1.57	1.76	1.87	
1791441650	riblt	1.52	1.75	1.86	
1791441655	riblt	1.56	1.75	1.86	
1791441660	riblt	1.52	1.74	1.86	
1791441665	riblt	1.63	1.76	1.86	
1791441670	riblt	1.58	1.75	1.86	
1791441675	riblt	1.54	1.73	1.85	
1791441680	riblt	1.57	1.74	1.85	
1791441685	riblt	1.53	1.73	1.85	
1791441690	riblt	1.48	1.71	1.84	
1791441695	riblt	1.45	1.70	1.84	
1791441700	riblt	1.49	1.71	1.84	
1791441705	riblt	1.53	1.71	1.84	
1791441710	riblt	1.57	1.71	1.84	
1791441715	riblt	1.60	1.72	1.84	
1791441720	riblt	1.87	1.77	1.86	
1791441725	riblt	1.80	1.76	1.85	
1791441730	riblt	1.82	1.76	1.85	
1791441735	riblt	1.83	1.77	1.85	
1791441740	riblt	1.85	1.77	1.85	
1791441745	riblt	1.86	1.77	1.85	
1791441751	riblt	1.79	1.76	1.85	
1791441756	riblt	1.81	1.77	1.85	
1791441761	riblt	1.74	1.75	1.84	
1791441766	riblt	1.76	1.76	1.84	
1791441771	riblt	1.70	1.74	1.84	
1791441776	riblt	1.64	1.73	1.83	
1791441781	riblt	1.75	1.75	1.84	
1791441786	riblt	1.77	1.76	1.84	
1791441791	riblt	1.71	1.74	1.83	
1791441796	riblt	1.65	1.73	1.83	
1791441801	riblt	1.68	1.73	1.83	
1791441806	riblt	1.71	1.74	1.83	
1791441811	riblt	1.73	1.74	1.83	
1791441816	riblt	1.67	1.73	1.83	
1791441821	riblt	1.62	1.72	1.82	
1791441826	riblt	1.57	1.71	1.82	
1791441831	riblt	1.52	1.69	1.81	
1791441836	riblt	1.64	1.72	1.82	
1791441841	riblt	1.59	1.70	1.81	
1791441846	riblt	1.62	1.71	1.82	
1791441851	riblt	1.57	1.70	1.81	
1791441856	riblt	1.69	1.72	1.82	
1791441862	riblt	1.63	1.71	1.81	
1791441867	riblt	1.58	1.69	1.81	
1791441872	riblt	1.61	1.70	1.81	
1791441877	riblt	1.64	1.70	1.81	
1791441882	riblt	1.67	1.71	1.81	
1791441887	riblt	1.70	1.71	1.81	
1791441892	riblt	1.72	1.72	1.81	
1791441897	riblt	1.74	1.72	1.81	
1791441902	riblt	1.76	1.73	1.81	
1791441907	riblt	1.70	1.71	1.81	
1791441912	riblt	1.65	1.70	1.81	
1791441917	riblt	1.59	1.69	1.80	
1791441922	riblt	1.63	1.69	1.80	
1791441927	riblt	1.58	1.68	1.80	
1791441932	riblt	1.61	1.69	1.80	
1791441937	riblt	1.80	1.73	1.81	
1791441942	riblt	1.90	1.75	1.82	
1791441947	riblt	1.82	1.73	1.81	
1791441952	riblt	1.84	1.74	1.81	
1791441957	riblt	2.01	1.78	1.83	
1791441962	riblt	2.01	1.78	1.83	
1791441967	riblt	1.93	1.77	1.82	
1791441972	riblt	1.93	1.77	1.82	
1791441978	riblt	1.94	1.77	1.82	
1791441983	riblt	1.86	1.76	1.82	
1791441988	riblt	1.87	1.76	1.82	
1791441993	riblt	1.90	1.77	1.82	
1791441998	riblt	1.91	1.77	1.82	
1791442003	riblt	1.83	1.76	1.82	
1791442008	riblt	1.77	1.75	1.81	
1791442013	riblt	1.71	1.74	1.81	
1791442018	riblt	1.81	1.76	1.81	
1791442023	riblt	1.75	1.74	1.81	
1791442028	riblt	1.77	1.75	1.81	
1791442033	riblt	1.78	1.75	1.81	
1791442038	riblt	1.80	1.76	1.81	
1791442043	riblt	1.82	1.76	1.81	
1791442048	riblt	1.83	1.76	1.81	
1791442053	riblt	1.84	1.77	1.82	
1791442058	riblt	1.78	1.75	1.81	
1791442063	riblt	1.71	1.74	1.81	
1791442068	riblt	1.66	1.73	1.80	
1791442073	riblt	1.68	1.73	1.80	
1791442078	riblt	1.71	1.74	1.80	
1791442083	riblt	1.65	1.72	1.80	
1791442089	riblt	1.68	1.73	1.80	
1791442094	riblt	1.62	1.72	1.79	
1791442099	riblt	1.65	1.72	1.80	
1791442104	riblt	1.76	1.74	1.80	
1791442109	riblt	1.78	1.75	1.80	
1791442114	riblt	1.72	1.73	1.80	
1791442119	riblt	1.74	1.74	1.80	
1791442124	riblt	1.76	1.74	1.80	
1791442129	riblt	1.78	1.75	1.80	
1791442134	riblt	1.72	1.73	1.80	
1791442139	riblt	1.82	1.75	1.80	
1791442144	riblt	1.83	1.76	1.80	
1791442149	riblt	1.93	1.78	1.81	
1791442154	riblt	1.93	1.78	1.81	
1791442159	riblt	1.94	1.79	1.81	
1791442164	riblt	1.86	1.77	1.81	
1791442169	riblt	1.87	1.78	1.81	
1791442174	riblt	1.88	1.78	1.81	
1791442179	riblt	1.89	1.78	1.81	
1791442184	riblt	1.90	1.79	1.81	
1791442189	riblt	1.91	1.79	1.81	
1791442194	riblt	2.08	1.83	1.83	
1791442200	riblt	1.99	1.81	1.82	
1791442205	riblt	1.91	1.80	1.82	
1791442210	riblt	1.92	1.80	1.82	
1791442215	riblt	1.84	1.79	1.81	
1791442220	riblt	1.77	1.77	1.81	
1791442225	riblt	1.79	1.78	1.81	
1791442230	riblt	1.81	1.78	1.81	
1791442235	riblt	1.74	1.77	1.80	
1791442240	riblt	1.76	1.77	1.81	
1791442245	riblt	1.70	1.76	1.80	
1791442250	riblt	1.65	1.75	1.80	
1791442255	riblt	1.59	1.73	1.79	
1791442260	riblt	1.63	1.74	1.79	
1791442265	riblt	1.58	1.72	1.79	
1791442270	riblt	1.61	1.73	1.79	
1791442275	riblt	1.56	1.72	1.78	
1791442280	riblt	1.52	1.70	1.78	
1791442285	riblt	1.55	1.71	1.78	
1791442290	riblt	1.59	1.71	1.78	
1791442295	riblt	1.54	1.70	1.77	
1791442300	riblt	1.66	1.72	1.78	
1791442305	riblt	1.61	1.71	1.78	
1791442311	riblt	1.64	1.71	1.78	
1791442316	riblt	1.67	1.72	1.78	
1791442321	riblt	1.61	1.71	1.77	
1791442326	riblt	1.80	1.74	1.79	
1791442331	riblt	1.74	1.73	1.78	
1791442336	riblt	1.68	1.72	1.78	
1791442341	riblt	1.62	1.71	1.77	
1791442346	riblt	1.65	1.71	1.77	
1791442351	riblt	1.60	1.70	1.77	
1791442356	riblt	1.63	1.70	1.77	
1791442361	riblt	1.58	1.69	1.76	
1791442366	riblt	1.54	1.68	1.76	
1791442371	riblt	1.49	1.67	1.75	
1791442376	riblt	1.53	1.67	1.76	
1791442381	riblt	1.49	1.66	1.75	
1791442386	riblt	1.53	1.67	1.75	
1791442391	riblt	1.49	1.66	1.75	
1791442396	riblt	1.45	1.65	1.74	
1791442401	riblt	1.49	1.65	1.74	
1791442406	riblt	1.61	1.67	1.75	
1791442411	riblt	1.64	1.68	1.75	
1791442416	riblt	1.59	1.67	1.75	
1791442421	riblt	1.62	1.67	1.75	
1791442427	riblt	1.65	1.68	1.75	
1791442432	riblt	1.68	1.68	1.75	
1791442437	riblt	1.79	1.71	1.76	
1791442442	riblt	1.72	1.69	1.75	
1791442447	riblt	1.67	1.68	1.75	
1791442452	riblt	1.61	1.67	1.74	
1791442457	riblt	1.56	1.66	1.74	
1791442462	riblt	1.60	1.66	1.74	
1791442467	riblt	1.63	1.67	1.74	
1791442472	riblt	1.66	1.67	1.74	
1791442477	riblt	1.77	1.70	1.75	
1791442482	riblt	1.70	1.69	1.75	
1791442487	riblt	1.73	1.69	1.75	
1791442492	riblt	1.67	1.68	1.74	
1791442497	riblt	1.62	1.67	1.74	
1791442502	riblt	1.57	1.66	1.73	
1791442507	agm	1.60	1.66	1.74	
1791442512	agm	1.63	1.67	1.74	
1791442517	agm	2.46	1.84	1.80	
1791442522	agm	2.43	1.84	1.80	
1791442527	agm	2.39	1.84	1.80	
1791442532	agm	2.28	1.83	1.79	
1791442537	agm	2.26	1.83	1.80	
1791442543	agm	2.32	1.85	1.80	
1791442548	agm	2.29	1.85	1.80	
1791442553	agm	2.27	1.85	1.80	
1791442558	agm	2.17	1.84	1.80	
1791442563	agm	2.23	1.86	1.81	
1791442568	agm	2.37	1.89	1.82	
1791442573	agm	2.42	1.91	1.83	
1791442578	agm	2.39	1.91	1.83	
1791442583	agm	2.44	1.93	1.83	
1791442588	agm	2.32	1.92	1.83	
1791442593	sieve	2.46	1.95	1.84	
1791442598	sieve	2.42	1.95	1.84	
1791442603	sieve	2.31	1.93	1.84	
1791442608	sieve	2.20	1.92	1.83	
1791442613	sieve	2.19	1.92	1.83	
1791442618	sieve	2.17	1.92	1.83	
1791442623	sieve	2.16	1.92	1.83	
1791442629	sieve	2.14	1.92	1.83	
1791442634	sieve	2.13	1.92	1.83	
1791442639	sieve	2.04	1.91	1.83	
1791442644	sieve	1.96	1.89	1.82	
1791442649	sieve	1.96	1.89	1.83	
1791442654	sieve	1.88	1.88	1.82	
1791442659	sieve	1.89	1.88	1.82	
1791442664	sieve	1.90	1.88	1.82	
1791442669	sieve	1.99	1.90	1.83	
1791442674	sieve	1.91	1.89	1.82	
1791442679	sieve	2.00	1.90	1.83	
1791442684	sieve	2.08	1.92	1.84	
1791442689	sieve	2.07	1.92	1.84	
1791442694	sieve	2.14	1.94	1.85	
1791442699	sieve	2.05	1.92	1.84	
1791442704	sieve	2.13	1.94	1.85	
1791442709	sieve	2.12	1.94	1.85	
1791442714	sieve	2.03	1.93	1.84	
1791442719	sieve	2.03	1.93	1.84	
1791442724	sieve	1.94	1.91	1.84	
1791442729	sieve	1.95	1.91	1.84	
1791442735	sieve	1.95	1.91	1.84	
1791442740	sieve	1.96	1.92	1.84	
1791442745	sieve	1.96	1.92	1.84	
1791442750	sieve	1.96	1.92	1.84	
1791442755	sieve	1.96	1.92	1.84	
1791442760	sieve	1.97	1.92	1.84	
1791442765	sieve	1.89	1.90	1.83	
1791442770	sieve	1.82	1.89	1.83	
1791442775	sieve	1.75	1.87	1.82	
1791442780	sieve	1.69	1.86	1.82	
1791442785	sieve	1.64	1.84	1.81	
1791442790	sieve	1.66	1.85	1.82	
1791442795	sieve	1.85	1.88	1.83	
1791442800	sieve	1.86	1.88	1.83	
1791442805	sieve	1.87	1.89	1.83	
1791442810	sieve	1.96	1.90	1.84	
1791442815	sieve	1.97	1.90	1.84	
1791442820	curvegen	1.97	1.91	1.84	
1791442825	curvegen	1.97	1.91	1.84	
1791442830	curvegen	1.89	1.89	1.83	
1791442835	curvegen	1.90	1.89	1.83	
1791442840	curvegen	1.83	1.88	1.83	
1791442845	curvegen	1.76	1.86	1.82	
1791442851	curvegen	1.78	1.87	1.82	
1791442856	curvegen	1.88	1.88	1.83	
1791442861	curvegen	1.81	1.87	1.83	
1791442866	curvegen	2.16	1.94	1.85	
1791442871	curvegen	2.15	1.94	1.85	
1791442876	curvegen	2.14	1.94	1.85	
1791442881	curvegen	2.13	1.94	1.85	
1791442886	curvegen	2.12	1.94	1.85	
1791442891	curvegen	2.11	1.94	1.85	
1791442896	curvegen	2.18	1.96	1.86	
1791442901	curvegen	2.08	1.94	1.86	
1791442906	curvegen	2.08	1.94	1.86	
1791442911	curvegen searches	1.99	1.93	1.85	
1791442916	curvegen searches	1.99	1.93	1.85	
1791442921	curvegen searches	1.91	1.91	1.85	
1791442926	curvegen searches	1.92	1.92	1.85	
1791442931	curvegen searches	1.92	1.92	1.85	
1791442936	curvegen searches	1.85	1.90	1.84	
1791442941	curvegen searches	2.02	1.94	1.85	
1791442946	curvegen searches	2.02	1.94	1.85	
1791442951	curvegen searches	2.02	1.94	1.85	
1791442956	curvegen searches	1.94	1.92	1.85	
1791442962	curvegen searches	2.02	1.94	1.86	
1791442967	curvegen searches	2.02	1.94	1.86	
1791442972	curvegen searches	1.94	1.92	1.85	
1791442977	curvegen searches	1.94	1.93	1.85	
1791442982	curvegen searches	1.87	1.91	1.85	
1791442987	curvegen searches	1.88	1.91	1.85	
1791442992	curvegen searches	1.89	1.91	1.85	
1791442997	curvegen searches	1.82	1.90	1.84	
1791443002	curvegen searches	1.83	1.90	1.84	
1791443007	curvegen searches	1.84	1.90	1.84	
1791443012	curvegen searches	1.78	1.88	1.84	
1791443017	curvegen searches	2.27	1.99	1.87	
1791443022	curvegen searches	2.25	1.99	1.87	
1791443027	curvegen searches	2.23	1.99	1.87	
1791443032	curvegen searches	2.29	2.00	1.88	
1791443037	curvegen searches	2.27	2.00	1.88	
1791443042	curvegen searches	2.33	2.02	1.89	
1791443047	curvegen searches	2.30	2.02	1.89	
1791443052	curvegen searches	2.28	2.02	1.89	
1791443057	curvegen searches	2.33	2.03	1.89	
1791443063	curvegen searches	2.39	2.05	1.90	
1791443068	curvegen searches	2.44	2.06	1.91	
1791443073	curvegen searches	2.32	2.05	1.90	
1791443078	curvegen searches	2.21	2.03	1.90	
1791443083	curvegen searches	2.20	2.03	1.90	
1791443088	curvegen searches	2.26	2.04	1.90	
1791443093	curvegen searches	2.24	2.04	1.90	
1791443098	curvegen searches	2.30	2.06	1.91	
1791443103	curvegen searches	2.36	2.07	1.92	
1791443108	curvegen searches	2.41	2.09	1.92	
1791443113	curvegen searches	2.46	2.10	1.93	
1791443118	curvegen searches	2.58	2.14	1.94	
1791443123	curvegen searches	2.61	2.15	1.95	
1791443128	curvegen searches	2.72	2.18	1.96	
1791443133	curvegen searches	2.75	2.19	1.96	
1791443138	curvegen searches	2.77	2.21	1.97	
1791443143	curvegen searches	2.78	2.22	1.98	
1791443148	idle after	2.72	2.21	1.98	
1791443153	idle after	2.66	2.21	1.98	
1791443158	idle after	2.61	2.21	1.98	
1791443163	idle after	2.64	2.22	1.98	
1791443169	idle after	2.67	2.23	1.99	
